title,category,slug,soc_code,median_pay_annual,median_pay_source,median_pay_hourly,entry_education,work_experience,training,num_jobs_2024,projected_employment_2034,outlook_pct,outlook_desc,outlook_source,employment_change,exposure,exposure_rationale,url
Occupational groups total,S,occupational-groups-total,SSSSS,,,,,,,2417365,,,,,,,,
0  Armed forces (Level 1),0,0-armed-forces-level-1,0,58488,wages_statfin,,,,,8744,,,,,,4,"This armed forces occupation has moderate AI exposure. While some tasks (particularly administrative and routine aspects) are susceptible to automation, the role requires physical presence, manual skills, or interpersonal interaction that provides a buffer against full automation.",
01 Commissioned armed forces officers (Level 2),0,01-commissioned-armed-forces-officers-level-2,01,66408,wages_statfin,,,,,5129,,,,,,4,"This armed forces occupation has moderate AI exposure. While some tasks (particularly administrative and routine aspects) are susceptible to automation, the role requires physical presence, manual skills, or interpersonal interaction that provides a buffer against full automation.",
011 Commissioned armed forces officers (Level 3),0,011-commissioned-armed-forces-officers-level-3,011,66408,wages_statfin,,,,,5129,,,,,,4,"This armed forces occupation has moderate AI exposure. While some tasks (particularly administrative and routine aspects) are susceptible to automation, the role requires physical presence, manual skills, or interpersonal interaction that provides a buffer against full automation.",
0110 Commissioned armed forces officers (Level 4),0,0110-commissioned-armed-forces-officers-level-4,0110,66408,wages_statfin,,Bachelor's degree + military training,None,Military academy,5129,,-5,Recruitment difficult,extras_csv,,4,"This armed forces occupation has moderate AI exposure. While some tasks (particularly administrative and routine aspects) are susceptible to automation, the role requires physical presence, manual skills, or interpersonal interaction that provides a buffer against full automation.",
0110. Commissioned armed forces officers (Level 5),0,0110-commissioned-armed-forces-officers-level-5,0110.,66408,wages_statfin,,Bachelor's degree + military training,None,Military academy,5129,,-5,Recruitment difficult,extras_csv,,4,"This armed forces occupation has moderate AI exposure. While some tasks (particularly administrative and routine aspects) are susceptible to automation, the role requires physical presence, manual skills, or interpersonal interaction that provides a buffer against full automation.",
02 Non-commissioned armed forces officers (Level 2),0,02-non-commissioned-armed-forces-officers-level-2,02,51036,wages_statfin,,,,,3439,,,,,,4,"This armed forces occupation has moderate AI exposure. While some tasks (particularly administrative and routine aspects) are susceptible to automation, the role requires physical presence, manual skills, or interpersonal interaction that provides a buffer against full automation.",
021 Non-commissioned armed forces officers (Level 3),0,021-non-commissioned-armed-forces-officers-level-3,021,51036,wages_statfin,,,,,3439,,,,,,4,"This armed forces occupation has moderate AI exposure. While some tasks (particularly administrative and routine aspects) are susceptible to automation, the role requires physical presence, manual skills, or interpersonal interaction that provides a buffer against full automation.",
0210 Non-commissioned armed forces officers (Level 4),0,0210-non-commissioned-armed-forces-officers-level-4,0210,51036,wages_statfin,,Bachelor's degree + military training,None,Military academy,3439,,-5,Recruitment difficult,extras_csv,,4,"This armed forces occupation has moderate AI exposure. While some tasks (particularly administrative and routine aspects) are susceptible to automation, the role requires physical presence, manual skills, or interpersonal interaction that provides a buffer against full automation.",
0210. Non-commissioned armed forces officers (Level 5),0,0210-non-commissioned-armed-forces-officers-level-5,0210.,51036,wages_statfin,,Bachelor's degree + military training,None,Military academy,3439,,-5,Recruitment difficult,extras_csv,,4,"This armed forces occupation has moderate AI exposure. While some tasks (particularly administrative and routine aspects) are susceptible to automation, the role requires physical presence, manual skills, or interpersonal interaction that provides a buffer against full automation.",
"03 Armed forces occupations, other ranks (Level 2)",0,03-armed-forces-occupations-other-ranks-level-2,03,32616,wages_statfin,,,,,176,,,,,,3,"This armed forces occupation has low AI exposure. The work is primarily physical and hands-on, requiring manual dexterity, real-time physical coordination, or outdoor work in unpredictable environments. AI's impact is limited to peripheral support functions.",
"031 Armded forces occupations, other ranks (Level 3)",0,031-armded-forces-occupations-other-ranks-level-3,031,32616,wages_statfin,,,,,176,,,,,,3,"This armed forces occupation has low AI exposure. The work is primarily physical and hands-on, requiring manual dexterity, real-time physical coordination, or outdoor work in unpredictable environments. AI's impact is limited to peripheral support functions.",
"0310 Armed forces occupations, other ranks (Level 4)",0,0310-armed-forces-occupations-other-ranks-level-4,0310,32616,wages_statfin,,Upper secondary,None,Military training,176,,-5,Recruitment difficult,extras_csv,,3,"This armed forces occupation has low AI exposure. The work is primarily physical and hands-on, requiring manual dexterity, real-time physical coordination, or outdoor work in unpredictable environments. AI's impact is limited to peripheral support functions.",
"0310. Armed forces occupations, other ranks (Level 5)",0,0310-armed-forces-occupations-other-ranks-level-5,0310.,32616,wages_statfin,,Upper secondary,None,Military training,176,,-5,Recruitment difficult,extras_csv,,3,"This armed forces occupation has low AI exposure. The work is primarily physical and hands-on, requiring manual dexterity, real-time physical coordination, or outdoor work in unpredictable environments. AI's impact is limited to peripheral support functions.",
1  Managers (Level 1),1,1-managers-level-1,1,89520,wages_statfin,,,,,82585,,,,,,5,"This occupation is a hybrid of digital knowledge work and physical site management. While AI can significantly automate administrative tasks like recordkeeping, supply procurement, and energy pattern analysis, the role requires a physical presence to inspect facilities, oversee manual labor (janitors, repair workers), and manage real-world safety and security compliance.",
"11 Chief executives, senior officials and legislators (Level 2)",1,11-chief-executives-senior-officials-and-legislators-level-2,11,104976,wages_statfin,,,,,7212,,,,,,5,"The occupation is a hybrid of physical presence and objective data processing. While computer vision and AI can already automate 'calls' (like strike zones or out-of-bounds) with higher accuracy than humans, the role still requires physical presence to manage player conduct, ensure safety, and handle real-time interpersonal disputes on the field.",
111 Legislators and senior officials (Level 3),1,111-legislators-and-senior-officials-level-3,111,87240,wages_statfin,,,,,4173,,,,,,5,"The occupation is a hybrid of physical presence and objective data processing. While computer vision and AI can already automate 'calls' (like strike zones or out-of-bounds) with higher accuracy than humans, the role still requires physical presence to manage player conduct, ensure safety, and handle real-time interpersonal disputes on the field.",
1111 Legislators (Level 4),1,1111-legislators-level-4,1111,86016,wages_statfin,,Master's degree,5+ years,None,286,,5,Good prospects,extras_csv,,8,"This managerial occupation involves extensive digital knowledge work and analytical tasks that are highly susceptible to AI automation and augmentation. The work is primarily computer-based with limited physical requirements, making it highly exposed to AI capabilities.",
1111. Legislators (Level 5),1,1111-legislators-level-5,1111.,86016,wages_statfin,,Master's degree,5+ years,None,286,,5,Good prospects,extras_csv,,8,"This managerial occupation involves extensive digital knowledge work and analytical tasks that are highly susceptible to AI automation and augmentation. The work is primarily computer-based with limited physical requirements, making it highly exposed to AI capabilities.",
1112 Senior government officials (Level 4),1,1112-senior-government-officials-level-4,1112,96012,wages_statfin,,Master's degree,5+ years,None,1670,,5,Good prospects,extras_csv,,8,"This managerial occupation involves extensive digital knowledge work and analytical tasks that are highly susceptible to AI automation and augmentation. The work is primarily computer-based with limited physical requirements, making it highly exposed to AI capabilities.",
11121 Senior central government officials (Level 5),1,11121-senior-central-government-officials-level-5,11121,93756,wages_statfin,,Bachelor's degree,3-5 years,None,1107,,6,Moderate prospects,extras_csv,,8,"This managerial occupation involves extensive digital knowledge work and analytical tasks that are highly susceptible to AI automation and augmentation. The work is primarily computer-based with limited physical requirements, making it highly exposed to AI capabilities.",
11122 Senior district and local government officials and senior officials (Level 5),1,11122-senior-district-and-local-government-officials-and-senior-officials-level-5,11122,100644,wages_statfin,,Bachelor's degree,3-5 years,None,563,,6,Moderate prospects,extras_csv,,8,"This managerial occupation involves extensive digital knowledge work and analytical tasks that are highly susceptible to AI automation and augmentation. The work is primarily computer-based with limited physical requirements, making it highly exposed to AI capabilities.",
1114 Senior officials of special-interest organizations (Level 4),1,1114-senior-officials-of-special-interest-organizations-level-4,1114,66552,wages_statfin,,Bachelor's degree,3-5 years,None,2217,,6,Moderate prospects,extras_csv,,8,"This managerial occupation involves extensive digital knowledge work and analytical tasks that are highly susceptible to AI automation and augmentation. The work is primarily computer-based with limited physical requirements, making it highly exposed to AI capabilities.",
"11141 Senior officials of employers', workers' and other economic-interest organisations (Level 5)",1,11141-senior-officials-of-employers-workers-and-other-economic-interest-organisations-level-5,11141,107688,wages_statfin,,Bachelor's degree,3-5 years,None,551,,6,Moderate prospects,extras_csv,,8,"This managerial occupation involves extensive digital knowledge work and analytical tasks that are highly susceptible to AI automation and augmentation. The work is primarily computer-based with limited physical requirements, making it highly exposed to AI capabilities.",
11142 Senior officials of humanitarian and other special-interest organisations (Level 5),1,11142-senior-officials-of-humanitarian-and-other-special-interest-organisations-level-5,11142,56724,wages_statfin,,Bachelor's degree,3-5 years,None,1666,,6,Moderate prospects,extras_csv,,8,"This managerial occupation involves extensive digital knowledge work and analytical tasks that are highly susceptible to AI automation and augmentation. The work is primarily computer-based with limited physical requirements, making it highly exposed to AI capabilities.",
112 Managing directors and chief executives (Level 3),1,112-managing-directors-and-chief-executives-level-3,112,147240,wages_statfin,,,,,3039,,,,,,7,"The occupation is a hybrid of high-exposure digital work (composing) and lower-exposure physical work (conducting). Generative AI is rapidly automating music composition, arrangement, and scoring for commercial media, while the music director role remains more resilient due to the need for live leadership, physical rehearsals, and human-to-human artistic interpretation.",
1120 Managing directors and chief executives (Level 4),1,1120-managing-directors-and-chief-executives-level-4,1120,147240,wages_statfin,,Master's degree,5+ years,None,3039,,10,Very good prospects,extras_csv,,7,"The occupation is a hybrid of high-exposure digital work (composing) and lower-exposure physical work (conducting). Generative AI is rapidly automating music composition, arrangement, and scoring for commercial media, while the music director role remains more resilient due to the need for live leadership, physical rehearsals, and human-to-human artistic interpretation.",
1120. Managing directors and chief executives (Level 5),1,1120-managing-directors-and-chief-executives-level-5,1120.,147240,wages_statfin,,Master's degree,5+ years,None,3039,,10,Very good prospects,extras_csv,,7,"The occupation is a hybrid of high-exposure digital work (composing) and lower-exposure physical work (conducting). Generative AI is rapidly automating music composition, arrangement, and scoring for commercial media, while the music director role remains more resilient due to the need for live leadership, physical rehearsals, and human-to-human artistic interpretation.",
12 Administrative and commercial managers (Level 2),1,12-administrative-and-commercial-managers-level-2,12,94044,wages_statfin,,,,,26399,,,,,,5,"This occupation is a hybrid of digital knowledge work and physical site management. While AI can significantly automate administrative tasks like recordkeeping, supply procurement, and energy pattern analysis, the role requires a physical presence to inspect facilities, oversee manual labor (janitors, repair workers), and manage real-world safety and security compliance.",
121 Business services and administration managers (Level 3),1,121-business-services-and-administration-managers-level-3,121,96720,wages_statfin,,,,,12537,,,,,,6,"This role involves a high volume of digital knowledge work, such as budgeting, scheduling, and regulatory compliance, which are highly susceptible to AI optimization. However, the core responsibilities of recruiting, supervising staff, and navigating complex interpersonal relationships within a physical healthcare facility provide a significant buffer against full automation.",
1211 Finance managers (Level 4),1,1211-finance-managers-level-4,1211,97776,wages_statfin,,Bachelor's degree,3-5 years,None,3857,,8,Good prospects,extras_csv,,9,"This managerial occupation involves extensive digital knowledge work and analytical tasks that are highly susceptible to AI automation and augmentation. The work is primarily computer-based with limited physical requirements, making it highly exposed to AI capabilities.",
1211. Finance managers (Level 5),1,1211-finance-managers-level-5,1211.,97776,wages_statfin,,Bachelor's degree,3-5 years,None,3857,,8,Good prospects,extras_csv,,9,"This managerial occupation involves extensive digital knowledge work and analytical tasks that are highly susceptible to AI automation and augmentation. The work is primarily computer-based with limited physical requirements, making it highly exposed to AI capabilities.",
1212 Human resource managers (Level 4),1,1212-human-resource-managers-level-4,1212,98640,wages_statfin,,Bachelor's degree,3-5 years,None,1553,,8,Good prospects,extras_csv,,7,"Human resources management is a digital-heavy knowledge occupation where AI can significantly automate recruitment screening, payroll processing, and regulatory compliance reporting. While the role requires high-level interpersonal skills for dispute mediation and strategic leadership, the vast majority of the administrative and analytical tasks are highly susceptible to AI-driven productivity gains and restructuring.",
1212. Human resource managers (Level 5),1,1212-human-resource-managers-level-5,1212.,98640,wages_statfin,,Bachelor's degree,3-5 years,None,1553,,8,Good prospects,extras_csv,,7,"Human resources management is a digital-heavy knowledge occupation where AI can significantly automate recruitment screening, payroll processing, and regulatory compliance reporting. While the role requires high-level interpersonal skills for dispute mediation and strategic leadership, the vast majority of the administrative and analytical tasks are highly susceptible to AI-driven productivity gains and restructuring.",
1213 Policy and planning managers (Level 4),1,1213-policy-and-planning-managers-level-4,1213,96912,wages_statfin,,Bachelor's degree,3-5 years,None,2589,,7,Good prospects,extras_csv,,8,"This occupation is predominantly digital and information-based, involving market research, data analysis, and content strategy—all areas where AI is rapidly advancing. While high-level strategic decision-making and stakeholder management provide some insulation, AI can now automate significant portions of campaign planning, creative drafting, and consumer data processing, leading to major restructuring of the role.",
1213. Policy and planning managers (Level 5),1,1213-policy-and-planning-managers-level-5,1213.,96912,wages_statfin,,Bachelor's degree,3-5 years,None,2589,,7,Good prospects,extras_csv,,8,"This occupation is predominantly digital and information-based, involving market research, data analysis, and content strategy—all areas where AI is rapidly advancing. While high-level strategic decision-making and stakeholder management provide some insulation, AI can now automate significant portions of campaign planning, creative drafting, and consumer data processing, leading to major restructuring of the role.",
1219 Business services and administration managers not elsewhere classified (Level 4),1,1219-business-services-and-administration-managers-not-elsewhere-classified-level-4,1219,95196,wages_statfin,,Bachelor's degree,3-5 years,None,4538,,6,Moderate prospects,extras_csv,,6,"This role involves a high volume of digital knowledge work, such as budgeting, scheduling, and regulatory compliance, which are highly susceptible to AI optimization. However, the core responsibilities of recruiting, supervising staff, and navigating complex interpersonal relationships within a physical healthcare facility provide a significant buffer against full automation.",
1219. Business services and administration managers not elsewhere classified (Level 5),1,1219-business-services-and-administration-managers-not-elsewhere-classified-level-5,1219.,95196,wages_statfin,,Bachelor's degree,3-5 years,None,4538,,6,Moderate prospects,extras_csv,,6,"This role involves a high volume of digital knowledge work, such as budgeting, scheduling, and regulatory compliance, which are highly susceptible to AI optimization. However, the core responsibilities of recruiting, supervising staff, and navigating complex interpersonal relationships within a physical healthcare facility provide a significant buffer against full automation.",
"122 Sales, marketing and development managers (Level 3)",1,122-sales-marketing-and-development-managers-level-3,122,91788,wages_statfin,,,,,13862,,,,,,8,"This occupation is predominantly digital and information-based, involving market research, data analysis, and content strategy—all areas where AI is rapidly advancing. While high-level strategic decision-making and stakeholder management provide some insulation, AI can now automate significant portions of campaign planning, creative drafting, and consumer data processing, leading to major restructuring of the role.",
1221 Sales and marketing managers (Level 4),1,1221-sales-and-marketing-managers-level-4,1221,91056,wages_statfin,,Bachelor's degree,3-5 years,None,7734,,8,Good prospects,extras_csv,,8,"This occupation is predominantly digital and information-based, involving market research, data analysis, and content strategy—all areas where AI is rapidly advancing. While high-level strategic decision-making and stakeholder management provide some insulation, AI can now automate significant portions of campaign planning, creative drafting, and consumer data processing, leading to major restructuring of the role.",
1221. Sales and marketing managers (Level 5),1,1221-sales-and-marketing-managers-level-5,1221.,91056,wages_statfin,,Bachelor's degree,3-5 years,None,7734,,8,Good prospects,extras_csv,,8,"This occupation is predominantly digital and information-based, involving market research, data analysis, and content strategy—all areas where AI is rapidly advancing. While high-level strategic decision-making and stakeholder management provide some insulation, AI can now automate significant portions of campaign planning, creative drafting, and consumer data processing, leading to major restructuring of the role.",
1222 Advertising and public relations managers (Level 4),1,1222-advertising-and-public-relations-managers-level-4,1222,90240,wages_statfin,,Bachelor's degree,3-5 years,None,1132,,7,Good prospects,extras_csv,,8,"This occupation is predominantly digital and information-based, involving market research, data analysis, and content strategy—all areas where AI is rapidly advancing. While high-level strategic decision-making and stakeholder management provide some insulation, AI can now automate significant portions of campaign planning, creative drafting, and consumer data processing, leading to major restructuring of the role.",
1222. Advertising and public relations managers (Level 5),1,1222-advertising-and-public-relations-managers-level-5,1222.,90240,wages_statfin,,Bachelor's degree,3-5 years,None,1132,,7,Good prospects,extras_csv,,8,"This occupation is predominantly digital and information-based, involving market research, data analysis, and content strategy—all areas where AI is rapidly advancing. While high-level strategic decision-making and stakeholder management provide some insulation, AI can now automate significant portions of campaign planning, creative drafting, and consumer data processing, leading to major restructuring of the role.",
1223 Research and development managers (Level 4),1,1223-research-and-development-managers-level-4,1223,93156,wages_statfin,,Bachelor's degree,3-5 years,None,4996,,7,Good prospects,extras_csv,,7,"This role is predominantly digital and knowledge-based, involving the creation of instructional content, data-driven needs assessments, and budget management—all areas where AI is highly capable. While the role requires significant human-centric leadership and stakeholder collaboration, AI can automate the generation of training materials, personalize learning paths, and analyze program effectiveness, substantially increasing the productivity of each manager.",
1223. Research and development managers (Level 5),1,1223-research-and-development-managers-level-5,1223.,93156,wages_statfin,,Bachelor's degree,3-5 years,None,4996,,7,Good prospects,extras_csv,,7,"This role is predominantly digital and knowledge-based, involving the creation of instructional content, data-driven needs assessments, and budget management—all areas where AI is highly capable. While the role requires significant human-centric leadership and stakeholder collaboration, AI can automate the generation of training materials, personalize learning paths, and analyze program effectiveness, substantially increasing the productivity of each manager.",
13 Production and specialised services managers (Level 2),1,13-production-and-specialised-services-managers-level-2,13,81948,wages_statfin,,,,,38478,,,,,,6,"This role involves a high volume of digital knowledge work, such as budgeting, scheduling, and regulatory compliance, which are highly susceptible to AI optimization. However, the core responsibilities of recruiting, supervising staff, and navigating complex interpersonal relationships within a physical healthcare facility provide a significant buffer against full automation.",
"131 Production managers in agriculture, forestry and fisheries (Level 3)",1,131-production-managers-in-agriculture-forestry-and-fisheries-level-3,131,88104,wages_statfin,,,,,1226,,,,,,8,"This professional occupation involves extensive digital knowledge work and analytical tasks that are highly susceptible to AI automation and augmentation. The work is primarily computer-based with limited physical requirements, making it highly exposed to AI capabilities.",
1311 Agricultural and forestry production managers (Level 4),1,1311-agricultural-and-forestry-production-managers-level-4,1311,88104,inferred,,Bachelor's degree,2-4 years,None,1211,,8,Good prospects,extras_csv,,4,"The role involves a significant amount of physical labor, equipment maintenance, and real-time management of biological systems that cannot be digitized. However, AI will heavily impact the management side of the job, including crop yield prediction, financial planning, and automated resource allocation, making individual managers significantly more productive and contributing to further farm consolidation.",
1311. Agricultural and forestry production managers (Level 5),1,1311-agricultural-and-forestry-production-managers-level-5,1311.,,,,Bachelor's degree,2-4 years,None,1211,,8,Good prospects,extras_csv,,4,"The role involves a significant amount of physical labor, equipment maintenance, and real-time management of biological systems that cannot be digitized. However, AI will heavily impact the management side of the job, including crop yield prediction, financial planning, and automated resource allocation, making individual managers significantly more productive and contributing to further farm consolidation.",
1312 Aquaculture and fisheries production managers (Level 4),1,1312-aquaculture-and-fisheries-production-managers-level-4,1312,88104,inferred,,Bachelor's degree,2-4 years,None,15,,7,Good prospects,extras_csv,,8,"This occupation is predominantly digital and information-based, involving market research, data analysis, and content strategy—all areas where AI is rapidly advancing. While high-level strategic decision-making and stakeholder management provide some insulation, AI can now automate significant portions of campaign planning, creative drafting, and consumer data processing, leading to major restructuring of the role.",
1312. Aquaculture and fisheries production managers (Level 5),1,1312-aquaculture-and-fisheries-production-managers-level-5,1312.,,,,Bachelor's degree,2-4 years,None,15,,7,Good prospects,extras_csv,,8,"This occupation is predominantly digital and information-based, involving market research, data analysis, and content strategy—all areas where AI is rapidly advancing. While high-level strategic decision-making and stakeholder management provide some insulation, AI can now automate significant portions of campaign planning, creative drafting, and consumer data processing, leading to major restructuring of the role.",
"132 Manufacturing, mining, construction, and distribution managers (Level 3)",1,132-manufacturing-mining-construction-and-distribution-managers-level-3,132,93012,wages_statfin,,,,,17504,,,,,,6,"This role involves a significant amount of digital knowledge work, such as logistics planning, budgeting, and supply chain optimization, which are highly susceptible to AI-driven efficiency gains. However, the core job also requires physical presence for facility inspections, safety compliance monitoring, and high-stakes interpersonal leadership in unpredictable environments like warehouses and railyards, providing a buffer against full automation.",
1321 Manufacturing managers (Level 4),1,1321-manufacturing-managers-level-4,1321,95820,wages_statfin,,Bachelor's degree,2-4 years,None,6680,,8,Good prospects,extras_csv,,9,"This managerial occupation involves extensive digital knowledge work and analytical tasks that are highly susceptible to AI automation and augmentation. The work is primarily computer-based with limited physical requirements, making it highly exposed to AI capabilities.",
1321. Manufacturing managers (Level 5),1,1321-manufacturing-managers-level-5,1321.,95820,wages_statfin,,Bachelor's degree,2-4 years,None,6680,,8,Good prospects,extras_csv,,9,"This managerial occupation involves extensive digital knowledge work and analytical tasks that are highly susceptible to AI automation and augmentation. The work is primarily computer-based with limited physical requirements, making it highly exposed to AI capabilities.",
1322 Mining managers (Level 4),1,1322-mining-managers-level-4,1322,105000,wages_statfin,,Bachelor's degree,2-4 years,None,145,,7,Good prospects,extras_csv,,9,"This managerial occupation involves extensive digital knowledge work and analytical tasks that are highly susceptible to AI automation and augmentation. The work is primarily computer-based with limited physical requirements, making it highly exposed to AI capabilities.",
1322. Mining managers (Level 5),1,1322-mining-managers-level-5,1322.,105000,wages_statfin,,Bachelor's degree,2-4 years,None,145,,7,Good prospects,extras_csv,,9,"This managerial occupation involves extensive digital knowledge work and analytical tasks that are highly susceptible to AI automation and augmentation. The work is primarily computer-based with limited physical requirements, making it highly exposed to AI capabilities.",
1323 Construction managers (Level 4),1,1323-construction-managers-level-4,1323,88332,wages_statfin,,Bachelor's degree,2-4 years,None,7302,,6,Moderate prospects,extras_csv,,5,"Construction management is a hybrid role that combines digital knowledge work—such as cost estimation, scheduling, and contract analysis—with essential physical presence. While AI can significantly automate budgeting and logistical planning, the core of the job requires real-world site inspections, physical problem-solving, and high-stakes interpersonal negotiation with tradesworkers and inspectors that cannot be replicated digitally.",
1323. Construction managers (Level 5),1,1323-construction-managers-level-5,1323.,88332,wages_statfin,,Bachelor's degree,2-4 years,None,7302,,6,Moderate prospects,extras_csv,,5,"Construction management is a hybrid role that combines digital knowledge work—such as cost estimation, scheduling, and contract analysis—with essential physical presence. While AI can significantly automate budgeting and logistical planning, the core of the job requires real-world site inspections, physical problem-solving, and high-stakes interpersonal negotiation with tradesworkers and inspectors that cannot be replicated digitally.",
"1324 Supply, distribution and related managers (Level 4)",1,1324-supply-distribution-and-related-managers-level-4,1324,92892,wages_statfin,,Bachelor's degree,2-4 years,None,3377,,6,Moderate prospects,extras_csv,,6,"This role involves a significant amount of digital knowledge work, such as logistics planning, budgeting, and supply chain optimization, which are highly susceptible to AI-driven efficiency gains. However, the core job also requires physical presence for facility inspections, safety compliance monitoring, and high-stakes interpersonal leadership in unpredictable environments like warehouses and railyards, providing a buffer against full automation.",
"1324. Supply, distribution and related managers (Level 5)",1,1324-supply-distribution-and-related-managers-level-5,1324.,92892,wages_statfin,,Bachelor's degree,2-4 years,None,3377,,6,Moderate prospects,extras_csv,,6,"This role involves a significant amount of digital knowledge work, such as logistics planning, budgeting, and supply chain optimization, which are highly susceptible to AI-driven efficiency gains. However, the core job also requires physical presence for facility inspections, safety compliance monitoring, and high-stakes interpersonal leadership in unpredictable environments like warehouses and railyards, providing a buffer against full automation.",
133 Information and communications technology service managers (Level 3),1,133-information-and-communications-technology-service-managers-level-3,133,100044,wages_statfin,,,,,4012,,,,,,7,"This occupation is predominantly digital and knowledge-based, involving strategic planning, analysis, and technical oversight that AI can significantly augment. While high-level leadership, vendor negotiation, and personnel management provide a buffer of human judgment, the core tasks of assessing IT needs, monitoring security, and directing technical workflows are highly susceptible to AI-driven productivity gains and automation.",
1330 Information and communications technology service managers (Level 4),1,1330-information-and-communications-technology-service-managers-level-4,1330,100044,wages_statfin,,Bachelor's degree,2-4 years,None,4012,,7,Good prospects,extras_csv,,7,"This occupation is predominantly digital and knowledge-based, involving strategic planning, analysis, and technical oversight that AI can significantly augment. While high-level leadership, vendor negotiation, and personnel management provide a buffer of human judgment, the core tasks of assessing IT needs, monitoring security, and directing technical workflows are highly susceptible to AI-driven productivity gains and automation.",
1330. Information and communications technology service managers (Level 5),1,1330-information-and-communications-technology-service-managers-level-5,1330.,100044,wages_statfin,,Bachelor's degree,2-4 years,None,4012,,7,Good prospects,extras_csv,,7,"This occupation is predominantly digital and knowledge-based, involving strategic planning, analysis, and technical oversight that AI can significantly augment. While high-level leadership, vendor negotiation, and personnel management provide a buffer of human judgment, the core tasks of assessing IT needs, monitoring security, and directing technical workflows are highly susceptible to AI-driven productivity gains and automation.",
134 Professional services managers (Level 3),1,134-professional-services-managers-level-3,134,71280,wages_statfin,,,,,15736,,,,,,5,"This occupation is a hybrid of digital knowledge work and physical site management. While AI can significantly automate administrative tasks like recordkeeping, supply procurement, and energy pattern analysis, the role requires a physical presence to inspect facilities, oversee manual labor (janitors, repair workers), and manage real-world safety and security compliance.",
1341 Child care services managers (Level 4),1,1341-child-care-services-managers-level-4,1341,50196,wages_statfin,,Bachelor's degree,2-4 years,None,2812,,7,Good prospects,extras_csv,,5,"This occupation is a hybrid of digital knowledge work and physical site management. While AI can significantly automate administrative tasks like recordkeeping, supply procurement, and energy pattern analysis, the role requires a physical presence to inspect facilities, oversee manual labor (janitors, repair workers), and manage real-world safety and security compliance.",
1341. Child care services managers (Level 5),1,1341-child-care-services-managers-level-5,1341.,50196,wages_statfin,,Bachelor's degree,2-4 years,None,2812,,7,Good prospects,extras_csv,,5,"This occupation is a hybrid of digital knowledge work and physical site management. While AI can significantly automate administrative tasks like recordkeeping, supply procurement, and energy pattern analysis, the role requires a physical presence to inspect facilities, oversee manual labor (janitors, repair workers), and manage real-world safety and security compliance.",
1342 Health services managers (Level 4),1,1342-health-services-managers-level-4,1342,90228,wages_statfin,,Bachelor's degree,2-4 years,None,1173,,6,Moderate prospects,extras_csv,,6,"This role involves a high volume of digital knowledge work, such as budgeting, scheduling, and regulatory compliance, which are highly susceptible to AI optimization. However, the core responsibilities of recruiting, supervising staff, and navigating complex interpersonal relationships within a physical healthcare facility provide a significant buffer against full automation.",
1342. Health services managers (Level 5),1,1342-health-services-managers-level-5,1342.,90228,wages_statfin,,Bachelor's degree,2-4 years,None,1173,,6,Moderate prospects,extras_csv,,6,"This role involves a high volume of digital knowledge work, such as budgeting, scheduling, and regulatory compliance, which are highly susceptible to AI optimization. However, the core responsibilities of recruiting, supervising staff, and navigating complex interpersonal relationships within a physical healthcare facility provide a significant buffer against full automation.",
1343 Aged care services managers (Level 4),1,1343-aged-care-services-managers-level-4,1343,51276,wages_statfin,,Bachelor's degree,2-4 years,None,650,,6,Moderate prospects,extras_csv,,5,"This occupation is a hybrid of digital knowledge work and physical site management. While AI can significantly automate administrative tasks like recordkeeping, supply procurement, and energy pattern analysis, the role requires a physical presence to inspect facilities, oversee manual labor (janitors, repair workers), and manage real-world safety and security compliance.",
1343. Aged care services managers (Level 5),1,1343-aged-care-services-managers-level-5,1343.,51276,wages_statfin,,Bachelor's degree,2-4 years,None,650,,6,Moderate prospects,extras_csv,,5,"This occupation is a hybrid of digital knowledge work and physical site management. While AI can significantly automate administrative tasks like recordkeeping, supply procurement, and energy pattern analysis, the role requires a physical presence to inspect facilities, oversee manual labor (janitors, repair workers), and manage real-world safety and security compliance.",
1344 Social welfare managers (Level 4),1,1344-social-welfare-managers-level-4,1344,55284,wages_statfin,,Bachelor's degree,2-4 years,None,2290,,5,Moderate prospects,extras_csv,,6,"This role involves a significant amount of digital knowledge work, such as grant writing, data analysis, and budget management, which are highly susceptible to AI augmentation. However, the core responsibilities of community stakeholder engagement, staff supervision, and navigating complex human crises provide a buffer that requires physical presence and high-level emotional intelligence.",
1344. Social welfare managers (Level 5),1,1344-social-welfare-managers-level-5,1344.,55284,wages_statfin,,Bachelor's degree,2-4 years,None,2290,,5,Moderate prospects,extras_csv,,6,"This role involves a significant amount of digital knowledge work, such as grant writing, data analysis, and budget management, which are highly susceptible to AI augmentation. However, the core responsibilities of community stakeholder engagement, staff supervision, and navigating complex human crises provide a buffer that requires physical presence and high-level emotional intelligence.",
1345 Education managers (Level 4),1,1345-education-managers-level-4,1345,77832,wages_statfin,,Bachelor's degree,2-4 years,None,3732,,5,Moderate prospects,extras_csv,,9,"This managerial occupation involves extensive digital knowledge work and analytical tasks that are highly susceptible to AI automation and augmentation. The work is primarily computer-based with limited physical requirements, making it highly exposed to AI capabilities.",
1345. Education managers (Level 5),1,1345-education-managers-level-5,1345.,77832,wages_statfin,,Bachelor's degree,2-4 years,None,3732,,5,Moderate prospects,extras_csv,,9,"This managerial occupation involves extensive digital knowledge work and analytical tasks that are highly susceptible to AI automation and augmentation. The work is primarily computer-based with limited physical requirements, making it highly exposed to AI capabilities.",
1346 Financial and insurance services branch managers (Level 4),1,1346-financial-and-insurance-services-branch-managers-level-4,1346,115440,wages_statfin,,Bachelor's degree,2-4 years,None,2118,,5,Moderate prospects,extras_csv,,6,"This role involves a high volume of digital knowledge work, such as budgeting, scheduling, and regulatory compliance, which are highly susceptible to AI optimization. However, the core responsibilities of recruiting, supervising staff, and navigating complex interpersonal relationships within a physical healthcare facility provide a significant buffer against full automation.",
1346. Financial and insurance services branch managers (Level 5),1,1346-financial-and-insurance-services-branch-managers-level-5,1346.,115440,wages_statfin,,Bachelor's degree,2-4 years,None,2118,,5,Moderate prospects,extras_csv,,6,"This role involves a high volume of digital knowledge work, such as budgeting, scheduling, and regulatory compliance, which are highly susceptible to AI optimization. However, the core responsibilities of recruiting, supervising staff, and navigating complex interpersonal relationships within a physical healthcare facility provide a significant buffer against full automation.",
1349 Professional services managers not elsewhere classified (Level 4),1,1349-professional-services-managers-not-elsewhere-classified-level-4,1349,78000,wages_statfin,,Bachelor's degree,2-4 years,None,2961,,5,Moderate prospects,extras_csv,,10,"This professional occupation involves extensive digital knowledge work and analytical tasks that are highly susceptible to AI automation and augmentation. The work is primarily computer-based with limited physical requirements, making it highly exposed to AI capabilities.",
1349. Professional services managers not elsewhere classified (Level 5),1,1349-professional-services-managers-not-elsewhere-classified-level-5,1349.,78000,wages_statfin,,Bachelor's degree,2-4 years,None,2961,,5,Moderate prospects,extras_csv,,10,"This professional occupation involves extensive digital knowledge work and analytical tasks that are highly susceptible to AI automation and augmentation. The work is primarily computer-based with limited physical requirements, making it highly exposed to AI capabilities.",
"14 Hospitality, retail and other services managers (Level 2)",1,14-hospitality-retail-and-other-services-managers-level-2,14,81804,wages_statfin,,,,,10496,,,,,,4,"The role involves a significant amount of physical labor, equipment maintenance, and real-time management of biological systems that cannot be digitized. However, AI will heavily impact the management side of the job, including crop yield prediction, financial planning, and automated resource allocation, making individual managers significantly more productive and contributing to further farm consolidation.",
141 Hotel and restaurant managers (Level 3),1,141-hotel-and-restaurant-managers-level-3,141,57240,wages_statfin,,,,,2302,,,,,,8,"This occupation is predominantly digital and information-based, involving market research, data analysis, and content strategy—all areas where AI is rapidly advancing. While high-level strategic decision-making and stakeholder management provide some insulation, AI can now automate significant portions of campaign planning, creative drafting, and consumer data processing, leading to major restructuring of the role.",
1411 Hotel managers (Level 4),1,1411-hotel-managers-level-4,1411,65280,wages_statfin,,Upper secondary,None,Vocational training,379,,3,Stable,extras_csv,,8,"This managerial occupation involves extensive digital knowledge work and analytical tasks that are highly susceptible to AI automation and augmentation. The work is primarily computer-based with limited physical requirements, making it highly exposed to AI capabilities.",
1411. Hotel managers (Level 5),1,1411-hotel-managers-level-5,1411.,65280,wages_statfin,,Upper secondary,None,Vocational training,379,,3,Stable,extras_csv,,8,"This managerial occupation involves extensive digital knowledge work and analytical tasks that are highly susceptible to AI automation and augmentation. The work is primarily computer-based with limited physical requirements, making it highly exposed to AI capabilities.",
1412 Restaurant managers (Level 4),1,1412-restaurant-managers-level-4,1412,54660,wages_statfin,,Upper secondary,None,Vocational training,1923,,3,Stable,extras_csv,,8,"This managerial occupation involves extensive digital knowledge work and analytical tasks that are highly susceptible to AI automation and augmentation. The work is primarily computer-based with limited physical requirements, making it highly exposed to AI capabilities.",
1412. Restaurant managers (Level 5),1,1412-restaurant-managers-level-5,1412.,54660,wages_statfin,,Upper secondary,None,Vocational training,1923,,3,Stable,extras_csv,,8,"This managerial occupation involves extensive digital knowledge work and analytical tasks that are highly susceptible to AI automation and augmentation. The work is primarily computer-based with limited physical requirements, making it highly exposed to AI capabilities.",
142 Retail and wholesale trade managers (Level 3),1,142-retail-and-wholesale-trade-managers-level-3,142,100560,wages_statfin,,,,,5706,,,,,,8,"This occupation is predominantly digital and information-based, involving market research, data analysis, and content strategy—all areas where AI is rapidly advancing. While high-level strategic decision-making and stakeholder management provide some insulation, AI can now automate significant portions of campaign planning, creative drafting, and consumer data processing, leading to major restructuring of the role.",
1420 Retail and wholesale trade managers (Level 4),1,1420-retail-and-wholesale-trade-managers-level-4,1420,100560,wages_statfin,,Upper secondary,None,Vocational training,5706,,3,Stable,extras_csv,,8,"This occupation is predominantly digital and information-based, involving market research, data analysis, and content strategy—all areas where AI is rapidly advancing. While high-level strategic decision-making and stakeholder management provide some insulation, AI can now automate significant portions of campaign planning, creative drafting, and consumer data processing, leading to major restructuring of the role.",
1420. Retail and wholesale trade managers (Level 5),1,1420-retail-and-wholesale-trade-managers-level-5,1420.,100560,wages_statfin,,Upper secondary,None,Vocational training,5706,,3,Stable,extras_csv,,8,"This occupation is predominantly digital and information-based, involving market research, data analysis, and content strategy—all areas where AI is rapidly advancing. While high-level strategic decision-making and stakeholder management provide some insulation, AI can now automate significant portions of campaign planning, creative drafting, and consumer data processing, leading to major restructuring of the role.",
143 Other services managers (Level 3),1,143-other-services-managers-level-3,143,80400,wages_statfin,,,,,2488,,,,,,5,"This occupation is a hybrid of digital knowledge work and physical site management. While AI can significantly automate administrative tasks like recordkeeping, supply procurement, and energy pattern analysis, the role requires a physical presence to inspect facilities, oversee manual labor (janitors, repair workers), and manage real-world safety and security compliance.",
"1431 Sports, recreation and cultural centre managers (Level 4)",1,1431-sports-recreation-and-cultural-centre-managers-level-4,1431,65604,wages_statfin,,Upper secondary,None,Vocational training,821,,2,Stable,extras_csv,,5,"This role involves a significant amount of digital knowledge work, such as budgeting, scheduling, and strategic planning, which is highly susceptible to AI optimization. However, the core of the job requires physical presence to inspect facilities, manage real-time emergencies, and provide high-touch interpersonal leadership and customer service in physical environments like parks and fitness centers.",
"1431. Sports, recreation and cultural centre managers (Level 5)",1,1431-sports-recreation-and-cultural-centre-managers-level-5,1431.,65604,wages_statfin,,Upper secondary,None,Vocational training,821,,2,Stable,extras_csv,,5,"This role involves a significant amount of digital knowledge work, such as budgeting, scheduling, and strategic planning, which is highly susceptible to AI optimization. However, the core of the job requires physical presence to inspect facilities, manage real-time emergencies, and provide high-touch interpersonal leadership and customer service in physical environments like parks and fitness centers.",
1439 Services managers not elsewhere classified (Level 4),1,1439-services-managers-not-elsewhere-classified-level-4,1439,86940,wages_statfin,,Upper secondary,None,Vocational training,1667,,2,Stable,extras_csv,,10,"This professional occupation involves extensive digital knowledge work and analytical tasks that are highly susceptible to AI automation and augmentation. The work is primarily computer-based with limited physical requirements, making it highly exposed to AI capabilities.",
1439. Services managers not elsewhere classified (Level 5),1,1439-services-managers-not-elsewhere-classified-level-5,1439.,86940,wages_statfin,,Upper secondary,None,Vocational training,1667,,2,Stable,extras_csv,,10,"This professional occupation involves extensive digital knowledge work and analytical tasks that are highly susceptible to AI automation and augmentation. The work is primarily computer-based with limited physical requirements, making it highly exposed to AI capabilities.",
2  Professionals (Level 1),2,2-professionals-level-1,2,55956,wages_statfin,,,,,570966,,,,,,10,"This professional occupation involves extensive digital knowledge work and analytical tasks that are highly susceptible to AI automation and augmentation. The work is primarily computer-based with limited physical requirements, making it highly exposed to AI capabilities.",
21 Science and engineering professionals (Level 2),2,21-science-and-engineering-professionals-level-2,21,57780,wages_statfin,,,,,120399,,,,,,5,"This occupation involves a significant amount of physical labor, such as building test facilities, installing instruments, and maintaining hardware, which provides a buffer against AI automation. However, the role also includes substantial digital tasks like recording data, running computer simulations, and calibrating systems—areas where AI is rapidly improving and can significantly enhance productivity or automate data analysis.",
211 Physical and earth science professionals (Level 3),2,211-physical-and-earth-science-professionals-level-3,211,53136,wages_statfin,,,,,3814,,,,,,4,"This occupation involves a significant amount of physical labor, such as collecting biological samples, maintaining farm equipment, and operating laboratory hardware, which provides a buffer against full automation. However, AI will heavily impact the data-heavy portions of the job, including compiling test results, analyzing chemical properties, and generating reports, making technicians more productive but potentially reducing the number of workers needed for data processing.",
2111 Physicists and astronomers (Level 4),2,2111-physicists-and-astronomers-level-4,2111,50244,wages_statfin,,Bachelor's degree,2-4 years,None,1402,,7,Good prospects,extras_csv,,7,"Physicists and astronomers perform high-level knowledge work that is increasingly digital, including data analysis, mathematical modeling, and software development. While AI significantly accelerates data processing and literature review, the core requirements of original theoretical innovation, experimental design, and complex physical-world problem solving provide a buffer against full automation.",
2111. Physicists and astronomers (Level 5),2,2111-physicists-and-astronomers-level-5,2111.,50244,wages_statfin,,Bachelor's degree,2-4 years,None,1402,,7,Good prospects,extras_csv,,7,"Physicists and astronomers perform high-level knowledge work that is increasingly digital, including data analysis, mathematical modeling, and software development. While AI significantly accelerates data processing and literature review, the core requirements of original theoretical innovation, experimental design, and complex physical-world problem solving provide a buffer against full automation.",
2112 Meteorologists (Level 4),2,2112-meteorologists-level-4,2112,53136,inferred,,Bachelor's degree,2-4 years,None,181,,7,Good prospects,extras_csv,,8,"The core of this occupation involves analyzing digital data, running computer models, and writing code, all of which are highly susceptible to AI advancement. Machine learning is already revolutionizing weather forecasting by outperforming traditional numerical models in speed and efficiency, potentially reducing the number of human forecasters needed for routine data processing and report generation.",
2112. Meteorologists (Level 5),2,2112-meteorologists-level-5,2112.,,,,Bachelor's degree,2-4 years,None,181,,7,Good prospects,extras_csv,,8,"The core of this occupation involves analyzing digital data, running computer models, and writing code, all of which are highly susceptible to AI advancement. Machine learning is already revolutionizing weather forecasting by outperforming traditional numerical models in speed and efficiency, potentially reducing the number of human forecasters needed for routine data processing and report generation.",
2113 Chemists (Level 4),2,2113-chemists-level-4,2113,54360,wages_statfin,,Bachelor's degree,2-4 years,None,1719,,6,Moderate prospects,extras_csv,,7,"This occupation is heavily centered on knowledge work, data analysis, and complex modeling, all of which are being revolutionized by AI (e.g., AlphaFold for protein structure prediction). While physical laboratory work and team management provide a buffer, a significant portion of the role involves literature review, grant writing, and data interpretation—tasks where AI can exponentially increase productivity or automate core analytical functions.",
2113. Chemists (Level 5),2,2113-chemists-level-5,2113.,54360,wages_statfin,,Bachelor's degree,2-4 years,None,1719,,6,Moderate prospects,extras_csv,,7,"This occupation is heavily centered on knowledge work, data analysis, and complex modeling, all of which are being revolutionized by AI (e.g., AlphaFold for protein structure prediction). While physical laboratory work and team management provide a buffer, a significant portion of the role involves literature review, grant writing, and data interpretation—tasks where AI can exponentially increase productivity or automate core analytical functions.",
2114 Geologists and geophysicists (Level 4),2,2114-geologists-and-geophysicists-level-4,2114,53136,inferred,,Bachelor's degree,2-4 years,None,512,,7,Good prospects,extras_csv,,9,"This professional occupation involves extensive digital knowledge work and analytical tasks that are highly susceptible to AI automation and augmentation. The work is primarily computer-based with limited physical requirements, making it highly exposed to AI capabilities.",
2114. Geologists and geophysicists (Level 5),2,2114-geologists-and-geophysicists-level-5,2114.,,,,Bachelor's degree,2-4 years,None,512,,7,Good prospects,extras_csv,,9,"This professional occupation involves extensive digital knowledge work and analytical tasks that are highly susceptible to AI automation and augmentation. The work is primarily computer-based with limited physical requirements, making it highly exposed to AI capabilities.",
"212 Mathematicians, actuaries and statisticians (Level 3)",2,212-mathematicians-actuaries-and-statisticians-level-3,212,58716,wages_statfin,,,,,3913,,,,,,8,"Actuarial work is fundamentally digital, involving the analysis of large datasets, statistical modeling, and financial forecasting—all areas where AI and machine learning excel. While the profession requires high-level human judgment and the ability to explain complex risks to stakeholders, the core technical tasks of data compilation and probability estimation are highly susceptible to automation and significant productivity gains through AI.",
"2120 Mathematicians, actuaries and statisticians (Level 4)",2,2120-mathematicians-actuaries-and-statisticians-level-4,2120,58716,wages_statfin,,Bachelor's degree,2-4 years,None,3913,,7,Good prospects,extras_csv,,8,"Actuarial work is fundamentally digital, involving the analysis of large datasets, statistical modeling, and financial forecasting—all areas where AI and machine learning excel. While the profession requires high-level human judgment and the ability to explain complex risks to stakeholders, the core technical tasks of data compilation and probability estimation are highly susceptible to automation and significant productivity gains through AI.",
"2120. Mathematicians, actuaries and statisticians (Level 5)",2,2120-mathematicians-actuaries-and-statisticians-level-5,2120.,58716,wages_statfin,,Bachelor's degree,2-4 years,None,3913,,7,Good prospects,extras_csv,,8,"Actuarial work is fundamentally digital, involving the analysis of large datasets, statistical modeling, and financial forecasting—all areas where AI and machine learning excel. While the profession requires high-level human judgment and the ability to explain complex risks to stakeholders, the core technical tasks of data compilation and probability estimation are highly susceptible to automation and significant productivity gains through AI.",
213 Life science professionals (Level 3),2,213-life-science-professionals-level-3,213,50448,wages_statfin,,,,,9124,,,,,,,,
"2131 Biologists, botanists, zoologists and related professionals (Level 4)",2,2131-biologists-botanists-zoologists-and-related-professionals-level-4,2131,50580,wages_statfin,,Bachelor's degree,2-4 years,None,3186,,8,Good prospects,extras_csv,,2,"The core duties are highly physical and take place in unpredictable outdoor environments, requiring manual labor, mechanical repair, and real-time physical coordination. AI's impact is limited to peripheral enhancements in fish-finding sonar, GPS navigation, and regulatory data processing, but it cannot replace the physical act of hauling nets, trapping animals, or maintaining vessels.",
"2131. Biologists, botanists, zoologists and related professionals (Level 5)",2,2131-biologists-botanists-zoologists-and-related-professionals-level-5,2131.,50580,wages_statfin,,Bachelor's degree,2-4 years,None,3186,,8,Good prospects,extras_csv,,2,"The core duties are highly physical and take place in unpredictable outdoor environments, requiring manual labor, mechanical repair, and real-time physical coordination. AI's impact is limited to peripheral enhancements in fish-finding sonar, GPS navigation, and regulatory data processing, but it cannot replace the physical act of hauling nets, trapping animals, or maintaining vessels.",
"2132 Farming, forestry and fisheries advisers (Level 4)",2,2132-farming-forestry-and-fisheries-advisers-level-4,2132,47412,wages_statfin,,Bachelor's degree,2-4 years,None,3103,,8,Good prospects,extras_csv,,8,"This professional occupation involves extensive digital knowledge work and analytical tasks that are highly susceptible to AI automation and augmentation. The work is primarily computer-based with limited physical requirements, making it highly exposed to AI capabilities.",
"2132. (Not more specifically classified) Farming, forestry and fisheries advisers (Level 5)",2,2132-not-more-specifically-classified-farming-forestry-and-fisheries-advisers-level-5,2132.,47412,wages_statfin,,Bachelor's degree,2-4 years,None,0,,8,Good prospects,extras_csv,,0,"This elementary occupation has minimal AI exposure. The work is almost entirely physical, requiring hands-on skills, manual labor, or real-time physical interaction with the environment. These tasks cannot be meaningfully automated by current or near-term AI technologies.",
21321 Agronomists and fishery professionals (Level 5),2,21321-agronomists-and-fishery-professionals-level-5,21321,49380,wages_statfin,,Bachelor's degree,2-4 years,None,791,,6,Moderate prospects,extras_csv,,8,"This professional occupation involves extensive digital knowledge work and analytical tasks that are highly susceptible to AI automation and augmentation. The work is primarily computer-based with limited physical requirements, making it highly exposed to AI capabilities.",
21322 Forestry professionals (Level 5),2,21322-forestry-professionals-level-5,21322,46992,wages_statfin,,Bachelor's degree,2-4 years,None,2312,,6,Moderate prospects,extras_csv,,,,
2133 Environmental protection professionals (Level 4),2,2133-environmental-protection-professionals-level-4,2133,54588,wages_statfin,,Bachelor's degree,2-4 years,None,2835,,7,Good prospects,extras_csv,,4,"The core of this role involves physical fieldwork, such as collecting soil and water samples and inspecting facilities, which AI cannot perform. However, AI will significantly impact the digital aspects of the job, including data analysis, the preparation of reports and charts, and the modeling of environmental impacts.",
2133. Environmental protection professionals (Level 5),2,2133-environmental-protection-professionals-level-5,2133.,54588,wages_statfin,,Bachelor's degree,2-4 years,None,2835,,7,Good prospects,extras_csv,,4,"The core of this role involves physical fieldwork, such as collecting soil and water samples and inspecting facilities, which AI cannot perform. However, AI will significantly impact the digital aspects of the job, including data analysis, the preparation of reports and charts, and the modeling of environmental impacts.",
214 Engineering professionals (excluding electrotechnology) (Level 3),2,214-engineering-professionals-excluding-electrotechnology-level-3,214,59400,wages_statfin,,,,,64977,,,,,,10,"This professional occupation involves extensive digital knowledge work and analytical tasks that are highly susceptible to AI automation and augmentation. The work is primarily computer-based with limited physical requirements, making it highly exposed to AI capabilities.",
2141 Industrial and production engineers (Level 4),2,2141-industrial-and-production-engineers-level-4,2141,61500,wages_statfin,,Bachelor's degree,2-4 years,None,5561,,7,Good prospects,extras_csv,,7,"The core work of designing circuits, modeling systems, and writing documentation is digital and highly susceptible to AI-driven automation and optimization. While physical testing, site visits, and manufacturing supervision provide a buffer, the rapid advancement of AI in CAD, simulation, and coding significantly increases the productivity and exposure of the knowledge-work components.",
2141. Industrial and production engineers (Level 5),2,2141-industrial-and-production-engineers-level-5,2141.,61500,wages_statfin,,Bachelor's degree,2-4 years,None,5561,,7,Good prospects,extras_csv,,7,"The core work of designing circuits, modeling systems, and writing documentation is digital and highly susceptible to AI-driven automation and optimization. While physical testing, site visits, and manufacturing supervision provide a buffer, the rapid advancement of AI in CAD, simulation, and coding significantly increases the productivity and exposure of the knowledge-work components.",
2142 Civil engineers (Level 4),2,2142-civil-engineers-level-4,2142,59328,wages_statfin,,Bachelor's degree,2-4 years,None,16812,,7,Good prospects,extras_csv,,6,"Civil engineering involves significant digital knowledge work, including CAD design, data analysis, and cost estimation, which are highly susceptible to AI-driven productivity gains. However, the role is anchored by the necessity for physical site inspections, real-world surveying, and the legal accountability of a Professional Engineer (PE) license, which requires human judgment and liability that AI cannot currently replace.",
2142. Civil engineers (Level 5),2,2142-civil-engineers-level-5,2142.,59328,wages_statfin,,Bachelor's degree,2-4 years,None,16812,,7,Good prospects,extras_csv,,6,"Civil engineering involves significant digital knowledge work, including CAD design, data analysis, and cost estimation, which are highly susceptible to AI-driven productivity gains. However, the role is anchored by the necessity for physical site inspections, real-world surveying, and the legal accountability of a Professional Engineer (PE) license, which requires human judgment and liability that AI cannot currently replace.",
2143 Environmental engineers (Level 4),2,2143-environmental-engineers-level-4,2143,51552,wages_statfin,,Bachelor's degree,2-4 years,None,864,,6,Moderate prospects,extras_csv,,6,"Environmental engineering involves a significant amount of digital knowledge work, including data analysis, system design, and report writing, which are highly susceptible to AI augmentation. However, the role is insulated by the necessity for physical site inspections, regulatory compliance monitoring in the field, and the legal accountability associated with Professional Engineer (PE) licensure.",
2143. Environmental engineers (Level 5),2,2143-environmental-engineers-level-5,2143.,51552,wages_statfin,,Bachelor's degree,2-4 years,None,864,,6,Moderate prospects,extras_csv,,6,"Environmental engineering involves a significant amount of digital knowledge work, including data analysis, system design, and report writing, which are highly susceptible to AI augmentation. However, the role is insulated by the necessity for physical site inspections, regulatory compliance monitoring in the field, and the legal accountability associated with Professional Engineer (PE) licensure.",
2144 Mechanical engineers (Level 4),2,2144-mechanical-engineers-level-4,2144,56460,wages_statfin,,Bachelor's degree,2-4 years,None,22113,,7,Good prospects,extras_csv,,7,"Mechanical engineering is heavily reliant on digital tools like CAD, simulations, and data analysis, all of which are being rapidly enhanced by AI to automate complex design iterations and predictive modeling. While the role requires physical prototyping, site visits, and hardware testing, the core intellectual work of designing and analyzing mechanical systems is increasingly susceptible to AI-driven productivity gains and automation.",
2144. Mechanical engineers (Level 5),2,2144-mechanical-engineers-level-5,2144.,56460,wages_statfin,,Bachelor's degree,2-4 years,None,22113,,7,Good prospects,extras_csv,,7,"Mechanical engineering is heavily reliant on digital tools like CAD, simulations, and data analysis, all of which are being rapidly enhanced by AI to automate complex design iterations and predictive modeling. While the role requires physical prototyping, site visits, and hardware testing, the core intellectual work of designing and analyzing mechanical systems is increasingly susceptible to AI-driven productivity gains and automation.",
2145 Chemical engineers (Level 4),2,2145-chemical-engineers-level-4,2145,63924,wages_statfin,,Bachelor's degree,2-4 years,None,4788,,6,Moderate prospects,extras_csv,,6,"Chemical engineering involves a significant amount of digital knowledge work, including process simulation, CAD design, and data analysis, which are highly susceptible to AI-driven optimization. However, the role is anchored by the need for physical presence in laboratories and industrial plants to monitor equipment, ensure safety compliance, and troubleshoot hardware in the real world.",
2145. Chemical engineers (Level 5),2,2145-chemical-engineers-level-5,2145.,63924,wages_statfin,,Bachelor's degree,2-4 years,None,4788,,6,Moderate prospects,extras_csv,,6,"Chemical engineering involves a significant amount of digital knowledge work, including process simulation, CAD design, and data analysis, which are highly susceptible to AI-driven optimization. However, the role is anchored by the need for physical presence in laboratories and industrial plants to monitor equipment, ensure safety compliance, and troubleshoot hardware in the real world.",
"2146 Mining engineers, metallurgists and related professionals (Level 4)",2,2146-mining-engineers-metallurgists-and-related-professionals-level-4,2146,63096,wages_statfin,,Bachelor's degree,2-4 years,None,1084,,5,Moderate prospects,extras_csv,,2,"The core duties are highly physical and take place in unpredictable outdoor environments, requiring manual labor, mechanical repair, and real-time physical coordination. AI's impact is limited to peripheral enhancements in fish-finding sonar, GPS navigation, and regulatory data processing, but it cannot replace the physical act of hauling nets, trapping animals, or maintaining vessels.",
"2146. Mining engineers, metallurgists and related professionals (Level 5)",2,2146-mining-engineers-metallurgists-and-related-professionals-level-5,2146.,63096,wages_statfin,,Bachelor's degree,2-4 years,None,1084,,5,Moderate prospects,extras_csv,,2,"The core duties are highly physical and take place in unpredictable outdoor environments, requiring manual labor, mechanical repair, and real-time physical coordination. AI's impact is limited to peripheral enhancements in fish-finding sonar, GPS navigation, and regulatory data processing, but it cannot replace the physical act of hauling nets, trapping animals, or maintaining vessels.",
2149 Engineering professionals not elsewhere classified (Level 4),2,2149-engineering-professionals-not-elsewhere-classified-level-4,2149,60888,wages_statfin,,Bachelor's degree,2-4 years,None,13755,,6,Moderate prospects,extras_csv,,10,"This professional occupation involves extensive digital knowledge work and analytical tasks that are highly susceptible to AI automation and augmentation. The work is primarily computer-based with limited physical requirements, making it highly exposed to AI capabilities.",
2149. Engineering professionals not elsewhere classified (Level 5),2,2149-engineering-professionals-not-elsewhere-classified-level-5,2149.,60888,wages_statfin,,Bachelor's degree,2-4 years,None,13755,,6,Moderate prospects,extras_csv,,10,"This professional occupation involves extensive digital knowledge work and analytical tasks that are highly susceptible to AI automation and augmentation. The work is primarily computer-based with limited physical requirements, making it highly exposed to AI capabilities.",
215 Electrotechnology engineers (Level 3),2,215-electrotechnology-engineers-level-3,215,60240,wages_statfin,,,,,23058,,,,,,,,
2151 Electrical engineers (Level 4),2,2151-electrical-engineers-level-4,2151,57840,wages_statfin,,Bachelor's degree,2-4 years,None,13137,,8,Good prospects,extras_csv,,7,"The core work of designing circuits, modeling systems, and writing documentation is digital and highly susceptible to AI-driven automation and optimization. While physical testing, site visits, and manufacturing supervision provide a buffer, the rapid advancement of AI in CAD, simulation, and coding significantly increases the productivity and exposure of the knowledge-work components.",
2151. Electrical engineers (Level 5),2,2151-electrical-engineers-level-5,2151.,57840,wages_statfin,,Bachelor's degree,2-4 years,None,13137,,8,Good prospects,extras_csv,,7,"The core work of designing circuits, modeling systems, and writing documentation is digital and highly susceptible to AI-driven automation and optimization. While physical testing, site visits, and manufacturing supervision provide a buffer, the rapid advancement of AI in CAD, simulation, and coding significantly increases the productivity and exposure of the knowledge-work components.",
2152 Electronics engineers (Level 4),2,2152-electronics-engineers-level-4,2152,62580,wages_statfin,,Bachelor's degree,2-4 years,None,7083,,7,Good prospects,extras_csv,,7,"The core work of designing circuits, modeling systems, and writing documentation is digital and highly susceptible to AI-driven automation and optimization. While physical testing, site visits, and manufacturing supervision provide a buffer, the rapid advancement of AI in CAD, simulation, and coding significantly increases the productivity and exposure of the knowledge-work components.",
2152. Electronics engineers (Level 5),2,2152-electronics-engineers-level-5,2152.,62580,wages_statfin,,Bachelor's degree,2-4 years,None,7083,,7,Good prospects,extras_csv,,7,"The core work of designing circuits, modeling systems, and writing documentation is digital and highly susceptible to AI-driven automation and optimization. While physical testing, site visits, and manufacturing supervision provide a buffer, the rapid advancement of AI in CAD, simulation, and coding significantly increases the productivity and exposure of the knowledge-work components.",
2153 Telecommunications engineers (Level 4),2,2153-telecommunications-engineers-level-4,2153,62952,wages_statfin,,Bachelor's degree,2-4 years,None,2838,,7,Good prospects,extras_csv,,10,"This professional occupation involves extensive digital knowledge work and analytical tasks that are highly susceptible to AI automation and augmentation. The work is primarily computer-based with limited physical requirements, making it highly exposed to AI capabilities.",
2153. (Not more specifically classified) Telecommunications engineers (Level 5),2,2153-not-more-specifically-classified-telecommunications-engineers-level-5,2153.,62952,wages_statfin,,Bachelor's degree,2-4 years,None,62,,7,Good prospects,extras_csv,,9,"This professional occupation involves extensive digital knowledge work and analytical tasks that are highly susceptible to AI automation and augmentation. The work is primarily computer-based with limited physical requirements, making it highly exposed to AI capabilities.",
21531 Telecommunications researchers (Level 5),2,21531-telecommunications-researchers-level-5,21531,67116,wages_statfin,,Bachelor's degree,2-4 years,None,1645,,6,Moderate prospects,extras_csv,,,,
21532 Information technology researchers (Level 5),2,21532-information-technology-researchers-level-5,21532,47820,wages_statfin,,Bachelor's degree,2-4 years,None,1131,,6,Moderate prospects,extras_csv,,10,"This professional occupation involves extensive digital knowledge work and analytical tasks that are highly susceptible to AI automation and augmentation. The work is primarily computer-based with limited physical requirements, making it highly exposed to AI capabilities.",
"216 Architects, planners, surveyors and designers (Level 3)",2,216-architects-planners-surveyors-and-designers-level-3,216,52512,wages_statfin,,Bachelor's degree,2-4 years,None,15513,,6,Moderate prospects,,,7,"Architects perform high-level knowledge work that is increasingly digital, utilizing CADD and BIM software which is highly susceptible to AI-driven automation in generative design and technical documentation. While the role requires physical site visits and complex client negotiations, a significant portion of the core work—drafting, specification writing, and regulatory compliance—is moving toward high AI integration.",
"216.  (Not more specifically classified) Architects, planners, surveyors and designers (Level 4)",2,216-not-more-specifically-classified-architects-planners-surveyors-and-designers-level-4,216.,,,,Bachelor's degree,2-4 years,None,0,,6,Moderate prospects,extras_csv,,7,"Architects perform high-level knowledge work that is increasingly digital, utilizing CADD and BIM software which is highly susceptible to AI-driven automation in generative design and technical documentation. While the role requires physical site visits and complex client negotiations, a significant portion of the core work—drafting, specification writing, and regulatory compliance—is moving toward high AI integration.",
"216.. (Not more specifically classified) Architects, planners, surveyors and designers (Level 5)",2,216-not-more-specifically-classified-architects-planners-surveyors-and-designers-level-5,216..,52512,wages_statfin,,Bachelor's degree,2-4 years,None,0,,6,Moderate prospects,extras_csv,,7,"Architects perform high-level knowledge work that is increasingly digital, utilizing CADD and BIM software which is highly susceptible to AI-driven automation in generative design and technical documentation. While the role requires physical site visits and complex client negotiations, a significant portion of the core work—drafting, specification writing, and regulatory compliance—is moving toward high AI integration.",
2161 Building architects (Level 4),2,2161-building-architects-level-4,2161,56004,wages_statfin,,Bachelor's degree,2-4 years,None,3889,,7,Good prospects,extras_csv,,7,"Architects perform high-level knowledge work that is increasingly digital, utilizing CADD and BIM software which is highly susceptible to AI-driven automation in generative design and technical documentation. While the role requires physical site visits and complex client negotiations, a significant portion of the core work—drafting, specification writing, and regulatory compliance—is moving toward high AI integration.",
2161. Building architects (Level 5),2,2161-building-architects-level-5,2161.,56004,wages_statfin,,Bachelor's degree,2-4 years,None,3889,,7,Good prospects,extras_csv,,7,"Architects perform high-level knowledge work that is increasingly digital, utilizing CADD and BIM software which is highly susceptible to AI-driven automation in generative design and technical documentation. While the role requires physical site visits and complex client negotiations, a significant portion of the core work—drafting, specification writing, and regulatory compliance—is moving toward high AI integration.",
2162 Landscape architects (Level 4),2,2162-landscape-architects-level-4,2162,52800,wages_statfin,,Bachelor's degree,2-4 years,None,164,,6,Moderate prospects,extras_csv,,7,"Landscape architecture is a predominantly digital knowledge-based occupation where core tasks like CADD modeling, site analysis, and cost estimation are highly susceptible to AI automation and enhancement. While the role requires physical site visits and interpersonal client management, the generative design capabilities of AI can significantly accelerate the creative and technical drafting phases, potentially reducing the total human hours required per project.",
2162. Landscape architects (Level 5),2,2162-landscape-architects-level-5,2162.,52800,wages_statfin,,Bachelor's degree,2-4 years,None,164,,6,Moderate prospects,extras_csv,,7,"Landscape architecture is a predominantly digital knowledge-based occupation where core tasks like CADD modeling, site analysis, and cost estimation are highly susceptible to AI automation and enhancement. While the role requires physical site visits and interpersonal client management, the generative design capabilities of AI can significantly accelerate the creative and technical drafting phases, potentially reducing the total human hours required per project.",
2163 Product and garment designers (Level 4),2,2163-product-and-garment-designers-level-4,2163,48132,wages_statfin,,Bachelor's degree,2-4 years,None,1356,,5,Moderate prospects,extras_csv,,7,"The core creative process—including script analysis, conceptual sketching, and CAD modeling—is increasingly susceptible to generative AI and automated design tools that can rapidly produce 3D environments and visual concepts. While the role requires physical-world considerations like material budgets and on-site installation oversight, the shift toward digital production (such as virtual sets and LED volumes) and AI-assisted drafting significantly increases productivity and reduces the total human labor required per project.",
2163. Product and garment designers (Level 5),2,2163-product-and-garment-designers-level-5,2163.,48132,wages_statfin,,Bachelor's degree,2-4 years,None,1356,,5,Moderate prospects,extras_csv,,7,"The core creative process—including script analysis, conceptual sketching, and CAD modeling—is increasingly susceptible to generative AI and automated design tools that can rapidly produce 3D environments and visual concepts. While the role requires physical-world considerations like material budgets and on-site installation oversight, the shift toward digital production (such as virtual sets and LED volumes) and AI-assisted drafting significantly increases productivity and reduces the total human labor required per project.",
2164 Town and traffic planners (Level 4),2,2164-town-and-traffic-planners-level-4,2164,56856,wages_statfin,,Bachelor's degree,2-4 years,None,3846,,5,Moderate prospects,extras_csv,,6,"A significant portion of the role involves digital tasks such as logistics planning, vendor research, contract review, and communications, which are highly susceptible to AI automation and productivity gains. However, the core of the job requires physical site inspections, real-time on-site problem solving during events, and high-stakes interpersonal negotiation and relationship management, which provide a buffer against full automation.",
2164. Town and traffic planners (Level 5),2,2164-town-and-traffic-planners-level-5,2164.,56856,wages_statfin,,Bachelor's degree,2-4 years,None,3846,,5,Moderate prospects,extras_csv,,6,"A significant portion of the role involves digital tasks such as logistics planning, vendor research, contract review, and communications, which are highly susceptible to AI automation and productivity gains. However, the core of the job requires physical site inspections, real-time on-site problem solving during events, and high-stakes interpersonal negotiation and relationship management, which provide a buffer against full automation.",
2165 Cartographers and surveyors (Level 4),2,2165-cartographers-and-surveyors-level-4,2165,50076,wages_statfin,,Bachelor's degree,2-4 years,None,1781,,5,Moderate prospects,extras_csv,,5,"Surveying is a hybrid occupation that combines significant physical fieldwork with digital data processing. While AI and automation (via drones and GIS) are rapidly increasing productivity in the mapping and analysis phases, the core requirements of physical site visits, navigating rugged terrain, and providing legally certified human testimony in court create a substantial barrier to full automation.",
2165. Cartographers and surveyors (Level 5),2,2165-cartographers-and-surveyors-level-5,2165.,50076,wages_statfin,,Bachelor's degree,2-4 years,None,1781,,5,Moderate prospects,extras_csv,,5,"Surveying is a hybrid occupation that combines significant physical fieldwork with digital data processing. While AI and automation (via drones and GIS) are rapidly increasing productivity in the mapping and analysis phases, the core requirements of physical site visits, navigating rugged terrain, and providing legally certified human testimony in court create a substantial barrier to full automation.",
2166 Graphic and multimedia designers (Level 4),2,2166-graphic-and-multimedia-designers-level-4,2166,45840,wages_statfin,,Bachelor's degree,2-4 years,None,4477,,4,Below average,extras_csv,,9,"Graphic design is a fundamentally digital occupation where core tasks—image generation, layout creation, and photo editing—are being rapidly transformed by generative AI. While high-level creative direction and client management remain human-centric, the automation of production tasks significantly increases individual productivity, likely reducing the total number of designers needed for routine commercial work.",
2166. Graphic and multimedia designers (Level 5),2,2166-graphic-and-multimedia-designers-level-5,2166.,45840,wages_statfin,,Bachelor's degree,2-4 years,None,4477,,4,Below average,extras_csv,,9,"Graphic design is a fundamentally digital occupation where core tasks—image generation, layout creation, and photo editing—are being rapidly transformed by generative AI. While high-level creative direction and client management remain human-centric, the automation of production tasks significantly increases individual productivity, likely reducing the total number of designers needed for routine commercial work.",
22 Health professionals (Level 2),2,22-health-professionals-level-2,22,72840,wages_statfin,,,,,42671,,,,,,9,"This professional occupation involves extensive digital knowledge work and analytical tasks that are highly susceptible to AI automation and augmentation. The work is primarily computer-based with limited physical requirements, making it highly exposed to AI capabilities.",
221 Medical doctors (Level 3),2,221-medical-doctors-level-3,221,102000,wages_statfin,,,,,22431,,,,,,,,
2211 Generalist medical practitioners (Level 4),2,2211-generalist-medical-practitioners-level-4,2211,95340,wages_statfin,,Doctoral degree,5+ years,Specialist training,8083,,9,Very good prospects,extras_csv,,10,"This professional occupation involves extensive digital knowledge work and analytical tasks that are highly susceptible to AI automation and augmentation. The work is primarily computer-based with limited physical requirements, making it highly exposed to AI capabilities.",
2211. Generalist medical practitioners (Level 5),2,2211-generalist-medical-practitioners-level-5,2211.,95340,wages_statfin,,Doctoral degree,5+ years,Specialist training,8083,,9,Very good prospects,extras_csv,,10,"This professional occupation involves extensive digital knowledge work and analytical tasks that are highly susceptible to AI automation and augmentation. The work is primarily computer-based with limited physical requirements, making it highly exposed to AI capabilities.",
2212 Specialist medical practitioners (Level 4),2,2212-specialist-medical-practitioners-level-4,2212,105708,wages_statfin,,Bachelor's degree,3-5 years,None,14348,,8,Good prospects,extras_csv,,9,"This professional occupation involves extensive digital knowledge work and analytical tasks that are highly susceptible to AI automation and augmentation. The work is primarily computer-based with limited physical requirements, making it highly exposed to AI capabilities.",
22121 Senior physicians (Level 5),2,22121-senior-physicians-level-5,22121,129264,wages_statfin,,Bachelor's degree,2-4 years,None,3278,,6,Moderate prospects,extras_csv,,,,
22122 Specialists (Level 5),2,22122-specialists-level-5,22122,95088,wages_statfin,,Bachelor's degree,2-4 years,None,11070,,6,Moderate prospects,extras_csv,,8,"This occupation is fundamentally digital and data-driven, involving core tasks like market research, cost analysis, and report generation that align perfectly with AI's strengths. AI can automate the drafting of job descriptions, perform complex compensation benchmarking, and monitor regulatory changes, significantly increasing individual productivity and reducing the need for manual data processing.",
222 Nursing and midwifery professionals (Level 3),2,222-nursing-and-midwifery-professionals-level-3,222,50376,wages_statfin,,,,,5650,,,,,,9,"This professional occupation involves extensive digital knowledge work and analytical tasks that are highly susceptible to AI automation and augmentation. The work is primarily computer-based with limited physical requirements, making it highly exposed to AI capabilities.",
2221 Nursing professionals (Level 4),2,2221-nursing-professionals-level-4,2221,50376,wages_statfin,,Bachelor's degree,3-5 years,None,5650,,8,Good prospects,extras_csv,,9,"This professional occupation involves extensive digital knowledge work and analytical tasks that are highly susceptible to AI automation and augmentation. The work is primarily computer-based with limited physical requirements, making it highly exposed to AI capabilities.",
22211 Matrons (Level 5),2,22211-matrons-level-5,22211,68628,wages_statfin,,Bachelor's degree,2-4 years,None,512,,6,Moderate prospects,extras_csv,,,,
22212 Ward sisters (Level 5),2,22212-ward-sisters-level-5,22212,49812,wages_statfin,,Bachelor's degree,2-4 years,None,5138,,6,Moderate prospects,extras_csv,,,,
225 Veterinarians (Level 3),2,225-veterinarians-level-3,225,72144,wages_statfin,,,,,1798,,,,,,4,"Veterinary work is a hybrid of physical procedures and complex diagnostic knowledge work. While AI will significantly enhance diagnostic accuracy through image analysis (X-rays/ultrasounds) and treatment planning, the core of the job requires physical surgery, manual examinations, and high-stakes interpersonal communication with pet owners that cannot be automated.",
2250 Veterinarians (Level 4),2,2250-veterinarians-level-4,2250,72144,wages_statfin,,Bachelor's degree,2-4 years,None,1798,,5,Moderate prospects,extras_csv,,4,"Veterinary work is a hybrid of physical procedures and complex diagnostic knowledge work. While AI will significantly enhance diagnostic accuracy through image analysis (X-rays/ultrasounds) and treatment planning, the core of the job requires physical surgery, manual examinations, and high-stakes interpersonal communication with pet owners that cannot be automated.",
2250. Veterinarians (Level 5),2,2250-veterinarians-level-5,2250.,72144,wages_statfin,,Bachelor's degree,2-4 years,None,1798,,5,Moderate prospects,extras_csv,,4,"Veterinary work is a hybrid of physical procedures and complex diagnostic knowledge work. While AI will significantly enhance diagnostic accuracy through image analysis (X-rays/ultrasounds) and treatment planning, the core of the job requires physical surgery, manual examinations, and high-stakes interpersonal communication with pet owners that cannot be automated.",
226 Other health professionals (Level 3),2,226-other-health-professionals-level-3,226,59112,wages_statfin,,Bachelor's degree,2-4 years,None,12792,,6,Moderate prospects,,,9,"This professional occupation involves extensive digital knowledge work and analytical tasks that are highly susceptible to AI automation and augmentation. The work is primarily computer-based with limited physical requirements, making it highly exposed to AI capabilities.",
226.  (Not more specifically classified) Other health professionals (Level 4),2,226-not-more-specifically-classified-other-health-professionals-level-4,226.,,,,Bachelor's degree,2-4 years,None,0,,6,Moderate prospects,extras_csv,,9,"This professional occupation involves extensive digital knowledge work and analytical tasks that are highly susceptible to AI automation and augmentation. The work is primarily computer-based with limited physical requirements, making it highly exposed to AI capabilities.",
226.. (Not more specifically classified) Other health professionals (Level 5),2,226-not-more-specifically-classified-other-health-professionals-level-5,226..,59112,wages_statfin,,Bachelor's degree,2-4 years,None,0,,6,Moderate prospects,extras_csv,,9,"This professional occupation involves extensive digital knowledge work and analytical tasks that are highly susceptible to AI automation and augmentation. The work is primarily computer-based with limited physical requirements, making it highly exposed to AI capabilities.",
2261 Dentists (Level 4),2,2261-dentists-level-4,2261,86160,wages_statfin,,Bachelor's degree,2-4 years,None,4300,,6,Moderate prospects,extras_csv,,3,"The core of dentistry involves highly precise physical procedures, manual dexterity, and real-time patient interaction in a clinical setting, which are resistant to AI automation. While AI will significantly enhance diagnostic accuracy through X-ray analysis and streamline administrative practice management, the physical requirement of performing surgery and restorative work creates a strong barrier to high exposure.",
2261. Dentists (Level 5),2,2261-dentists-level-5,2261.,86160,wages_statfin,,Bachelor's degree,2-4 years,None,4300,,6,Moderate prospects,extras_csv,,3,"The core of dentistry involves highly precise physical procedures, manual dexterity, and real-time patient interaction in a clinical setting, which are resistant to AI automation. While AI will significantly enhance diagnostic accuracy through X-ray analysis and streamline administrative practice management, the physical requirement of performing surgery and restorative work creates a strong barrier to high exposure.",
2262 Pharmacists (Level 4),2,2262-pharmacists-level-4,2262,60408,wages_statfin,,Bachelor's degree,2-4 years,None,1602,,7,Good prospects,extras_csv,,5,"Pharmacists face moderate exposure because their core knowledge-based tasks—checking drug interactions, verifying dosages, and analyzing patient records—are highly susceptible to AI automation and digital optimization. However, the role remains anchored by physical requirements such as administering immunizations, performing clinical rounds, and providing real-time, empathetic patient counseling that requires human trust and physical presence.",
2262. Pharmacists (Level 5),2,2262-pharmacists-level-5,2262.,60408,wages_statfin,,Bachelor's degree,2-4 years,None,1602,,7,Good prospects,extras_csv,,5,"Pharmacists face moderate exposure because their core knowledge-based tasks—checking drug interactions, verifying dosages, and analyzing patient records—are highly susceptible to AI automation and digital optimization. However, the role remains anchored by physical requirements such as administering immunizations, performing clinical rounds, and providing real-time, empathetic patient counseling that requires human trust and physical presence.",
2263 Environmental and occupational health and hygiene professionals (Level 4),2,2263-environmental-and-occupational-health-and-hygiene-professionals-level-4,2263,61860,wages_statfin,,Bachelor's degree,2-4 years,None,773,,7,Good prospects,extras_csv,,5,"This occupation is a hybrid of physical fieldwork and digital knowledge work. While AI can significantly automate data analysis, report writing, and regulatory cross-referencing, the core duties require physical inspections of worksites, manual testing with specialized equipment, and real-time human interaction to conduct safety trainings and emergency investigations.",
2263. Environmental and occupational health and hygiene professionals (Level 5),2,2263-environmental-and-occupational-health-and-hygiene-professionals-level-5,2263.,61860,wages_statfin,,Bachelor's degree,2-4 years,None,773,,7,Good prospects,extras_csv,,5,"This occupation is a hybrid of physical fieldwork and digital knowledge work. While AI can significantly automate data analysis, report writing, and regulatory cross-referencing, the core duties require physical inspections of worksites, manual testing with specialized equipment, and real-time human interaction to conduct safety trainings and emergency investigations.",
2265 Dieticians and nutritionists (Level 4),2,2265-dieticians-and-nutritionists-level-4,2265,48108,wages_statfin,,Bachelor's degree,2-4 years,None,447,,5,Moderate prospects,extras_csv,,6,"The core tasks of analyzing nutritional data, interpreting research, and creating personalized meal plans are highly digital and data-driven, making them susceptible to AI automation and augmentation. However, the role requires significant interpersonal counseling, empathy, and clinical judgment in medical settings, which provides a buffer against full automation.",
2265. Dieticians and nutritionists (Level 5),2,2265-dieticians-and-nutritionists-level-5,2265.,48108,wages_statfin,,Bachelor's degree,2-4 years,None,447,,5,Moderate prospects,extras_csv,,6,"The core tasks of analyzing nutritional data, interpreting research, and creating personalized meal plans are highly digital and data-driven, making them susceptible to AI automation and augmentation. However, the role requires significant interpersonal counseling, empathy, and clinical judgment in medical settings, which provides a buffer against full automation.",
2266 Audiologists and speech therapists (Level 4),2,2266-audiologists-and-speech-therapists-level-4,2266,49728,wages_statfin,,Bachelor's degree,2-4 years,None,1864,,6,Moderate prospects,extras_csv,,4,"Audiology is a clinical healthcare profession that requires physical presence for examinations, wax removal, and fitting hardware like hearing aids or cochlear implants. While AI will significantly enhance diagnostic accuracy, signal processing in hearing devices, and automated testing, the core of the job involves interpersonal counseling, physical patient interaction, and complex clinical judgment that cannot be fully digitized.",
2266. Audiologists and speech therapists (Level 5),2,2266-audiologists-and-speech-therapists-level-5,2266.,49728,wages_statfin,,Bachelor's degree,2-4 years,None,1864,,6,Moderate prospects,extras_csv,,4,"Audiology is a clinical healthcare profession that requires physical presence for examinations, wax removal, and fitting hardware like hearing aids or cochlear implants. While AI will significantly enhance diagnostic accuracy, signal processing in hearing devices, and automated testing, the core of the job involves interpersonal counseling, physical patient interaction, and complex clinical judgment that cannot be fully digitized.",
2269 Health professionals not elsewhere classified (Level 4),2,2269-health-professionals-not-elsewhere-classified-level-4,2269,55356,wages_statfin,,Bachelor's degree,2-4 years,None,3806,,6,Moderate prospects,extras_csv,,9,"This professional occupation involves extensive digital knowledge work and analytical tasks that are highly susceptible to AI automation and augmentation. The work is primarily computer-based with limited physical requirements, making it highly exposed to AI capabilities.",
2269. Health professionals not elsewhere classified (Level 5),2,2269-health-professionals-not-elsewhere-classified-level-5,2269.,55356,wages_statfin,,Bachelor's degree,2-4 years,None,3806,,6,Moderate prospects,extras_csv,,9,"This professional occupation involves extensive digital knowledge work and analytical tasks that are highly susceptible to AI automation and augmentation. The work is primarily computer-based with limited physical requirements, making it highly exposed to AI capabilities.",
23 Teaching professionals (Level 2),2,23-teaching-professionals-level-2,23,49788,wages_statfin,,,,,141077,,,,,,9,"This professional occupation involves extensive digital knowledge work and analytical tasks that are highly susceptible to AI automation and augmentation. The work is primarily computer-based with limited physical requirements, making it highly exposed to AI capabilities.",
231 University and higher education teachers (Level 3),2,231-university-and-higher-education-teachers-level-3,231,61692,wages_statfin,,,,,18543,,,,,,4,"While AI can significantly automate lesson planning, grading, and the delivery of theoretical knowledge, the core of this occupation involves supervising hands-on activities in physical environments like workshops and labs. Teaching students to safely use physical tools for trades like welding, culinary arts, or auto repair requires real-time human presence and physical intervention that AI cannot currently replicate.",
2310 University and higher education teachers (Level 4),2,2310-university-and-higher-education-teachers-level-4,2310,61692,wages_statfin,,Bachelor's degree,2-4 years,None,18543,,7,Good prospects,extras_csv,,4,"While AI can significantly automate lesson planning, grading, and the delivery of theoretical knowledge, the core of this occupation involves supervising hands-on activities in physical environments like workshops and labs. Teaching students to safely use physical tools for trades like welding, culinary arts, or auto repair requires real-time human presence and physical intervention that AI cannot currently replicate.",
23101 Professors (Level 5),2,23101-professors-level-5,23101,88248,wages_statfin,,Bachelor's degree,2-4 years,None,3061,,6,Moderate prospects,extras_csv,,,,
23102 Lecturers and senior assistants (university) (Level 5),2,23102-lecturers-and-senior-assistants-university-level-5,23102,55308,wages_statfin,,Bachelor's degree,2-4 years,None,4512,,6,Moderate prospects,extras_csv,,7,"A significant portion of this role involves routine information processing, cataloging, and answering reference questions, all of which are highly susceptible to AI automation. While physical tasks like reshelving books and interpersonal community programming provide some protection, the core digital and clerical functions are increasingly being handled by automated systems and AI-driven search tools.",
23103 Assistants and part-time lecturers (university) (Level 5),2,23103-assistants-and-part-time-lecturers-university-level-5,23103,36636,wages_statfin,,Bachelor's degree,2-4 years,None,4851,,6,Moderate prospects,extras_csv,,7,"A significant portion of this role involves routine information processing, cataloging, and answering reference questions, all of which are highly susceptible to AI automation. While physical tasks like reshelving books and interpersonal community programming provide some protection, the core digital and clerical functions are increasingly being handled by automated systems and AI-driven search tools.",
23104 Head teachers (polytechnics) (Level 5),2,23104-head-teachers-polytechnics-level-5,23104,76644,wages_statfin,,Bachelor's degree,2-4 years,None,592,,6,Moderate prospects,extras_csv,,,,
23105 Lecturers (polytechnics) (Level 5),2,23105-lecturers-polytechnics-level-5,23105,64704,wages_statfin,,Bachelor's degree,2-4 years,None,4916,,6,Moderate prospects,extras_csv,,,,
"23106 Part-time lecturers, etc. (polytechnics) (Level 5)",2,23106-part-time-lecturers-etc-polytechnics-level-5,23106,55800,wages_statfin,,Bachelor's degree,2-4 years,None,611,,6,Moderate prospects,extras_csv,,,,
232 Vocational education teachers (Level 3),2,232-vocational-education-teachers-level-3,232,54552,wages_statfin,,,,,14268,,,,,,7,"The core work product—language instruction, literacy training, and test preparation—is fundamentally digital and information-based, making it highly susceptible to AI-driven tutoring and translation tools. While the role requires significant cultural sensitivity and interpersonal motivation, AI can now provide personalized lesson plans, real-time feedback, and adaptive learning paths that significantly increase teacher productivity or replace routine instructional tasks.",
2320 Vocational education teachers (Level 4),2,2320-vocational-education-teachers-level-4,2320,54552,wages_statfin,,Bachelor's degree,2-4 years,None,14268,,6,Moderate prospects,extras_csv,,7,"The core work product—language instruction, literacy training, and test preparation—is fundamentally digital and information-based, making it highly susceptible to AI-driven tutoring and translation tools. While the role requires significant cultural sensitivity and interpersonal motivation, AI can now provide personalized lesson plans, real-time feedback, and adaptive learning paths that significantly increase teacher productivity or replace routine instructional tasks.",
2320. Vocational education teachers (Level 5),2,2320-vocational-education-teachers-level-5,2320.,54552,wages_statfin,,Bachelor's degree,2-4 years,None,14268,,6,Moderate prospects,extras_csv,,7,"The core work product—language instruction, literacy training, and test preparation—is fundamentally digital and information-based, making it highly susceptible to AI-driven tutoring and translation tools. While the role requires significant cultural sensitivity and interpersonal motivation, AI can now provide personalized lesson plans, real-time feedback, and adaptive learning paths that significantly increase teacher productivity or replace routine instructional tasks.",
233 Secondary education teachers (Level 3),2,233-secondary-education-teachers-level-3,233,56148,wages_statfin,,Bachelor's degree,2-4 years,None,24007,,6,Moderate prospects,,,7,"The core work product—language instruction, literacy training, and test preparation—is fundamentally digital and information-based, making it highly susceptible to AI-driven tutoring and translation tools. While the role requires significant cultural sensitivity and interpersonal motivation, AI can now provide personalized lesson plans, real-time feedback, and adaptive learning paths that significantly increase teacher productivity or replace routine instructional tasks.",
233.  (Not more specifically classified) Secondary education teachers (Level 4),2,233-not-more-specifically-classified-secondary-education-teachers-level-4,233.,,,,Bachelor's degree,2-4 years,None,0,,6,Moderate prospects,extras_csv,,9,"This professional occupation involves extensive digital knowledge work and analytical tasks that are highly susceptible to AI automation and augmentation. The work is primarily computer-based with limited physical requirements, making it highly exposed to AI capabilities.",
233.. (Not more specifically classified) Secondary education teachers (Level 5),2,233-not-more-specifically-classified-secondary-education-teachers-level-5,233..,56148,wages_statfin,,Bachelor's degree,2-4 years,None,0,,6,Moderate prospects,extras_csv,,9,"This professional occupation involves extensive digital knowledge work and analytical tasks that are highly susceptible to AI automation and augmentation. The work is primarily computer-based with limited physical requirements, making it highly exposed to AI capabilities.",
2330 Secondary education teachers (Level 4),2,2330-secondary-education-teachers-level-4,2330,56148,wages_statfin,,Bachelor's degree,2-4 years,None,24007,,6,Moderate prospects,extras_csv,,7,"The core work product—language instruction, literacy training, and test preparation—is fundamentally digital and information-based, making it highly susceptible to AI-driven tutoring and translation tools. While the role requires significant cultural sensitivity and interpersonal motivation, AI can now provide personalized lesson plans, real-time feedback, and adaptive learning paths that significantly increase teacher productivity or replace routine instructional tasks.",
234 Primary school and early childhood teachers (Level 3),2,234-primary-school-and-early-childhood-teachers-level-3,234,42936,wages_statfin,,Bachelor's degree,2-4 years,None,51457,,6,Moderate prospects,,,6,"AI will significantly automate back-end knowledge work such as lesson planning, grading, and administrative communication, which currently occupy a large portion of a teacher's time. However, the core of the role involves physical supervision, emotional support, and real-time behavioral management of young children, which creates a substantial barrier to full automation.",
234.  (Not more specifically classified) Primary school and early childhood teachers (Level 4),2,234-not-more-specifically-classified-primary-school-and-early-childhood-teachers-level-4,234.,,,,Bachelor's degree,2-4 years,None,0,,6,Moderate prospects,extras_csv,,9,"This professional occupation involves extensive digital knowledge work and analytical tasks that are highly susceptible to AI automation and augmentation. The work is primarily computer-based with limited physical requirements, making it highly exposed to AI capabilities.",
234.. (Not more specifically classified) Primary school and early childhood teachers (Level 5),2,234-not-more-specifically-classified-primary-school-and-early-childhood-teachers-level-5,234..,42936,wages_statfin,,Bachelor's degree,2-4 years,None,0,,6,Moderate prospects,extras_csv,,9,"This professional occupation involves extensive digital knowledge work and analytical tasks that are highly susceptible to AI automation and augmentation. The work is primarily computer-based with limited physical requirements, making it highly exposed to AI capabilities.",
2341 Primary school teachers (Level 4),2,2341-primary-school-teachers-level-4,2341,50076,wages_statfin,,Bachelor's degree,2-4 years,None,28744,,6,Moderate prospects,extras_csv,,7,"High school teachers are heavily exposed because core digital tasks like lesson planning, content creation, and grading are highly susceptible to AI automation and augmentation. While the physical requirement of classroom management and interpersonal mentorship provides a buffer, AI's ability to provide personalized tutoring and automated feedback significantly reshapes the instructional delivery and administrative workload of the profession.",
23411 Class teachers in primary education (Level 5),2,23411-class-teachers-in-primary-education-level-5,23411,50148,wages_statfin,,Bachelor's degree,2-4 years,None,19675,,6,Moderate prospects,extras_csv,,7,"The core work product—language instruction, literacy training, and test preparation—is fundamentally digital and information-based, making it highly susceptible to AI-driven tutoring and translation tools. While the role requires significant cultural sensitivity and interpersonal motivation, AI can now provide personalized lesson plans, real-time feedback, and adaptive learning paths that significantly increase teacher productivity or replace routine instructional tasks.",
23412 Subject teachers in primary education (Level 5),2,23412-subject-teachers-in-primary-education-level-5,23412,49656,wages_statfin,,Bachelor's degree,2-4 years,None,9069,,6,Moderate prospects,extras_csv,,7,"The core work product—language instruction, literacy training, and test preparation—is fundamentally digital and information-based, making it highly susceptible to AI-driven tutoring and translation tools. While the role requires significant cultural sensitivity and interpersonal motivation, AI can now provide personalized lesson plans, real-time feedback, and adaptive learning paths that significantly increase teacher productivity or replace routine instructional tasks.",
2342 Early childhood educators (Level 4),2,2342-early-childhood-educators-level-4,2342,38772,wages_statfin,,Bachelor's degree,2-4 years,None,22713,,6,Moderate prospects,extras_csv,,9,"This professional occupation involves extensive digital knowledge work and analytical tasks that are highly susceptible to AI automation and augmentation. The work is primarily computer-based with limited physical requirements, making it highly exposed to AI capabilities.",
2342. Early childhood educators (Level 5),2,2342-early-childhood-educators-level-5,2342.,38772,wages_statfin,,Bachelor's degree,2-4 years,None,22713,,6,Moderate prospects,extras_csv,,9,"This professional occupation involves extensive digital knowledge work and analytical tasks that are highly susceptible to AI automation and augmentation. The work is primarily computer-based with limited physical requirements, making it highly exposed to AI capabilities.",
235 Other teaching professionals (Level 3),2,235-other-teaching-professionals-level-3,235,48504,wages_statfin,,Bachelor's degree,2-4 years,None,32802,,6,Moderate prospects,,,9,"This professional occupation involves extensive digital knowledge work and analytical tasks that are highly susceptible to AI automation and augmentation. The work is primarily computer-based with limited physical requirements, making it highly exposed to AI capabilities.",
235.  (Not more specifically classified) Other teaching professionals (Level 4),2,235-not-more-specifically-classified-other-teaching-professionals-level-4,235.,,,,Bachelor's degree,2-4 years,None,0,,6,Moderate prospects,extras_csv,,9,"This professional occupation involves extensive digital knowledge work and analytical tasks that are highly susceptible to AI automation and augmentation. The work is primarily computer-based with limited physical requirements, making it highly exposed to AI capabilities.",
235.. (Not more specifically classified) Other teaching professionals (Level 5),2,235-not-more-specifically-classified-other-teaching-professionals-level-5,235..,48504,wages_statfin,,Bachelor's degree,2-4 years,None,0,,6,Moderate prospects,extras_csv,,9,"This professional occupation involves extensive digital knowledge work and analytical tasks that are highly susceptible to AI automation and augmentation. The work is primarily computer-based with limited physical requirements, making it highly exposed to AI capabilities.",
2351 Education methods specialists (Level 4),2,2351-education-methods-specialists-level-4,2351,48168,wages_statfin,,Bachelor's degree,2-4 years,None,6792,,6,Moderate prospects,extras_csv,,6,"A significant portion of the role involves digital knowledge work such as analyzing community health data, writing grant proposals, and creating educational materials, all of which are highly susceptible to AI augmentation. However, the core requirements of community advocacy, empathetic interpersonal interaction, and physical presence for local events and training provide a buffer against full automation.",
2351. Education methods specialists (Level 5),2,2351-education-methods-specialists-level-5,2351.,48168,wages_statfin,,Bachelor's degree,2-4 years,None,6792,,6,Moderate prospects,extras_csv,,6,"A significant portion of the role involves digital knowledge work such as analyzing community health data, writing grant proposals, and creating educational materials, all of which are highly susceptible to AI augmentation. However, the core requirements of community advocacy, empathetic interpersonal interaction, and physical presence for local events and training provide a buffer against full automation.",
2352 Special needs teachers (Level 4),2,2352-special-needs-teachers-level-4,2352,53892,wages_statfin,,Bachelor's degree,2-4 years,None,9681,,5,Moderate prospects,extras_csv,,5,"AI will significantly streamline the digital and administrative aspects of the role, such as drafting Individualized Education Programs (IEPs), adapting lesson plans, and tracking student data. However, the core of the job requires intense physical presence, emotional intelligence, and real-time behavioral management for students with complex disabilities, which AI cannot replicate.",
2352. Special needs teachers (Level 5),2,2352-special-needs-teachers-level-5,2352.,53892,wages_statfin,,Bachelor's degree,2-4 years,None,9681,,5,Moderate prospects,extras_csv,,5,"AI will significantly streamline the digital and administrative aspects of the role, such as drafting Individualized Education Programs (IEPs), adapting lesson plans, and tracking student data. However, the core of the job requires intense physical presence, emotional intelligence, and real-time behavioral management for students with complex disabilities, which AI cannot replicate.",
2353 Other language teachers (Level 4),2,2353-other-language-teachers-level-4,2353,44400,wages_statfin,,Bachelor's degree,2-4 years,None,325,,5,Moderate prospects,extras_csv,,9,"This professional occupation involves extensive digital knowledge work and analytical tasks that are highly susceptible to AI automation and augmentation. The work is primarily computer-based with limited physical requirements, making it highly exposed to AI capabilities.",
2353. Other language teachers (Level 5),2,2353-other-language-teachers-level-5,2353.,44400,wages_statfin,,Bachelor's degree,2-4 years,None,325,,5,Moderate prospects,extras_csv,,9,"This professional occupation involves extensive digital knowledge work and analytical tasks that are highly susceptible to AI automation and augmentation. The work is primarily computer-based with limited physical requirements, making it highly exposed to AI capabilities.",
2354 Other music teachers (Level 4),2,2354-other-music-teachers-level-4,2354,41988,wages_statfin,,Bachelor's degree,2-4 years,None,2554,,6,Moderate prospects,extras_csv,,9,"This professional occupation involves extensive digital knowledge work and analytical tasks that are highly susceptible to AI automation and augmentation. The work is primarily computer-based with limited physical requirements, making it highly exposed to AI capabilities.",
2354. Other music teachers (Level 5),2,2354-other-music-teachers-level-5,2354.,41988,wages_statfin,,Bachelor's degree,2-4 years,None,2554,,6,Moderate prospects,extras_csv,,9,"This professional occupation involves extensive digital knowledge work and analytical tasks that are highly susceptible to AI automation and augmentation. The work is primarily computer-based with limited physical requirements, making it highly exposed to AI capabilities.",
2355 Other arts teachers (Level 4),2,2355-other-arts-teachers-level-4,2355,35124,wages_statfin,,Bachelor's degree,2-4 years,None,1530,,6,Moderate prospects,extras_csv,,9,"This professional occupation involves extensive digital knowledge work and analytical tasks that are highly susceptible to AI automation and augmentation. The work is primarily computer-based with limited physical requirements, making it highly exposed to AI capabilities.",
2355. Other arts teachers (Level 5),2,2355-other-arts-teachers-level-5,2355.,35124,wages_statfin,,Bachelor's degree,2-4 years,None,1530,,6,Moderate prospects,extras_csv,,9,"This professional occupation involves extensive digital knowledge work and analytical tasks that are highly susceptible to AI automation and augmentation. The work is primarily computer-based with limited physical requirements, making it highly exposed to AI capabilities.",
2356 Information technology trainers (Level 4),2,2356-information-technology-trainers-level-4,2356,48624,wages_statfin,,Bachelor's degree,2-4 years,None,158,,6,Moderate prospects,extras_csv,,10,"This professional occupation involves extensive digital knowledge work and analytical tasks that are highly susceptible to AI automation and augmentation. The work is primarily computer-based with limited physical requirements, making it highly exposed to AI capabilities.",
2356. Information technology trainers (Level 5),2,2356-information-technology-trainers-level-5,2356.,48624,wages_statfin,,Bachelor's degree,2-4 years,None,158,,6,Moderate prospects,extras_csv,,10,"This professional occupation involves extensive digital knowledge work and analytical tasks that are highly susceptible to AI automation and augmentation. The work is primarily computer-based with limited physical requirements, making it highly exposed to AI capabilities.",
2359 Teaching professionals not elsewhere classified (Level 4),2,2359-teaching-professionals-not-elsewhere-classified-level-4,2359,43164,wages_statfin,,Bachelor's degree,2-4 years,None,11762,,4,Below average,extras_csv,,9,"This professional occupation involves extensive digital knowledge work and analytical tasks that are highly susceptible to AI automation and augmentation. The work is primarily computer-based with limited physical requirements, making it highly exposed to AI capabilities.",
23591 Career counsellors (Level 5),2,23591-career-counsellors-level-5,23591,39240,wages_statfin,,Bachelor's degree,2-4 years,None,4423,,6,Moderate prospects,extras_csv,,,,
23592 Other teaching professionals (Level 5),2,23592-other-teaching-professionals-level-5,23592,45144,wages_statfin,,Bachelor's degree,2-4 years,None,7339,,6,Moderate prospects,extras_csv,,9,"This professional occupation involves extensive digital knowledge work and analytical tasks that are highly susceptible to AI automation and augmentation. The work is primarily computer-based with limited physical requirements, making it highly exposed to AI capabilities.",
23301 Teachers in mathematical subjects (Level 5),2,23301-teachers-in-mathematical-subjects-level-5,23301,60060,wages_statfin,,Bachelor's degree,2-4 years,None,487,,6,Moderate prospects,extras_csv,,,,
23302 Native language and literature teachers (Level 5),2,23302-native-language-and-literature-teachers-level-5,23302,57180,wages_statfin,,Bachelor's degree,2-4 years,None,323,,6,Moderate prospects,extras_csv,,7,"The core work product—language instruction, literacy training, and test preparation—is fundamentally digital and information-based, making it highly susceptible to AI-driven tutoring and translation tools. While the role requires significant cultural sensitivity and interpersonal motivation, AI can now provide personalized lesson plans, real-time feedback, and adaptive learning paths that significantly increase teacher productivity or replace routine instructional tasks.",
23303 Crafts and art teachers (Level 5),2,23303-crafts-and-art-teachers-level-5,23303,55224,wages_statfin,,Bachelor's degree,2-4 years,None,551,,6,Moderate prospects,extras_csv,,7,"The core work product—language instruction, literacy training, and test preparation—is fundamentally digital and information-based, making it highly susceptible to AI-driven tutoring and translation tools. While the role requires significant cultural sensitivity and interpersonal motivation, AI can now provide personalized lesson plans, real-time feedback, and adaptive learning paths that significantly increase teacher productivity or replace routine instructional tasks.",
23304 Other secondary education teaching professionals (Level 5),2,23304-other-secondary-education-teaching-professionals-level-5,23304,56064,wages_statfin,,Bachelor's degree,2-4 years,None,22646,,6,Moderate prospects,extras_csv,,9,"This professional occupation involves extensive digital knowledge work and analytical tasks that are highly susceptible to AI automation and augmentation. The work is primarily computer-based with limited physical requirements, making it highly exposed to AI capabilities.",
24 Business and administration professionals (Level 2),2,24-business-and-administration-professionals-level-2,24,58872,wages_statfin,,,,,118008,,,,,,9,"This professional occupation involves extensive digital knowledge work and analytical tasks that are highly susceptible to AI automation and augmentation. The work is primarily computer-based with limited physical requirements, making it highly exposed to AI capabilities.",
241 Finance professionals (Level 3),2,241-finance-professionals-level-3,241,61140,wages_statfin,,,,,25502,,,,,,,,
2411 Accountants (Level 4),2,2411-accountants-level-4,2411,60156,wages_statfin,,Bachelor's degree,2-4 years,None,19044,,7,Good prospects,extras_csv,,8,"Accountancy is a fundamentally digital occupation centered on data analysis, regulatory compliance, and reporting, all of which are highly susceptible to AI and robotic process automation. While high-level advisory roles and complex forensic audits require human judgment and relationship management, the core tasks of data organization, tax computation, and anomaly detection are increasingly being automated, significantly increasing worker productivity and restructuring the entry-level labor market.",
2411. Accountants (Level 5),2,2411-accountants-level-5,2411.,60156,wages_statfin,,Bachelor's degree,2-4 years,None,19044,,7,Good prospects,extras_csv,,8,"Accountancy is a fundamentally digital occupation centered on data analysis, regulatory compliance, and reporting, all of which are highly susceptible to AI and robotic process automation. While high-level advisory roles and complex forensic audits require human judgment and relationship management, the core tasks of data organization, tax computation, and anomaly detection are increasingly being automated, significantly increasing worker productivity and restructuring the entry-level labor market.",
2412 Financial and investment advisers (Level 4),2,2412-financial-and-investment-advisers-level-4,2412,64908,wages_statfin,,Bachelor's degree,2-4 years,None,5185,,7,Good prospects,extras_csv,,8,"This occupation is almost entirely digital and information-based, involving data analysis, market monitoring, and financial modeling—all areas where AI is rapidly achieving parity with human experts. While high-level relationship management and complex negotiation (like M&A) provide some insulation, the core tasks of identifying investment opportunities, executing trades, and providing routine financial advice are highly susceptible to automation and significant productivity gains that could reduce the need for human agents.",
2412. Financial and investment advisers (Level 5),2,2412-financial-and-investment-advisers-level-5,2412.,64908,wages_statfin,,Bachelor's degree,2-4 years,None,5185,,7,Good prospects,extras_csv,,8,"This occupation is almost entirely digital and information-based, involving data analysis, market monitoring, and financial modeling—all areas where AI is rapidly achieving parity with human experts. While high-level relationship management and complex negotiation (like M&A) provide some insulation, the core tasks of identifying investment opportunities, executing trades, and providing routine financial advice are highly susceptible to automation and significant productivity gains that could reduce the need for human agents.",
2413 Financial analysts (Level 4),2,2413-financial-analysts-level-4,2413,65976,wages_statfin,,Bachelor's degree,2-4 years,None,1273,,6,Moderate prospects,extras_csv,,9,"Financial analysts perform work that is almost entirely digital, involving the processing of large datasets, trend analysis, and the generation of reports—all areas where AI excels. While high-level strategy and client relationships provide some insulation, the core tasks of data evaluation, risk assessment, and financial modeling are being rapidly automated or significantly enhanced by AI, leading to major restructuring of the occupation.",
2413. Financial analysts (Level 5),2,2413-financial-analysts-level-5,2413.,65976,wages_statfin,,Bachelor's degree,2-4 years,None,1273,,6,Moderate prospects,extras_csv,,9,"Financial analysts perform work that is almost entirely digital, involving the processing of large datasets, trend analysis, and the generation of reports—all areas where AI excels. While high-level strategy and client relationships provide some insulation, the core tasks of data evaluation, risk assessment, and financial modeling are being rapidly automated or significantly enhanced by AI, leading to major restructuring of the occupation.",
242 Administration professionals (Level 3),2,242-administration-professionals-level-3,242,57840,wages_statfin,,,,,53239,,,,,,9,"This professional occupation involves extensive digital knowledge work and analytical tasks that are highly susceptible to AI automation and augmentation. The work is primarily computer-based with limited physical requirements, making it highly exposed to AI capabilities.",
2421 Management and organization analysts (Level 4),2,2421-management-and-organization-analysts-level-4,2421,67236,wages_statfin,,Bachelor's degree,2-4 years,None,19055,,7,Good prospects,extras_csv,,7,"Management analysts perform high-level knowledge work—including data analysis, report writing, and financial modeling—that is highly susceptible to AI augmentation and automation. While the role requires significant interpersonal skills for client interviews and stakeholder management, the core 'back-office' tasks of synthesizing information and developing efficiency recommendations are increasingly being streamlined by AI tools.",
2421. Management and organization analysts (Level 5),2,2421-management-and-organization-analysts-level-5,2421.,67236,wages_statfin,,Bachelor's degree,2-4 years,None,19055,,7,Good prospects,extras_csv,,7,"Management analysts perform high-level knowledge work—including data analysis, report writing, and financial modeling—that is highly susceptible to AI augmentation and automation. While the role requires significant interpersonal skills for client interviews and stakeholder management, the core 'back-office' tasks of synthesizing information and developing efficiency recommendations are increasingly being streamlined by AI tools.",
2422 Policy administration professionals (Level 4),2,2422-policy-administration-professionals-level-4,2422,55956,wages_statfin,,Bachelor's degree,2-4 years,None,21451,,6,Moderate prospects,extras_csv,,9,"This professional occupation involves extensive digital knowledge work and analytical tasks that are highly susceptible to AI automation and augmentation. The work is primarily computer-based with limited physical requirements, making it highly exposed to AI capabilities.",
2422. Policy administration professionals (Level 5),2,2422-policy-administration-professionals-level-5,2422.,55956,wages_statfin,,Bachelor's degree,2-4 years,None,21451,,6,Moderate prospects,extras_csv,,9,"This professional occupation involves extensive digital knowledge work and analytical tasks that are highly susceptible to AI automation and augmentation. The work is primarily computer-based with limited physical requirements, making it highly exposed to AI capabilities.",
2423 Personnel and careers professionals (Level 4),2,2423-personnel-and-careers-professionals-level-4,2423,54348,wages_statfin,,Bachelor's degree,2-4 years,None,9776,,6,Moderate prospects,extras_csv,,8,"This professional occupation involves extensive digital knowledge work and analytical tasks that are highly susceptible to AI automation and augmentation. The work is primarily computer-based with limited physical requirements, making it highly exposed to AI capabilities.",
2423. Personnel and careers professionals (Level 5),2,2423-personnel-and-careers-professionals-level-5,2423.,54348,wages_statfin,,Bachelor's degree,2-4 years,None,9776,,6,Moderate prospects,extras_csv,,8,"This professional occupation involves extensive digital knowledge work and analytical tasks that are highly susceptible to AI automation and augmentation. The work is primarily computer-based with limited physical requirements, making it highly exposed to AI capabilities.",
2424 Training and staff development professionals (Level 4),2,2424-training-and-staff-development-professionals-level-4,2424,52320,wages_statfin,,Bachelor's degree,2-4 years,None,2957,,6,Moderate prospects,extras_csv,,7,"This role is predominantly digital and knowledge-based, involving the creation of instructional content, data-driven needs assessments, and budget management—all areas where AI is highly capable. While the role requires significant human-centric leadership and stakeholder collaboration, AI can automate the generation of training materials, personalize learning paths, and analyze program effectiveness, substantially increasing the productivity of each manager.",
2424. Training and staff development professionals (Level 5),2,2424-training-and-staff-development-professionals-level-5,2424.,52320,wages_statfin,,Bachelor's degree,2-4 years,None,2957,,6,Moderate prospects,extras_csv,,7,"This role is predominantly digital and knowledge-based, involving the creation of instructional content, data-driven needs assessments, and budget management—all areas where AI is highly capable. While the role requires significant human-centric leadership and stakeholder collaboration, AI can automate the generation of training materials, personalize learning paths, and analyze program effectiveness, substantially increasing the productivity of each manager.",
"243 Sales, marketing and public relations professionals (Level 3)",2,243-sales-marketing-and-public-relations-professionals-level-3,243,58884,wages_statfin,,Bachelor's degree,2-4 years,None,39267,,6,Moderate prospects,,,8,"This occupation is predominantly digital and information-based, involving market research, data analysis, and content strategy—all areas where AI is rapidly advancing. While high-level strategic decision-making and stakeholder management provide some insulation, AI can now automate significant portions of campaign planning, creative drafting, and consumer data processing, leading to major restructuring of the role.",
"243.  (Not more specifically classified) Sales, marketing and public relations professionals (Level 4)",2,243-not-more-specifically-classified-sales-marketing-and-public-relations-professionals-level-4,243.,,,,Bachelor's degree,2-4 years,None,0,,6,Moderate prospects,extras_csv,,9,"This professional occupation involves extensive digital knowledge work and analytical tasks that are highly susceptible to AI automation and augmentation. The work is primarily computer-based with limited physical requirements, making it highly exposed to AI capabilities.",
"243.. (Not more specifically classified) Sales, marketing and public relations professionals (Level 5)",2,243-not-more-specifically-classified-sales-marketing-and-public-relations-professionals-level-5,243..,58884,wages_statfin,,Bachelor's degree,2-4 years,None,0,,6,Moderate prospects,extras_csv,,9,"This professional occupation involves extensive digital knowledge work and analytical tasks that are highly susceptible to AI automation and augmentation. The work is primarily computer-based with limited physical requirements, making it highly exposed to AI capabilities.",
2431 Advertising and marketing professionals (Level 4),2,2431-advertising-and-marketing-professionals-level-4,2431,55440,wages_statfin,,Bachelor's degree,2-4 years,None,18105,,6,Moderate prospects,extras_csv,,8,"This occupation is predominantly digital and information-based, involving market research, data analysis, and content strategy—all areas where AI is rapidly advancing. While high-level strategic decision-making and stakeholder management provide some insulation, AI can now automate significant portions of campaign planning, creative drafting, and consumer data processing, leading to major restructuring of the role.",
2431. Advertising and marketing professionals (Level 5),2,2431-advertising-and-marketing-professionals-level-5,2431.,55440,wages_statfin,,Bachelor's degree,2-4 years,None,18105,,6,Moderate prospects,extras_csv,,8,"This occupation is predominantly digital and information-based, involving market research, data analysis, and content strategy—all areas where AI is rapidly advancing. While high-level strategic decision-making and stakeholder management provide some insulation, AI can now automate significant portions of campaign planning, creative drafting, and consumer data processing, leading to major restructuring of the role.",
2432 Public relations professionals (Level 4),2,2432-public-relations-professionals-level-4,2432,52020,wages_statfin,,Bachelor's degree,2-4 years,None,6703,,5,Moderate prospects,extras_csv,,7,"The core digital tasks of this role—writing press releases, drafting speeches, analyzing social media trends, and creating fundraising strategies—are highly susceptible to AI automation and enhancement. However, the role's heavy reliance on high-stakes interpersonal relationships, such as face-to-face donor meetings and managing media crises, provides a significant human-centric buffer that prevents a higher score.",
2432. Public relations professionals (Level 5),2,2432-public-relations-professionals-level-5,2432.,52020,wages_statfin,,Bachelor's degree,2-4 years,None,6703,,5,Moderate prospects,extras_csv,,7,"The core digital tasks of this role—writing press releases, drafting speeches, analyzing social media trends, and creating fundraising strategies—are highly susceptible to AI automation and enhancement. However, the role's heavy reliance on high-stakes interpersonal relationships, such as face-to-face donor meetings and managing media crises, provides a significant human-centric buffer that prevents a higher score.",
2433 Technical and medical sales professionals (excluding ICT) (Level 4),2,2433-technical-and-medical-sales-professionals-excluding-ict-level-4,2433,67668,wages_statfin,,Bachelor's degree,2-4 years,None,9342,,5,Moderate prospects,extras_csv,,4,"While AI can significantly automate lesson planning, grading, and the delivery of theoretical knowledge, the core of this occupation involves supervising hands-on activities in physical environments like workshops and labs. Teaching students to safely use physical tools for trades like welding, culinary arts, or auto repair requires real-time human presence and physical intervention that AI cannot currently replicate.",
2433. Technical and medical sales professionals (excluding ICT) (Level 5),2,2433-technical-and-medical-sales-professionals-excluding-ict-level-5,2433.,67668,wages_statfin,,Bachelor's degree,2-4 years,None,9342,,5,Moderate prospects,extras_csv,,4,"While AI can significantly automate lesson planning, grading, and the delivery of theoretical knowledge, the core of this occupation involves supervising hands-on activities in physical environments like workshops and labs. Teaching students to safely use physical tools for trades like welding, culinary arts, or auto repair requires real-time human presence and physical intervention that AI cannot currently replicate.",
2434 Information and communications technology sales professionals (Level 4),2,2434-information-and-communications-technology-sales-professionals-level-4,2434,66792,wages_statfin,,Bachelor's degree,2-4 years,None,5117,,6,Moderate prospects,extras_csv,,9,"This occupation is fundamentally digital, involving high-level coding, algorithm design, and data analysis—all areas where AI is rapidly advancing. While these scientists are the ones building AI, the tools they create are increasingly capable of automating their own core tasks, such as writing code, simplifying algorithms, and analyzing experimental results, leading to extreme productivity gains and role restructuring.",
2434. Information and communications technology sales professionals (Level 5),2,2434-information-and-communications-technology-sales-professionals-level-5,2434.,66792,wages_statfin,,Bachelor's degree,2-4 years,None,5117,,6,Moderate prospects,extras_csv,,9,"This occupation is fundamentally digital, involving high-level coding, algorithm design, and data analysis—all areas where AI is rapidly advancing. While these scientists are the ones building AI, the tools they create are increasingly capable of automating their own core tasks, such as writing code, simplifying algorithms, and analyzing experimental results, leading to extreme productivity gains and role restructuring.",
25 Information and communications technology professionals (Level 2),2,25-information-and-communications-technology-professionals-level-2,25,62040,wages_statfin,,Bachelor's degree,2-4 years,None,83866,,6,Moderate prospects,,,9,"This occupation is fundamentally digital, involving high-level coding, algorithm design, and data analysis—all areas where AI is rapidly advancing. While these scientists are the ones building AI, the tools they create are increasingly capable of automating their own core tasks, such as writing code, simplifying algorithms, and analyzing experimental results, leading to extreme productivity gains and role restructuring.",
25. (Not more specifically classified) Information and communications technology professionals (Level 3),2,25-not-more-specifically-classified-information-and-communications-technology-professionals-level-3,25.,,,,,,,0,,,,,,9,"This professional occupation involves extensive digital knowledge work and analytical tasks that are highly susceptible to AI automation and augmentation. The work is primarily computer-based with limited physical requirements, making it highly exposed to AI capabilities.",
25..  (Not more specifically classified) Information and communications technology professionals (Level 4),2,25-not-more-specifically-classified-information-and-communications-technology-professionals-level-4,25..,,,,Bachelor's degree,2-4 years,None,0,,6,Moderate prospects,extras_csv,,9,"This professional occupation involves extensive digital knowledge work and analytical tasks that are highly susceptible to AI automation and augmentation. The work is primarily computer-based with limited physical requirements, making it highly exposed to AI capabilities.",
25... (Not more specifically classified) Information and communications technology professionals (Level 5),2,25-not-more-specifically-classified-information-and-communications-technology-professionals-level-5,25...,62040,wages_statfin,,Bachelor's degree,2-4 years,None,0,,6,Moderate prospects,extras_csv,,9,"This professional occupation involves extensive digital knowledge work and analytical tasks that are highly susceptible to AI automation and augmentation. The work is primarily computer-based with limited physical requirements, making it highly exposed to AI capabilities.",
251 Software and applications developers and analysts (Level 3),2,251-software-and-applications-developers-and-analysts-level-3,251,62712,wages_statfin,,Bachelor's degree,2-4 years,None,71211,,6,Moderate prospects,,,7,"The core work product is digital (text, scripts, and multimedia), and AI can already automate significant portions of research, drafting, and editing. While physical presence for field reporting and the cultivation of human sources provide a protective barrier, the overall occupation faces high exposure as AI tools drastically increase individual productivity, potentially leading to further industry consolidation and fewer required roles.",
251.  (Not more specifically classified) Software and applications developers and analysts (Level 4),2,251-not-more-specifically-classified-software-and-applications-developers-and-analysts-level-4,251.,,,,Bachelor's degree,2-4 years,None,0,,6,Moderate prospects,extras_csv,,9,"This professional occupation involves extensive digital knowledge work and analytical tasks that are highly susceptible to AI automation and augmentation. The work is primarily computer-based with limited physical requirements, making it highly exposed to AI capabilities.",
251.. (Not more specifically classified) Software and applications developers and analysts (Level 5),2,251-not-more-specifically-classified-software-and-applications-developers-and-analysts-level-5,251..,62712,wages_statfin,,Bachelor's degree,2-4 years,None,0,,6,Moderate prospects,extras_csv,,9,"This professional occupation involves extensive digital knowledge work and analytical tasks that are highly susceptible to AI automation and augmentation. The work is primarily computer-based with limited physical requirements, making it highly exposed to AI capabilities.",
252 Database and network professionals (Level 3),2,252-database-and-network-professionals-level-3,252,57696,wages_statfin,,Bachelor's degree,2-4 years,None,12655,,6,Moderate prospects,,,8,"This occupation is primarily digital and involves tasks like configuration, monitoring, and troubleshooting that are highly susceptible to AI-driven automation and 'infrastructure as code' practices. While some physical hardware maintenance remains, the shift toward cloud computing and AI-powered network management tools is already leading to a projected decline in employment as fewer workers can manage larger, more complex systems.",
252.  (Not more specifically classified) Database and network professionals (Level 4),2,252-not-more-specifically-classified-database-and-network-professionals-level-4,252.,,,,Bachelor's degree,2-4 years,None,0,,6,Moderate prospects,extras_csv,,9,"This professional occupation involves extensive digital knowledge work and analytical tasks that are highly susceptible to AI automation and augmentation. The work is primarily computer-based with limited physical requirements, making it highly exposed to AI capabilities.",
252.. (Not more specifically classified) Database and network professionals (Level 5),2,252-not-more-specifically-classified-database-and-network-professionals-level-5,252..,57696,wages_statfin,,Bachelor's degree,2-4 years,None,0,,6,Moderate prospects,extras_csv,,9,"This professional occupation involves extensive digital knowledge work and analytical tasks that are highly susceptible to AI automation and augmentation. The work is primarily computer-based with limited physical requirements, making it highly exposed to AI capabilities.",
2511 Systems analysts (Level 4),2,2511-systems-analysts-level-4,2511,67140,wages_statfin,,Bachelor's degree,2-4 years,None,23643,,8,Good prospects,extras_csv,,8,"This occupation is fundamentally digital, involving data modeling, system design, and technical analysis that can be performed entirely on a computer. AI is highly capable of automating core tasks such as writing technical documentation, generating system diagrams, analyzing cost-benefit data, and assisting with the programming and debugging aspects of the role.",
2511. Systems analysts (Level 5),2,2511-systems-analysts-level-5,2511.,67140,wages_statfin,,Bachelor's degree,2-4 years,None,23643,,8,Good prospects,extras_csv,,8,"This occupation is fundamentally digital, involving data modeling, system design, and technical analysis that can be performed entirely on a computer. AI is highly capable of automating core tasks such as writing technical documentation, generating system diagrams, analyzing cost-benefit data, and assisting with the programming and debugging aspects of the role.",
2512 Software developers (Level 4),2,2512-software-developers-level-4,2512,60240,wages_statfin,,Bachelor's degree,2-4 years,None,35435,,7,Good prospects,extras_csv,,9,"This occupation is fundamentally digital, with core tasks like coding, debugging, and test automation being primary use cases for Large Language Models. While high-level system architecture and complex stakeholder communication provide some insulation, AI is drastically increasing individual productivity, which will likely lead to significant restructuring of entry-level roles and QA functions.",
2512. Software developers (Level 5),2,2512-software-developers-level-5,2512.,60240,wages_statfin,,Bachelor's degree,2-4 years,None,35435,,7,Good prospects,extras_csv,,9,"This occupation is fundamentally digital, with core tasks like coding, debugging, and test automation being primary use cases for Large Language Models. While high-level system architecture and complex stakeholder communication provide some insulation, AI is drastically increasing individual productivity, which will likely lead to significant restructuring of entry-level roles and QA functions.",
2513 Web and multimedia developers (Level 4),2,2513-web-and-multimedia-developers-level-4,2513,60168,wages_statfin,,Bachelor's degree,2-4 years,None,2022,,7,Good prospects,extras_csv,,9,"This occupation is almost entirely digital, with core tasks like 3D modeling, rendering, and animation being directly disrupted by generative AI and automated rigging tools. While high-level creative direction and complex team collaboration remain human-centric, AI is rapidly automating the 'routine' aspects of CGI and visual effects, significantly increasing individual productivity and reducing the total number of workers needed for large-scale productions.",
2513. Web and multimedia developers (Level 5),2,2513-web-and-multimedia-developers-level-5,2513.,60168,wages_statfin,,Bachelor's degree,2-4 years,None,2022,,7,Good prospects,extras_csv,,9,"This occupation is almost entirely digital, with core tasks like 3D modeling, rendering, and animation being directly disrupted by generative AI and automated rigging tools. While high-level creative direction and complex team collaboration remain human-centric, AI is rapidly automating the 'routine' aspects of CGI and visual effects, significantly increasing individual productivity and reducing the total number of workers needed for large-scale productions.",
2514 Applications programmers (Level 4),2,2514-applications-programmers-level-4,2514,54852,wages_statfin,,Bachelor's degree,2-4 years,None,2815,,6,Moderate prospects,extras_csv,,10,"This professional occupation involves extensive digital knowledge work and analytical tasks that are highly susceptible to AI automation and augmentation. The work is primarily computer-based with limited physical requirements, making it highly exposed to AI capabilities.",
2514. Applications programmers (Level 5),2,2514-applications-programmers-level-5,2514.,54852,wages_statfin,,Bachelor's degree,2-4 years,None,2815,,6,Moderate prospects,extras_csv,,10,"This professional occupation involves extensive digital knowledge work and analytical tasks that are highly susceptible to AI automation and augmentation. The work is primarily computer-based with limited physical requirements, making it highly exposed to AI capabilities.",
2519 Software and applications developers and analysts not elsewhere classified (Level 4),2,2519-software-and-applications-developers-and-analysts-not-elsewhere-classified-level-4,2519,62412,wages_statfin,,Bachelor's degree,2-4 years,None,7296,,6,Moderate prospects,extras_csv,,10,"This professional occupation involves extensive digital knowledge work and analytical tasks that are highly susceptible to AI automation and augmentation. The work is primarily computer-based with limited physical requirements, making it highly exposed to AI capabilities.",
2519. Software and applications developers and analysts not elsewhere classified (Level 5),2,2519-software-and-applications-developers-and-analysts-not-elsewhere-classified-level-5,2519.,62412,wages_statfin,,Bachelor's degree,2-4 years,None,7296,,6,Moderate prospects,extras_csv,,10,"This professional occupation involves extensive digital knowledge work and analytical tasks that are highly susceptible to AI automation and augmentation. The work is primarily computer-based with limited physical requirements, making it highly exposed to AI capabilities.",
2521 Database designers and administrators (Level 4),2,2521-database-designers-and-administrators-level-4,2521,47076,wages_statfin,,Bachelor's degree,2-4 years,None,3779,,7,Good prospects,extras_csv,,9,"This occupation is entirely digital, involving coding (SQL), system architecture, and data management—all areas where AI is exceptionally proficient. AI can already automate routine DBA tasks like performance tuning, query optimization, and security monitoring, while LLMs are highly capable of generating and debugging the complex schemas and scripts used by database architects.",
2521. Database designers and administrators (Level 5),2,2521-database-designers-and-administrators-level-5,2521.,47076,wages_statfin,,Bachelor's degree,2-4 years,None,3779,,7,Good prospects,extras_csv,,9,"This occupation is entirely digital, involving coding (SQL), system architecture, and data management—all areas where AI is exceptionally proficient. AI can already automate routine DBA tasks like performance tuning, query optimization, and security monitoring, while LLMs are highly capable of generating and debugging the complex schemas and scripts used by database architects.",
2522 Systems administrators (Level 4),2,2522-systems-administrators-level-4,2522,59316,wages_statfin,,Bachelor's degree,2-4 years,None,4048,,5,Moderate prospects,extras_csv,,8,"This occupation is primarily digital and involves tasks like configuration, monitoring, and troubleshooting that are highly susceptible to AI-driven automation and 'infrastructure as code' practices. While some physical hardware maintenance remains, the shift toward cloud computing and AI-powered network management tools is already leading to a projected decline in employment as fewer workers can manage larger, more complex systems.",
2522. Systems administrators (Level 5),2,2522-systems-administrators-level-5,2522.,59316,wages_statfin,,Bachelor's degree,2-4 years,None,4048,,5,Moderate prospects,extras_csv,,8,"This occupation is primarily digital and involves tasks like configuration, monitoring, and troubleshooting that are highly susceptible to AI-driven automation and 'infrastructure as code' practices. While some physical hardware maintenance remains, the shift toward cloud computing and AI-powered network management tools is already leading to a projected decline in employment as fewer workers can manage larger, more complex systems.",
2523 Computer network professionals (Level 4),2,2523-computer-network-professionals-level-4,2523,65988,wages_statfin,,Bachelor's degree,2-4 years,None,1695,,5,Moderate prospects,extras_csv,,8,"The core work of designing, documenting, and configuring networks is fundamentally digital and data-driven, making it highly susceptible to AI-driven automation and optimization tools. While physical hardware deployment and complex stakeholder management provide a slight buffer, AI is rapidly advancing in automated network topology design, security configuration, and predictive troubleshooting, which will significantly increase individual productivity and restructure the role.",
2523. Computer network professionals (Level 5),2,2523-computer-network-professionals-level-5,2523.,65988,wages_statfin,,Bachelor's degree,2-4 years,None,1695,,5,Moderate prospects,extras_csv,,8,"The core work of designing, documenting, and configuring networks is fundamentally digital and data-driven, making it highly susceptible to AI-driven automation and optimization tools. While physical hardware deployment and complex stakeholder management provide a slight buffer, AI is rapidly advancing in automated network topology design, security configuration, and predictive troubleshooting, which will significantly increase individual productivity and restructure the role.",
2529 Database and network professionals not elsewhere classified (Level 4),2,2529-database-and-network-professionals-not-elsewhere-classified-level-4,2529,66240,wages_statfin,,Bachelor's degree,2-4 years,None,3133,,6,Moderate prospects,extras_csv,,10,"This professional occupation involves extensive digital knowledge work and analytical tasks that are highly susceptible to AI automation and augmentation. The work is primarily computer-based with limited physical requirements, making it highly exposed to AI capabilities.",
2529. Database and network professionals not elsewhere classified (Level 5),2,2529-database-and-network-professionals-not-elsewhere-classified-level-5,2529.,66240,wages_statfin,,Bachelor's degree,2-4 years,None,3133,,6,Moderate prospects,extras_csv,,10,"This professional occupation involves extensive digital knowledge work and analytical tasks that are highly susceptible to AI automation and augmentation. The work is primarily computer-based with limited physical requirements, making it highly exposed to AI capabilities.",
"26 Legal, social and cultural professionals (Level 2)",2,26-legal-social-and-cultural-professionals-level-2,26,51744,wages_statfin,,,,,64945,,,,,,6,"This role involves a significant amount of digital knowledge work, such as grant writing, data analysis, and budget management, which are highly susceptible to AI augmentation. However, the core responsibilities of community stakeholder engagement, staff supervision, and navigating complex human crises provide a buffer that requires physical presence and high-level emotional intelligence.",
261 Legal professionals (Level 3),2,261-legal-professionals-level-3,261,71484,wages_statfin,,,,,11415,,,,,,9,"This professional occupation involves extensive digital knowledge work and analytical tasks that are highly susceptible to AI automation and augmentation. The work is primarily computer-based with limited physical requirements, making it highly exposed to AI capabilities.",
2611 Lawyers (Level 4),2,2611-lawyers-level-4,2611,72000,wages_statfin,,Bachelor's degree,2-4 years,None,6862,,6,Moderate prospects,extras_csv,,8,"Lawyers perform high-level knowledge work that is almost entirely digital, involving document drafting, legal research, and complex data analysis—all areas where LLMs excel. While courtroom advocacy and high-stakes interpersonal negotiation provide a protective barrier, the vast majority of billable hours are spent on tasks that AI can now significantly accelerate or automate, leading to major structural changes in the profession.",
2611. Lawyers (Level 5),2,2611-lawyers-level-5,2611.,72000,wages_statfin,,Bachelor's degree,2-4 years,None,6862,,6,Moderate prospects,extras_csv,,8,"Lawyers perform high-level knowledge work that is almost entirely digital, involving document drafting, legal research, and complex data analysis—all areas where LLMs excel. While courtroom advocacy and high-stakes interpersonal negotiation provide a protective barrier, the vast majority of billable hours are spent on tasks that AI can now significantly accelerate or automate, leading to major structural changes in the profession.",
2612 Judges (Level 4),2,2612-judges-level-4,2612,71484,inferred,,Bachelor's degree,2-4 years,None,1611,,6,Moderate prospects,extras_csv,,7,"The core tasks of researching legal issues, evaluating documents, and writing opinions are highly digital and susceptible to AI automation, which can significantly increase productivity and reduce the need for human staff. However, the role requires high-stakes human judgment, presiding over physical courtrooms, and maintaining public trust, which creates a significant barrier to full automation.",
2612. Judges (Level 5),2,2612-judges-level-5,2612.,,,,Bachelor's degree,2-4 years,None,1611,,6,Moderate prospects,extras_csv,,7,"The core tasks of researching legal issues, evaluating documents, and writing opinions are highly digital and susceptible to AI automation, which can significantly increase productivity and reduce the need for human staff. However, the role requires high-stakes human judgment, presiding over physical courtrooms, and maintaining public trust, which creates a significant barrier to full automation.",
2619 Legal professionals not elsewhere classified (Level 4),2,2619-legal-professionals-not-elsewhere-classified-level-4,2619,71484,inferred,,Bachelor's degree,2-4 years,None,2942,,6,Moderate prospects,extras_csv,,9,"This professional occupation involves extensive digital knowledge work and analytical tasks that are highly susceptible to AI automation and augmentation. The work is primarily computer-based with limited physical requirements, making it highly exposed to AI capabilities.",
2619. Legal professionals not elsewhere classified (Level 5),2,2619-legal-professionals-not-elsewhere-classified-level-5,2619.,,,,Bachelor's degree,2-4 years,None,2942,,6,Moderate prospects,extras_csv,,9,"This professional occupation involves extensive digital knowledge work and analytical tasks that are highly susceptible to AI automation and augmentation. The work is primarily computer-based with limited physical requirements, making it highly exposed to AI capabilities.",
"262 Librarians, archivists and curators (Level 3)",2,262-librarians-archivists-and-curators-level-3,262,41916,wages_statfin,,,,,4192,,,,,,7,"Librarianship is fundamentally about information retrieval, organization, and research—domains where LLMs and AI search engines excel. While the physical presence in schools and public libraries provides a buffer through community programming and interpersonal support, the core technical tasks of cataloging, database management, and reference assistance are highly exposed to AI automation and displacement.",
2621 Archivists and curators (Level 4),2,2621-archivists-and-curators-level-4,2621,41724,wages_statfin,,Bachelor's degree,2-4 years,None,1707,,6,Moderate prospects,extras_csv,,6,"This occupation is a hybrid of digital knowledge work and physical preservation. AI will significantly automate archival tasks like cataloging, metadata generation, and electronic record management, while also assisting curators with research and exhibit design. However, the physical requirements of handling artifacts, restoring delicate items, and managing in-person public interactions provide a substantial buffer against full automation.",
26211 Archivists (Level 5),2,26211-archivists-level-5,26211,42648,wages_statfin,,Bachelor's degree,2-4 years,None,727,,6,Moderate prospects,extras_csv,,6,"This occupation is a hybrid of digital knowledge work and physical preservation. AI will significantly automate archival tasks like cataloging, metadata generation, and electronic record management, while also assisting curators with research and exhibit design. However, the physical requirements of handling artifacts, restoring delicate items, and managing in-person public interactions provide a substantial buffer against full automation.",
26212 Curators (Level 5),2,26212-curators-level-5,26212,41040,wages_statfin,,Bachelor's degree,2-4 years,None,980,,6,Moderate prospects,extras_csv,,6,"This occupation is a hybrid of digital knowledge work and physical preservation. AI will significantly automate archival tasks like cataloging, metadata generation, and electronic record management, while also assisting curators with research and exhibit design. However, the physical requirements of handling artifacts, restoring delicate items, and managing in-person public interactions provide a substantial buffer against full automation.",
2622 Librarians and related information professionals (Level 4),2,2622-librarians-and-related-information-professionals-level-4,2622,42096,wages_statfin,,Bachelor's degree,2-4 years,None,2485,,6,Moderate prospects,extras_csv,,7,"Librarianship is fundamentally about information retrieval, organization, and research—domains where LLMs and AI search engines excel. While the physical presence in schools and public libraries provides a buffer through community programming and interpersonal support, the core technical tasks of cataloging, database management, and reference assistance are highly exposed to AI automation and displacement.",
2622. Librarians and related information professionals (Level 5),2,2622-librarians-and-related-information-professionals-level-5,2622.,42096,wages_statfin,,Bachelor's degree,2-4 years,None,2485,,6,Moderate prospects,extras_csv,,7,"Librarianship is fundamentally about information retrieval, organization, and research—domains where LLMs and AI search engines excel. While the physical presence in schools and public libraries provides a buffer through community programming and interpersonal support, the core technical tasks of cataloging, database management, and reference assistance are highly exposed to AI automation and displacement.",
263 Social and religious professionals (Level 3),2,263-social-and-religious-professionals-level-3,263,50628,wages_statfin,,,,,28464,,,,,,6,"This role involves a significant amount of digital knowledge work, such as grant writing, data analysis, and budget management, which are highly susceptible to AI augmentation. However, the core responsibilities of community stakeholder engagement, staff supervision, and navigating complex human crises provide a buffer that requires physical presence and high-level emotional intelligence.",
2631 Economists (Level 4),2,2631-economists-level-4,2631,58980,wages_statfin,,Bachelor's degree,2-4 years,None,1611,,6,Moderate prospects,extras_csv,,9,"Economists perform work that is almost entirely digital, involving data analysis, mathematical modeling, and technical writing. AI is exceptionally proficient at the core tasks of this role, including processing large datasets, identifying statistical patterns, and generating reports, which significantly increases productivity and reduces the number of human workers needed for routine analysis.",
2631. Economists (Level 5),2,2631-economists-level-5,2631.,58980,wages_statfin,,Bachelor's degree,2-4 years,None,1611,,6,Moderate prospects,extras_csv,,9,"Economists perform work that is almost entirely digital, involving data analysis, mathematical modeling, and technical writing. AI is exceptionally proficient at the core tasks of this role, including processing large datasets, identifying statistical patterns, and generating reports, which significantly increases productivity and reduces the number of human workers needed for routine analysis.",
"2632 Sociologists, anthropologists and related professionals (Level 4)",2,2632-sociologists-anthropologists-and-related-professionals-level-4,2632,47988,wages_statfin,,Bachelor's degree,2-4 years,None,1724,,6,Moderate prospects,extras_csv,,7,"Sociology is a knowledge-intensive field where core tasks like data analysis, literature reviews, and report writing are highly susceptible to AI enhancement. While qualitative field research and interpersonal interviews provide a buffer, the shift toward digital data collection and AI-driven statistical modeling significantly increases worker productivity and reshapes the research process.",
"2632. Sociologists, anthropologists and related professionals (Level 5)",2,2632-sociologists-anthropologists-and-related-professionals-level-5,2632.,47988,wages_statfin,,Bachelor's degree,2-4 years,None,1724,,6,Moderate prospects,extras_csv,,7,"Sociology is a knowledge-intensive field where core tasks like data analysis, literature reviews, and report writing are highly susceptible to AI enhancement. While qualitative field research and interpersonal interviews provide a buffer, the shift toward digital data collection and AI-driven statistical modeling significantly increases worker productivity and reshapes the research process.",
"2633 Philosophers, historians and political scientists (Level 4)",2,2633-philosophers-historians-and-political-scientists-level-4,2633,45708,wages_statfin,,Bachelor's degree,2-4 years,None,1049,,6,Moderate prospects,extras_csv,,7,"Historians perform high-level knowledge work—researching, analyzing, and writing—that is increasingly digital and highly susceptible to AI-driven efficiency gains in document processing and synthesis. While the job requires human judgment and physical interaction with artifacts or archives, the core output of reports and articles faces significant restructuring as AI tools become capable of parsing vast historical datasets and drafting complex narratives.",
"2633. Philosophers, historians and political scientists (Level 5)",2,2633-philosophers-historians-and-political-scientists-level-5,2633.,45708,wages_statfin,,Bachelor's degree,2-4 years,None,1049,,6,Moderate prospects,extras_csv,,7,"Historians perform high-level knowledge work—researching, analyzing, and writing—that is increasingly digital and highly susceptible to AI-driven efficiency gains in document processing and synthesis. While the job requires human judgment and physical interaction with artifacts or archives, the core output of reports and articles faces significant restructuring as AI tools become capable of parsing vast historical datasets and drafting complex narratives.",
2634 Psychologists (Level 4),2,2634-psychologists-level-4,2634,53424,wages_statfin,,Bachelor's degree,2-4 years,None,5743,,6,Moderate prospects,extras_csv,,6,"Psychology is a knowledge-based profession where core tasks like analyzing data, writing reports, and researching are highly susceptible to AI enhancement. However, the critical requirements for human empathy, ethical judgment, and real-time interpersonal observation in clinical and school settings create a significant barrier to full automation.",
2634. Psychologists (Level 5),2,2634-psychologists-level-5,2634.,53424,wages_statfin,,Bachelor's degree,2-4 years,None,5743,,6,Moderate prospects,extras_csv,,6,"Psychology is a knowledge-based profession where core tasks like analyzing data, writing reports, and researching are highly susceptible to AI enhancement. However, the critical requirements for human empathy, ethical judgment, and real-time interpersonal observation in clinical and school settings create a significant barrier to full automation.",
2635 Social work and counselling professionals (Level 4),2,2635-social-work-and-counselling-professionals-level-4,2635,49848,wages_statfin,,Bachelor's degree,2-4 years,None,15635,,6,Moderate prospects,extras_csv,,6,"This technical occupation has significant AI exposure due to substantial digital and analytical components. While some aspects involve human judgment or physical presence, many core tasks can be automated or augmented by AI systems, particularly administrative and routine decision-making functions.",
2635. (Not more specifically classified) Social work and counselling professionals (Level 5),2,2635-not-more-specifically-classified-social-work-and-counselling-professionals-level-5,2635.,49848,wages_statfin,,Bachelor's degree,2-4 years,None,0,,6,Moderate prospects,extras_csv,,9,"This professional occupation involves extensive digital knowledge work and analytical tasks that are highly susceptible to AI automation and augmentation. The work is primarily computer-based with limited physical requirements, making it highly exposed to AI capabilities.",
"26351 Social workers, etc. (Level 5)",2,26351-social-workers-etc-level-5,26351,50880,wages_statfin,,Bachelor's degree,2-4 years,None,12077,,6,Moderate prospects,extras_csv,,4,"Social work involves a high degree of interpersonal interaction, empathy, and crisis management in physical environments, which provides a strong barrier against full automation. However, AI will significantly impact the profession by automating administrative tasks like case documentation, assisting in resource research, and providing diagnostic support tools for clinical practitioners.",
"26352 Social planners, etc. (Level 5)",2,26352-social-planners-etc-level-5,26352,45888,wages_statfin,,Bachelor's degree,2-4 years,None,3558,,6,Moderate prospects,extras_csv,,,,
2636 Religious professionals (Level 4),2,2636-religious-professionals-level-4,2636,50700,wages_statfin,,Bachelor's degree,2-4 years,None,2702,,6,Moderate prospects,extras_csv,,9,"This professional occupation involves extensive digital knowledge work and analytical tasks that are highly susceptible to AI automation and augmentation. The work is primarily computer-based with limited physical requirements, making it highly exposed to AI capabilities.",
2636. Religious professionals (Level 5),2,2636-religious-professionals-level-5,2636.,50700,wages_statfin,,Bachelor's degree,2-4 years,None,2702,,6,Moderate prospects,extras_csv,,9,"This professional occupation involves extensive digital knowledge work and analytical tasks that are highly susceptible to AI automation and augmentation. The work is primarily computer-based with limited physical requirements, making it highly exposed to AI capabilities.",
"264 Authors, journalists and linguists (Level 3)",2,264-authors-journalists-and-linguists-level-3,264,50400,wages_statfin,,,,,10977,,,,,,,,
2641 Authors and related writers (Level 4),2,2641-authors-and-related-writers-level-4,2641,45156,wages_statfin,,Bachelor's degree,2-4 years,None,787,,6,Moderate prospects,extras_csv,,9,"The core work product of writers and authors is entirely digital and text-based, which aligns perfectly with the primary capabilities of Large Language Models. AI can now generate drafts, conduct research, and perform editing tasks across various formats like blogs, copy, and scripts, significantly increasing productivity while simultaneously threatening to automate many entry-level and routine writing roles.",
2641. Authors and related writers (Level 5),2,2641-authors-and-related-writers-level-5,2641.,45156,wages_statfin,,Bachelor's degree,2-4 years,None,787,,6,Moderate prospects,extras_csv,,9,"The core work product of writers and authors is entirely digital and text-based, which aligns perfectly with the primary capabilities of Large Language Models. AI can now generate drafts, conduct research, and perform editing tasks across various formats like blogs, copy, and scripts, significantly increasing productivity while simultaneously threatening to automate many entry-level and routine writing roles.",
2642 Journalists (Level 4),2,2642-journalists-level-4,2642,52176,wages_statfin,,Bachelor's degree,2-4 years,None,6427,,6,Moderate prospects,extras_csv,,7,"The core work product is digital (text, scripts, and multimedia), and AI can already automate significant portions of research, drafting, and editing. While physical presence for field reporting and the cultivation of human sources provide a protective barrier, the overall occupation faces high exposure as AI tools drastically increase individual productivity, potentially leading to further industry consolidation and fewer required roles.",
2642. (Not more specifically classified) Journalists (Level 5),2,2642-not-more-specifically-classified-journalists-level-5,2642.,52176,wages_statfin,,Bachelor's degree,2-4 years,None,7,,6,Moderate prospects,extras_csv,,9,"This professional occupation involves extensive digital knowledge work and analytical tasks that are highly susceptible to AI automation and augmentation. The work is primarily computer-based with limited physical requirements, making it highly exposed to AI capabilities.",
26421 Managing editors and subeditors (Level 5),2,26421-managing-editors-and-subeditors-level-5,26421,59040,wages_statfin,,Bachelor's degree,2-4 years,None,1346,,6,Moderate prospects,extras_csv,,9,"Editing is a fully digital occupation centered on language processing, a core strength of Large Language Models. AI can already perform high-level copy editing, fact-checking, and rewriting, significantly increasing individual productivity and reducing the total number of human editors required for routine content management.",
26422 Journalists (Level 5),2,26422-journalists-level-5,26422,49416,wages_statfin,,Bachelor's degree,2-4 years,None,3028,,6,Moderate prospects,extras_csv,,7,"The core work product is digital (text, scripts, and multimedia), and AI can already automate significant portions of research, drafting, and editing. While physical presence for field reporting and the cultivation of human sources provide a protective barrier, the overall occupation faces high exposure as AI tools drastically increase individual productivity, potentially leading to further industry consolidation and fewer required roles.",
26423 Radio and television journalists (Level 5),2,26423-radio-and-television-journalists-level-5,26423,52728,wages_statfin,,Bachelor's degree,2-4 years,None,2046,,6,Moderate prospects,extras_csv,,,,
"2643 Translators, interpreters and other linguists (Level 4)",2,2643-translators-interpreters-and-other-linguists-level-4,2643,44292,wages_statfin,,Bachelor's degree,2-4 years,None,3763,,6,Moderate prospects,extras_csv,,4,"The role involves a significant amount of physical labor, equipment maintenance, and real-time management of biological systems that cannot be digitized. However, AI will heavily impact the management side of the job, including crop yield prediction, financial planning, and automated resource allocation, making individual managers significantly more productive and contributing to further farm consolidation.",
"2643. Translators, interpreters and other linguists (Level 5)",2,2643-translators-interpreters-and-other-linguists-level-5,2643.,44292,wages_statfin,,Bachelor's degree,2-4 years,None,3763,,6,Moderate prospects,extras_csv,,4,"The role involves a significant amount of physical labor, equipment maintenance, and real-time management of biological systems that cannot be digitized. However, AI will heavily impact the management side of the job, including crop yield prediction, financial planning, and automated resource allocation, making individual managers significantly more productive and contributing to further farm consolidation.",
265 Creative and performing artists (Level 3),2,265-creative-and-performing-artists-level-3,265,43968,wages_statfin,,Bachelor's degree,2-4 years,None,9897,,6,Moderate prospects,,,6,"This occupation is a hybrid of physical craftsmanship and digital creation. While craft artists (potters, glassblowers) and sculptors have low exposure due to the physical nature of their work, digital artists and illustrators face very high exposure as AI can now generate high-quality imagery and complex designs from text prompts. The overall score reflects this split, as AI significantly impacts the commercial and digital segments of the field while leaving traditional physical mediums largely intact.",
265.  (Not more specifically classified) Creative and performing artists (Level 4),2,265-not-more-specifically-classified-creative-and-performing-artists-level-4,265.,,,,Bachelor's degree,2-4 years,None,0,,6,Moderate prospects,extras_csv,,9,"This professional occupation involves extensive digital knowledge work and analytical tasks that are highly susceptible to AI automation and augmentation. The work is primarily computer-based with limited physical requirements, making it highly exposed to AI capabilities.",
265.. (Not more specifically classified) Creative and performing artists (Level 5),2,265-not-more-specifically-classified-creative-and-performing-artists-level-5,265..,43968,wages_statfin,,Bachelor's degree,2-4 years,None,0,,6,Moderate prospects,extras_csv,,9,"This professional occupation involves extensive digital knowledge work and analytical tasks that are highly susceptible to AI automation and augmentation. The work is primarily computer-based with limited physical requirements, making it highly exposed to AI capabilities.",
2651 Visual artists (Level 4),2,2651-visual-artists-level-4,2651,39612,wages_statfin,,Bachelor's degree,2-4 years,None,979,,6,Moderate prospects,extras_csv,,9,"This professional occupation involves extensive digital knowledge work and analytical tasks that are highly susceptible to AI automation and augmentation. The work is primarily computer-based with limited physical requirements, making it highly exposed to AI capabilities.",
2651. Visual artists (Level 5),2,2651-visual-artists-level-5,2651.,39612,wages_statfin,,Bachelor's degree,2-4 years,None,979,,6,Moderate prospects,extras_csv,,9,"This professional occupation involves extensive digital knowledge work and analytical tasks that are highly susceptible to AI automation and augmentation. The work is primarily computer-based with limited physical requirements, making it highly exposed to AI capabilities.",
"2652 Musicians, singers and composers (Level 4)",2,2652-musicians-singers-and-composers-level-4,2652,42972,wages_statfin,,Bachelor's degree,2-4 years,None,3823,,6,Moderate prospects,extras_csv,,7,"The occupation is a hybrid of high-exposure digital work (composing) and lower-exposure physical work (conducting). Generative AI is rapidly automating music composition, arrangement, and scoring for commercial media, while the music director role remains more resilient due to the need for live leadership, physical rehearsals, and human-to-human artistic interpretation.",
"2652. Musicians, singers and composers (Level 5)",2,2652-musicians-singers-and-composers-level-5,2652.,42972,wages_statfin,,Bachelor's degree,2-4 years,None,3823,,6,Moderate prospects,extras_csv,,7,"The occupation is a hybrid of high-exposure digital work (composing) and lower-exposure physical work (conducting). Generative AI is rapidly automating music composition, arrangement, and scoring for commercial media, while the music director role remains more resilient due to the need for live leadership, physical rehearsals, and human-to-human artistic interpretation.",
2653 Dancers and choreographers (Level 4),2,2653-dancers-and-choreographers-level-4,2653,40848,wages_statfin,,Bachelor's degree,2-4 years,None,367,,6,Moderate prospects,extras_csv,,2,"The core of this occupation is physical performance, athleticism, and real-time human interaction in physical spaces, which AI cannot replicate. While AI may assist choreographers with music selection or administrative tasks, the fundamental value of the work lies in the human body's movement and live artistic expression.",
2653. Dancers and choreographers (Level 5),2,2653-dancers-and-choreographers-level-5,2653.,40848,wages_statfin,,Bachelor's degree,2-4 years,None,367,,6,Moderate prospects,extras_csv,,2,"The core of this occupation is physical performance, athleticism, and real-time human interaction in physical spaces, which AI cannot replicate. While AI may assist choreographers with music selection or administrative tasks, the fundamental value of the work lies in the human body's movement and live artistic expression.",
"2654 Film, stage and related directors and producers (Level 4)",2,2654-film-stage-and-related-directors-and-producers-level-4,2654,49308,wages_statfin,,Bachelor's degree,2-4 years,None,2922,,6,Moderate prospects,extras_csv,,7,"Producers and directors are highly exposed because their core work products—scripts, visual aesthetics, and edited video—are increasingly being generated or enhanced by AI tools. While the role requires significant human leadership and physical presence on set, the rapid advancement of generative AI in pre-production (scripting/storyboarding) and post-production (editing/VFX) allows a single director to do the work of a much larger team, potentially consolidating the industry.",
"2654. Film, stage and related directors and producers (Level 5)",2,2654-film-stage-and-related-directors-and-producers-level-5,2654.,49308,wages_statfin,,Bachelor's degree,2-4 years,None,2922,,6,Moderate prospects,extras_csv,,7,"Producers and directors are highly exposed because their core work products—scripts, visual aesthetics, and edited video—are increasingly being generated or enhanced by AI tools. While the role requires significant human leadership and physical presence on set, the rapid advancement of generative AI in pre-production (scripting/storyboarding) and post-production (editing/VFX) allows a single director to do the work of a much larger team, potentially consolidating the industry.",
2655 Actors (Level 4),2,2655-actors-level-4,2655,41724,wages_statfin,,Bachelor's degree,2-4 years,None,1151,,6,Moderate prospects,extras_csv,,7,"While live theater and physical presence on set remain human-centric, the occupation is highly exposed due to AI's ability to generate digital likenesses, synthesize voices, and replace background extras or voiceover artists. The core work product—audio and video—is increasingly susceptible to generative AI, leading to significant industry restructuring and potential displacement in digital media productions.",
2655. Actors (Level 5),2,2655-actors-level-5,2655.,41724,wages_statfin,,Bachelor's degree,2-4 years,None,1151,,6,Moderate prospects,extras_csv,,7,"While live theater and physical presence on set remain human-centric, the occupation is highly exposed due to AI's ability to generate digital likenesses, synthesize voices, and replace background extras or voiceover artists. The core work product—audio and video—is increasingly susceptible to generative AI, leading to significant industry restructuring and potential displacement in digital media productions.",
"2656 Announcers on radio, television and other media (Level 4)",2,2656-announcers-on-radio-television-and-other-media-level-4,2656,49392,wages_statfin,,Bachelor's degree,2-4 years,None,146,,6,Moderate prospects,extras_csv,,7,"The occupation is split between highly exposed digital work and less exposed physical work. Broadcast and radio roles are under significant threat from AI-generated voices and automated content curation, whereas live event DJs and emcees retain a physical and interpersonal barrier that is harder to automate.",
"2656. Announcers on radio, television and other media (Level 5)",2,2656-announcers-on-radio-television-and-other-media-level-5,2656.,49392,wages_statfin,,Bachelor's degree,2-4 years,None,146,,6,Moderate prospects,extras_csv,,7,"The occupation is split between highly exposed digital work and less exposed physical work. Broadcast and radio roles are under significant threat from AI-generated voices and automated content curation, whereas live event DJs and emcees retain a physical and interpersonal barrier that is harder to automate.",
2659 Creative and performing artists not elsewhere classified (Level 4),2,2659-creative-and-performing-artists-not-elsewhere-classified-level-4,2659,39228,wages_statfin,,Bachelor's degree,2-4 years,None,509,,6,Moderate prospects,extras_csv,,10,"This professional occupation involves extensive digital knowledge work and analytical tasks that are highly susceptible to AI automation and augmentation. The work is primarily computer-based with limited physical requirements, making it highly exposed to AI capabilities.",
2659. Creative and performing artists not elsewhere classified (Level 5),2,2659-creative-and-performing-artists-not-elsewhere-classified-level-5,2659.,39228,wages_statfin,,Bachelor's degree,2-4 years,None,509,,6,Moderate prospects,extras_csv,,10,"This professional occupation involves extensive digital knowledge work and analytical tasks that are highly susceptible to AI automation and augmentation. The work is primarily computer-based with limited physical requirements, making it highly exposed to AI capabilities.",
3  Technicians and associate professionals (Level 1),3,3-technicians-and-associate-professionals-level-1,3,44532,wages_statfin,,,,,433255,,,,,,6,"This technical occupation has significant AI exposure due to substantial digital and analytical components. While some aspects involve human judgment or physical presence, many core tasks can be automated or augmented by AI systems, particularly administrative and routine decision-making functions.",
31 Science and engineering associate professionals (Level 2),3,31-science-and-engineering-associate-professionals-level-2,31,51180,wages_statfin,,,,,78918,,,,,,6,"This technical occupation has significant AI exposure due to substantial digital and analytical components. While some aspects involve human judgment or physical presence, many core tasks can be automated or augmented by AI systems, particularly administrative and routine decision-making functions.",
311 Physical and engineering science technicians (Level 3),3,311-physical-and-engineering-science-technicians-level-3,311,50364,wages_statfin,,,,,47384,,,,,,5,"This occupation involves a significant amount of physical labor, such as building test facilities, installing instruments, and maintaining hardware, which provides a buffer against AI automation. However, the role also includes substantial digital tasks like recording data, running computer simulations, and calibrating systems—areas where AI is rapidly improving and can significantly enhance productivity or automate data analysis.",
3111 Chemical and physical science technicians (Level 4),3,3111-chemical-and-physical-science-technicians-level-4,3111,38412,wages_statfin,,Upper secondary,None,Vocational training,329,,6,Moderate prospects,extras_csv,,4,"This occupation involves a significant amount of physical labor, such as collecting biological samples, maintaining farm equipment, and operating laboratory hardware, which provides a buffer against full automation. However, AI will heavily impact the data-heavy portions of the job, including compiling test results, analyzing chemical properties, and generating reports, making technicians more productive but potentially reducing the number of workers needed for data processing.",
3111. Chemical and physical science technicians (Level 5),3,3111-chemical-and-physical-science-technicians-level-5,3111.,38412,wages_statfin,,Upper secondary,None,Vocational training,329,,6,Moderate prospects,extras_csv,,4,"This occupation involves a significant amount of physical labor, such as collecting biological samples, maintaining farm equipment, and operating laboratory hardware, which provides a buffer against full automation. However, AI will heavily impact the data-heavy portions of the job, including compiling test results, analyzing chemical properties, and generating reports, making technicians more productive but potentially reducing the number of workers needed for data processing.",
3112 Civil engineering technicians (Level 4),3,3112-civil-engineering-technicians-level-4,3112,48192,wages_statfin,,Upper secondary,None,Vocational training,7655,,5,Moderate prospects,extras_csv,,6,"This occupation is a hybrid of digital knowledge work and physical field work. While AI and advanced CAD software are significantly automating drafting, cost estimation, and data analysis tasks, the role still requires physical site visits, material testing, and real-world inspections that AI cannot currently perform.",
3112. (Not more specifically classified) Civil engineering technicians (Level 5),3,3112-not-more-specifically-classified-civil-engineering-technicians-level-5,3112.,48192,wages_statfin,,Upper secondary,None,Vocational training,0,,5,Moderate prospects,extras_csv,,9,"This professional occupation involves extensive digital knowledge work and analytical tasks that are highly susceptible to AI automation and augmentation. The work is primarily computer-based with limited physical requirements, making it highly exposed to AI capabilities.",
31122 Civil engineering technicians (Level 5),3,31122-civil-engineering-technicians-level-5,31122,48924,wages_statfin,,Upper secondary,None,Vocational training,2329,,4,Moderate prospects,extras_csv,,6,"This occupation is a hybrid of digital knowledge work and physical field work. While AI and advanced CAD software are significantly automating drafting, cost estimation, and data analysis tasks, the role still requires physical site visits, material testing, and real-world inspections that AI cannot currently perform.",
31123 Cartographic and surveying technicians (Level 5),3,31123-cartographic-and-surveying-technicians-level-5,31123,38208,wages_statfin,,Upper secondary,None,Vocational training,1414,,4,Moderate prospects,extras_csv,,5,"This occupation is a hybrid of physical fieldwork and digital data processing. While AI and automation (via drones and GIS software) significantly enhance data analysis, map creation, and calculation tasks, the role still requires a physical presence to navigate rugged terrain, set markers, and operate equipment in the real world.",
3113 Electrical engineering technicians (Level 4),3,3113-electrical-engineering-technicians-level-4,3113,53424,wages_statfin,,Upper secondary,None,Vocational training,3850,,6,Moderate prospects,extras_csv,,5,"This occupation involves a significant amount of physical labor, such as assembling prototypes, soldering circuitry, and repairing hardware, which provides a buffer against full automation. However, a substantial portion of the role involves digital tasks like drafting schematics, analyzing test data, and writing technical reports—all areas where AI is becoming highly proficient. AI will likely augment their troubleshooting capabilities and automate the documentation aspects of the job, increasing individual productivity but potentially reducing overall demand.",
3113. Electrical engineering technicians (Level 5),3,3113-electrical-engineering-technicians-level-5,3113.,53424,wages_statfin,,Upper secondary,None,Vocational training,3850,,6,Moderate prospects,extras_csv,,5,"This occupation involves a significant amount of physical labor, such as assembling prototypes, soldering circuitry, and repairing hardware, which provides a buffer against full automation. However, a substantial portion of the role involves digital tasks like drafting schematics, analyzing test data, and writing technical reports—all areas where AI is becoming highly proficient. AI will likely augment their troubleshooting capabilities and automate the documentation aspects of the job, increasing individual productivity but potentially reducing overall demand.",
3114 Electronics engineering technicians (Level 4),3,3114-electronics-engineering-technicians-level-4,3114,53520,wages_statfin,,Upper secondary,None,Vocational training,2788,,5,Moderate prospects,extras_csv,,5,"This occupation involves a significant amount of physical labor, such as assembling prototypes, soldering circuitry, and repairing hardware, which provides a buffer against full automation. However, a substantial portion of the role involves digital tasks like drafting schematics, analyzing test data, and writing technical reports—all areas where AI is becoming highly proficient. AI will likely augment their troubleshooting capabilities and automate the documentation aspects of the job, increasing individual productivity but potentially reducing overall demand.",
3114. Electronics engineering technicians (Level 5),3,3114-electronics-engineering-technicians-level-5,3114.,53520,wages_statfin,,Upper secondary,None,Vocational training,2788,,5,Moderate prospects,extras_csv,,5,"This occupation involves a significant amount of physical labor, such as assembling prototypes, soldering circuitry, and repairing hardware, which provides a buffer against full automation. However, a substantial portion of the role involves digital tasks like drafting schematics, analyzing test data, and writing technical reports—all areas where AI is becoming highly proficient. AI will likely augment their troubleshooting capabilities and automate the documentation aspects of the job, increasing individual productivity but potentially reducing overall demand.",
3115 Mechanical engineering technicians (Level 4),3,3115-mechanical-engineering-technicians-level-4,3115,52704,wages_statfin,,Upper secondary,None,Vocational training,13524,,5,Moderate prospects,extras_csv,,5,"This occupation is a hybrid of digital knowledge work and physical labor. While AI can significantly automate digital tasks like 3D modeling, data analysis, and cost estimation, the role still requires a substantial physical presence for assembling parts, setting up vehicle crash tests, and operating machinery like lathes and grinders.",
3115. Mechanical engineering technicians (Level 5),3,3115-mechanical-engineering-technicians-level-5,3115.,52704,wages_statfin,,Upper secondary,None,Vocational training,13524,,5,Moderate prospects,extras_csv,,5,"This occupation is a hybrid of digital knowledge work and physical labor. While AI can significantly automate digital tasks like 3D modeling, data analysis, and cost estimation, the role still requires a substantial physical presence for assembling parts, setting up vehicle crash tests, and operating machinery like lathes and grinders.",
3116 Chemical engineering technicians (Level 4),3,3116-chemical-engineering-technicians-level-4,3116,50832,wages_statfin,,Upper secondary,None,Vocational training,2098,,4,Moderate prospects,extras_csv,,5,"This occupation involves a significant amount of physical labor, such as building test facilities, installing instruments, and maintaining hardware, which provides a buffer against AI automation. However, the role also includes substantial digital tasks like recording data, running computer simulations, and calibrating systems—areas where AI is rapidly improving and can significantly enhance productivity or automate data analysis.",
3116. Chemical engineering technicians (Level 5),3,3116-chemical-engineering-technicians-level-5,3116.,50832,wages_statfin,,Upper secondary,None,Vocational training,2098,,4,Moderate prospects,extras_csv,,5,"This occupation involves a significant amount of physical labor, such as building test facilities, installing instruments, and maintaining hardware, which provides a buffer against AI automation. However, the role also includes substantial digital tasks like recording data, running computer simulations, and calibrating systems—areas where AI is rapidly improving and can significantly enhance productivity or automate data analysis.",
3117 Mining and metallurgical technicians (Level 4),3,3117-mining-and-metallurgical-technicians-level-4,3117,51288,wages_statfin,,Upper secondary,None,Vocational training,1166,,4,Moderate prospects,extras_csv,,5,"This occupation involves a significant amount of physical labor, such as building test facilities, installing instruments, and maintaining hardware, which provides a buffer against AI automation. However, the role also includes substantial digital tasks like recording data, running computer simulations, and calibrating systems—areas where AI is rapidly improving and can significantly enhance productivity or automate data analysis.",
3117. Mining and metallurgical technicians (Level 5),3,3117-mining-and-metallurgical-technicians-level-5,3117.,51288,wages_statfin,,Upper secondary,None,Vocational training,1166,,4,Moderate prospects,extras_csv,,5,"This occupation involves a significant amount of physical labor, such as building test facilities, installing instruments, and maintaining hardware, which provides a buffer against AI automation. However, the role also includes substantial digital tasks like recording data, running computer simulations, and calibrating systems—areas where AI is rapidly improving and can significantly enhance productivity or automate data analysis.",
3118 Draughtspersons (Level 4),3,3118-draughtspersons-level-4,3118,42888,wages_statfin,,Upper secondary,None,Vocational training,2078,,4,Below average,extras_csv,,6,"This technical occupation has significant AI exposure due to substantial digital and analytical components. While some aspects involve human judgment or physical presence, many core tasks can be automated or augmented by AI systems, particularly administrative and routine decision-making functions.",
3118. Draughtspersons (Level 5),3,3118-draughtspersons-level-5,3118.,42888,wages_statfin,,Upper secondary,None,Vocational training,2078,,4,Below average,extras_csv,,6,"This technical occupation has significant AI exposure due to substantial digital and analytical components. While some aspects involve human judgment or physical presence, many core tasks can be automated or augmented by AI systems, particularly administrative and routine decision-making functions.",
3119 Physical and engineering science technicians not elsewhere classified (Level 4),3,3119-physical-and-engineering-science-technicians-not-elsewhere-classified-level-4,3119,48372,wages_statfin,,Upper secondary,None,Vocational training,13896,,4,Below average,extras_csv,,10,"This professional occupation involves extensive digital knowledge work and analytical tasks that are highly susceptible to AI automation and augmentation. The work is primarily computer-based with limited physical requirements, making it highly exposed to AI capabilities.",
3119. Physical and engineering science technicians not elsewhere classified (Level 5),3,3119-physical-and-engineering-science-technicians-not-elsewhere-classified-level-5,3119.,48372,wages_statfin,,Upper secondary,None,Vocational training,13896,,4,Below average,extras_csv,,10,"This professional occupation involves extensive digital knowledge work and analytical tasks that are highly susceptible to AI automation and augmentation. The work is primarily computer-based with limited physical requirements, making it highly exposed to AI capabilities.",
"312 Mining, manufacturing and construction supervisors (Level 3)",3,312-mining-manufacturing-and-construction-supervisors-level-3,312,53820,wages_statfin,,,,,16254,,,,,,5,"The occupation is a hybrid of physical site visits and digital knowledge work. AI and computer vision can significantly automate the 'plans examiner' and report-writing functions, while remote inspection technology is already projected to reduce labor demand. However, the core requirement for physical presence to navigate tight spaces, use manual testing equipment, and verify real-world conditions provides a substantial barrier to full automation.",
3121 Mining supervisors (Level 4),3,3121-mining-supervisors-level-4,3121,57912,wages_statfin,,Upper secondary,None,Vocational training,273,,6,Moderate prospects,extras_csv,,6,"This technical occupation has significant AI exposure due to substantial digital and analytical components. While some aspects involve human judgment or physical presence, many core tasks can be automated or augmented by AI systems, particularly administrative and routine decision-making functions.",
3121. Mining supervisors (Level 5),3,3121-mining-supervisors-level-5,3121.,57912,wages_statfin,,Upper secondary,None,Vocational training,273,,6,Moderate prospects,extras_csv,,6,"This technical occupation has significant AI exposure due to substantial digital and analytical components. While some aspects involve human judgment or physical presence, many core tasks can be automated or augmented by AI systems, particularly administrative and routine decision-making functions.",
31121 Building construction technicians (Level 5),3,31121-building-construction-technicians-level-5,31121,51900,wages_statfin,,Upper secondary,None,Vocational training,3912,,4,Moderate prospects,extras_csv,,5,"The occupation is a hybrid of physical site visits and digital knowledge work. AI and computer vision can significantly automate the 'plans examiner' and report-writing functions, while remote inspection technology is already projected to reduce labor demand. However, the core requirement for physical presence to navigate tight spaces, use manual testing equipment, and verify real-world conditions provides a substantial barrier to full automation.",
3122 Manufacturing supervisors (Level 4),3,3122-manufacturing-supervisors-level-4,3122,51180,wages_statfin,,Upper secondary,None,Vocational training,5889,,5,Moderate prospects,extras_csv,,6,"This technical occupation has significant AI exposure due to substantial digital and analytical components. While some aspects involve human judgment or physical presence, many core tasks can be automated or augmented by AI systems, particularly administrative and routine decision-making functions.",
3122. Manufacturing supervisors (Level 5),3,3122-manufacturing-supervisors-level-5,3122.,51180,wages_statfin,,Upper secondary,None,Vocational training,5889,,5,Moderate prospects,extras_csv,,6,"This technical occupation has significant AI exposure due to substantial digital and analytical components. While some aspects involve human judgment or physical presence, many core tasks can be automated or augmented by AI systems, particularly administrative and routine decision-making functions.",
3123 Construction supervisors (Level 4),3,3123-construction-supervisors-level-4,3123,55620,wages_statfin,,Upper secondary,None,Vocational training,10092,,5,Moderate prospects,extras_csv,,5,"This technical occupation has moderate AI exposure. While some tasks (particularly administrative and routine aspects) are susceptible to automation, the role requires physical presence, manual skills, or interpersonal interaction that provides a buffer against full automation.",
3123. Construction supervisors (Level 5),3,3123-construction-supervisors-level-5,3123.,55620,wages_statfin,,Upper secondary,None,Vocational training,10092,,5,Moderate prospects,extras_csv,,5,"This technical occupation has moderate AI exposure. While some tasks (particularly administrative and routine aspects) are susceptible to automation, the role requires physical presence, manual skills, or interpersonal interaction that provides a buffer against full automation.",
313 Process control technicians (Level 3),3,313-process-control-technicians-level-3,313,52764,wages_statfin,,,,,5334,,,,,,6,"This technical occupation has significant AI exposure due to substantial digital and analytical components. While some aspects involve human judgment or physical presence, many core tasks can be automated or augmented by AI systems, particularly administrative and routine decision-making functions.",
3131 Power production plant operators (Level 4),3,3131-power-production-plant-operators-level-4,3131,63180,wages_statfin,,Upper secondary,None,Vocational training,1125,,4,Below average,extras_csv,,6,"The core tasks of monitoring data, adjusting power flows, and responding to system abnormalities are increasingly digital and data-driven, making them highly susceptible to AI-driven automation and smart-grid optimization. While the high-stakes nature of power infrastructure and the need for physical equipment inspections provide a buffer, the BLS already projects a 10% decline in employment due to technological advances and automated control rooms.",
3131. Power production plant operators (Level 5),3,3131-power-production-plant-operators-level-5,3131.,63180,wages_statfin,,Upper secondary,None,Vocational training,1125,,4,Below average,extras_csv,,6,"The core tasks of monitoring data, adjusting power flows, and responding to system abnormalities are increasingly digital and data-driven, making them highly susceptible to AI-driven automation and smart-grid optimization. While the high-stakes nature of power infrastructure and the need for physical equipment inspections provide a buffer, the BLS already projects a 10% decline in employment due to technological advances and automated control rooms.",
3132 Incinerator and water treatment plant operators (Level 4),3,3132-incinerator-and-water-treatment-plant-operators-level-4,3132,48216,wages_statfin,,Upper secondary,None,Vocational training,1250,,3,Stable,extras_csv,,5,"The occupation is a hybrid of physical labor and digital monitoring, with AI and advanced automation already contributing to a projected 7% decline in employment. While AI can optimize chemical dosing, analyze sensor data, and manage complex system flows, the role still requires physical presence for equipment maintenance, manual sampling, and emergency response to mechanical failures.",
3132. Incinerator and water treatment plant operators (Level 5),3,3132-incinerator-and-water-treatment-plant-operators-level-5,3132.,48216,wages_statfin,,Upper secondary,None,Vocational training,1250,,3,Stable,extras_csv,,5,"The occupation is a hybrid of physical labor and digital monitoring, with AI and advanced automation already contributing to a projected 7% decline in employment. While AI can optimize chemical dosing, analyze sensor data, and manage complex system flows, the role still requires physical presence for equipment maintenance, manual sampling, and emergency response to mechanical failures.",
3133 Chemical processing plant controllers (Level 4),3,3133-chemical-processing-plant-controllers-level-4,3133,48780,wages_statfin,,Upper secondary,None,Vocational training,740,,3,Stable,extras_csv,,6,"This technical occupation has significant AI exposure due to substantial digital and analytical components. While some aspects involve human judgment or physical presence, many core tasks can be automated or augmented by AI systems, particularly administrative and routine decision-making functions.",
3133. Chemical processing plant controllers (Level 5),3,3133-chemical-processing-plant-controllers-level-5,3133.,48780,wages_statfin,,Upper secondary,None,Vocational training,740,,3,Stable,extras_csv,,6,"This technical occupation has significant AI exposure due to substantial digital and analytical components. While some aspects involve human judgment or physical presence, many core tasks can be automated or augmented by AI systems, particularly administrative and routine decision-making functions.",
3134 Petroleum and natural gas refining plant operators (Level 4),3,3134-petroleum-and-natural-gas-refining-plant-operators-level-4,3134,52764,inferred,,Upper secondary,None,Vocational training,40,,3,Stable,extras_csv,,6,"The core tasks of monitoring data, adjusting power flows, and responding to system abnormalities are increasingly digital and data-driven, making them highly susceptible to AI-driven automation and smart-grid optimization. While the high-stakes nature of power infrastructure and the need for physical equipment inspections provide a buffer, the BLS already projects a 10% decline in employment due to technological advances and automated control rooms.",
3134. Petroleum and natural gas refining plant operators (Level 5),3,3134-petroleum-and-natural-gas-refining-plant-operators-level-5,3134.,,,,Upper secondary,None,Vocational training,40,,3,Stable,extras_csv,,6,"The core tasks of monitoring data, adjusting power flows, and responding to system abnormalities are increasingly digital and data-driven, making them highly susceptible to AI-driven automation and smart-grid optimization. While the high-stakes nature of power infrastructure and the need for physical equipment inspections provide a buffer, the BLS already projects a 10% decline in employment due to technological advances and automated control rooms.",
3135 Metal production process controllers (Level 4),3,3135-metal-production-process-controllers-level-4,3135,52764,inferred,,Upper secondary,None,Vocational training,881,,4,Moderate prospects,extras_csv,,6,"This technical occupation has significant AI exposure due to substantial digital and analytical components. While some aspects involve human judgment or physical presence, many core tasks can be automated or augmented by AI systems, particularly administrative and routine decision-making functions.",
3135. Metal production process controllers (Level 5),3,3135-metal-production-process-controllers-level-5,3135.,,,,Upper secondary,None,Vocational training,881,,4,Moderate prospects,extras_csv,,6,"This technical occupation has significant AI exposure due to substantial digital and analytical components. While some aspects involve human judgment or physical presence, many core tasks can be automated or augmented by AI systems, particularly administrative and routine decision-making functions.",
3139 Process control technicians not elsewhere classified (Level 4),3,3139-process-control-technicians-not-elsewhere-classified-level-4,3139,55776,wages_statfin,,Upper secondary,None,Vocational training,1298,,3,Stable,extras_csv,,6,"This technical occupation has significant AI exposure due to substantial digital and analytical components. While some aspects involve human judgment or physical presence, many core tasks can be automated or augmented by AI systems, particularly administrative and routine decision-making functions.",
3139. Process control technicians not elsewhere classified (Level 5),3,3139-process-control-technicians-not-elsewhere-classified-level-5,3139.,55776,wages_statfin,,Upper secondary,None,Vocational training,1298,,3,Stable,extras_csv,,6,"This technical occupation has significant AI exposure due to substantial digital and analytical components. While some aspects involve human judgment or physical presence, many core tasks can be automated or augmented by AI systems, particularly administrative and routine decision-making functions.",
314 Life science technicians and related associate professionals (Level 3),3,314-life-science-technicians-and-related-associate-professionals-level-3,314,40068,wages_statfin,,,,,6685,,,,,,4,"This occupation involves a significant amount of physical labor, such as collecting biological samples, maintaining farm equipment, and operating laboratory hardware, which provides a buffer against full automation. However, AI will heavily impact the data-heavy portions of the job, including compiling test results, analyzing chemical properties, and generating reports, making technicians more productive but potentially reducing the number of workers needed for data processing.",
3141 Life science technicians (excluding medical) (Level 4),3,3141-life-science-technicians-excluding-medical-level-4,3141,38412,wages_statfin,,Upper secondary,None,Vocational training,4064,,5,Moderate prospects,extras_csv,,4,"This occupation involves a significant amount of physical labor, such as collecting biological samples, maintaining farm equipment, and operating laboratory hardware, which provides a buffer against full automation. However, AI will heavily impact the data-heavy portions of the job, including compiling test results, analyzing chemical properties, and generating reports, making technicians more productive but potentially reducing the number of workers needed for data processing.",
3141. Life science technicians (excluding medical) (Level 5),3,3141-life-science-technicians-excluding-medical-level-5,3141.,38412,wages_statfin,,Upper secondary,None,Vocational training,4064,,5,Moderate prospects,extras_csv,,4,"This occupation involves a significant amount of physical labor, such as collecting biological samples, maintaining farm equipment, and operating laboratory hardware, which provides a buffer against full automation. However, AI will heavily impact the data-heavy portions of the job, including compiling test results, analyzing chemical properties, and generating reports, making technicians more productive but potentially reducing the number of workers needed for data processing.",
3142 Agricultural technicians (Level 4),3,3142-agricultural-technicians-level-4,3142,41712,wages_statfin,,Upper secondary,None,Vocational training,1366,,5,Moderate prospects,extras_csv,,4,"This occupation involves a significant amount of physical labor, such as collecting biological samples, maintaining farm equipment, and operating laboratory hardware, which provides a buffer against full automation. However, AI will heavily impact the data-heavy portions of the job, including compiling test results, analyzing chemical properties, and generating reports, making technicians more productive but potentially reducing the number of workers needed for data processing.",
3142. Agricultural technicians (Level 5),3,3142-agricultural-technicians-level-5,3142.,41712,wages_statfin,,Upper secondary,None,Vocational training,1366,,5,Moderate prospects,extras_csv,,4,"This occupation involves a significant amount of physical labor, such as collecting biological samples, maintaining farm equipment, and operating laboratory hardware, which provides a buffer against full automation. However, AI will heavily impact the data-heavy portions of the job, including compiling test results, analyzing chemical properties, and generating reports, making technicians more productive but potentially reducing the number of workers needed for data processing.",
3143 Forestry technicians (Level 4),3,3143-forestry-technicians-level-4,3143,45768,wages_statfin,,Upper secondary,None,Vocational training,1255,,4,Below average,extras_csv,,6,"This technical occupation has significant AI exposure due to substantial digital and analytical components. While some aspects involve human judgment or physical presence, many core tasks can be automated or augmented by AI systems, particularly administrative and routine decision-making functions.",
3143. Forestry technicians (Level 5),3,3143-forestry-technicians-level-5,3143.,45768,wages_statfin,,Upper secondary,None,Vocational training,1255,,4,Below average,extras_csv,,6,"This technical occupation has significant AI exposure due to substantial digital and analytical components. While some aspects involve human judgment or physical presence, many core tasks can be automated or augmented by AI systems, particularly administrative and routine decision-making functions.",
315 Ship and aircraft controllers and technicians (Level 3),3,315-ship-and-aircraft-controllers-and-technicians-level-3,315,81348,wages_statfin,,,,,3261,,,,,,3,"The core of this occupation involves physical labor, manual dexterity, and real-time troubleshooting in a physical environment, which provides a strong barrier against AI automation. While AI will significantly enhance diagnostic capabilities, predictive maintenance, and the interpretation of flight data, the actual repair, assembly, and FAA-regulated physical inspections must still be performed by human technicians.",
3151 Ships' engineers (Level 4),3,3151-ships-engineers-level-4,3151,75180,wages_statfin,,Upper secondary,None,Vocational training,367,,4,Below average,extras_csv,,7,"This technical occupation has significant AI exposure due to substantial digital and analytical components. While some aspects involve human judgment or physical presence, many core tasks can be automated or augmented by AI systems, particularly administrative and routine decision-making functions.",
3151. Ships' engineers (Level 5),3,3151-ships-engineers-level-5,3151.,75180,wages_statfin,,Upper secondary,None,Vocational training,367,,4,Below average,extras_csv,,7,"This technical occupation has significant AI exposure due to substantial digital and analytical components. While some aspects involve human judgment or physical presence, many core tasks can be automated or augmented by AI systems, particularly administrative and routine decision-making functions.",
3152 Ships' deck officers and pilots (Level 4),3,3152-ships-deck-officers-and-pilots-level-4,3152,71820,wages_statfin,,Upper secondary,None,Vocational training,1328,,4,Below average,extras_csv,,5,"The occupation is a hybrid of high-level digital information processing and critical physical presence. While AI and advanced automation can handle navigation, flight planning, and system monitoring, the role requires real-time human intervention for physical emergencies, complex sensory awareness in unpredictable weather, and the legal/ethical responsibility of passenger safety in the physical world.",
3152. (Not more specifically classified) Ships' deck officers and pilots (Level 5),3,3152-not-more-specifically-classified-ships-deck-officers-and-pilots-level-5,3152.,71820,wages_statfin,,Upper secondary,None,Vocational training,0,,4,Below average,extras_csv,,9,"This professional occupation involves extensive digital knowledge work and analytical tasks that are highly susceptible to AI automation and augmentation. The work is primarily computer-based with limited physical requirements, making it highly exposed to AI capabilities.",
31521 Large ships' officers and mates (Level 5),3,31521-large-ships-officers-and-mates-level-5,31521,70872,wages_statfin,,Upper secondary,None,Vocational training,702,,4,Moderate prospects,extras_csv,,7,"The core tasks of researching legal issues, evaluating documents, and writing opinions are highly digital and susceptible to AI automation, which can significantly increase productivity and reduce the need for human staff. However, the role requires high-stakes human judgment, presiding over physical courtrooms, and maintaining public trust, which creates a significant barrier to full automation.",
31522 Small ships' officers (Level 5),3,31522-small-ships-officers-level-5,31522,,,,Upper secondary,None,Vocational training,288,,4,Moderate prospects,extras_csv,,,,
31523 Harbour traffic controllers and harbour masters (Level 5),3,31523-harbour-traffic-controllers-and-harbour-masters-level-5,31523,75252,wages_statfin,,Upper secondary,None,Vocational training,338,,4,Moderate prospects,extras_csv,,7,"The core work is fundamentally digital and data-driven, involving the monitoring of radar screens and the processing of complex spatial information to ensure aircraft separation. While the high-stakes nature of safety and the need for real-time human communication with pilots provide a buffer, AI and automated systems (like NextGen) are already increasing productivity and handling more traffic per controller, leading to a very low projected growth in human employment.",
3153 Aircraft pilots and related associate professionals (Level 4),3,3153-aircraft-pilots-and-related-associate-professionals-level-4,3153,99396,wages_statfin,,Upper secondary,None,Vocational training,1269,,4,Below average,extras_csv,,6,"This technical occupation has significant AI exposure due to substantial digital and analytical components. While some aspects involve human judgment or physical presence, many core tasks can be automated or augmented by AI systems, particularly administrative and routine decision-making functions.",
3153. Aircraft pilots and related associate professionals (Level 5),3,3153-aircraft-pilots-and-related-associate-professionals-level-5,3153.,99396,wages_statfin,,Upper secondary,None,Vocational training,1269,,4,Below average,extras_csv,,6,"This technical occupation has significant AI exposure due to substantial digital and analytical components. While some aspects involve human judgment or physical presence, many core tasks can be automated or augmented by AI systems, particularly administrative and routine decision-making functions.",
3154 Air traffic controllers (Level 4),3,3154-air-traffic-controllers-level-4,3154,81348,inferred,,Upper secondary,None,Vocational training,261,,3,Stable,extras_csv,,7,"The core work is fundamentally digital and data-driven, involving the monitoring of radar screens and the processing of complex spatial information to ensure aircraft separation. While the high-stakes nature of safety and the need for real-time human communication with pilots provide a buffer, AI and automated systems (like NextGen) are already increasing productivity and handling more traffic per controller, leading to a very low projected growth in human employment.",
3154. Air traffic controllers (Level 5),3,3154-air-traffic-controllers-level-5,3154.,,,,Upper secondary,None,Vocational training,261,,3,Stable,extras_csv,,7,"The core work is fundamentally digital and data-driven, involving the monitoring of radar screens and the processing of complex spatial information to ensure aircraft separation. While the high-stakes nature of safety and the need for real-time human communication with pilots provide a buffer, AI and automated systems (like NextGen) are already increasing productivity and handling more traffic per controller, leading to a very low projected growth in human employment.",
3155 Air traffic safety electronics technicians (Level 4),3,3155-air-traffic-safety-electronics-technicians-level-4,3155,81348,inferred,,Upper secondary,None,Vocational training,36,,3,Stable,extras_csv,,7,"The core work is fundamentally digital and data-driven, involving the monitoring of radar screens and the processing of complex spatial information to ensure aircraft separation. While the high-stakes nature of safety and the need for real-time human communication with pilots provide a buffer, AI and automated systems (like NextGen) are already increasing productivity and handling more traffic per controller, leading to a very low projected growth in human employment.",
3155. Air traffic safety electronics technicians (Level 5),3,3155-air-traffic-safety-electronics-technicians-level-5,3155.,,,,Upper secondary,None,Vocational training,36,,3,Stable,extras_csv,,7,"The core work is fundamentally digital and data-driven, involving the monitoring of radar screens and the processing of complex spatial information to ensure aircraft separation. While the high-stakes nature of safety and the need for real-time human communication with pilots provide a buffer, AI and automated systems (like NextGen) are already increasing productivity and handling more traffic per controller, leading to a very low projected growth in human employment.",
32 Health associate professionals (Level 2),3,32-health-associate-professionals-level-2,32,42108,wages_statfin,,,,,113320,,,,,,6,"This technical occupation has significant AI exposure due to substantial digital and analytical components. While some aspects involve human judgment or physical presence, many core tasks can be automated or augmented by AI systems, particularly administrative and routine decision-making functions.",
321 Medical and pharmaceutical technicians (Level 3),3,321-medical-and-pharmaceutical-technicians-level-3,321,41904,wages_statfin,,,,,14625,,,,,,5,"This occupation is a hybrid of physical craftsmanship and digital design, with AI and automation already driving a projected decline in dental technician roles. While the physical assembly, polishing, and repair of medical devices require manual dexterity, the 'knowledge' phase of the job—interpreting prescriptions and designing appliances—is rapidly shifting toward AI-integrated CAD/CAM software and 3D printing.",
3211 Medical imaging and therapeutic equipment technicians (Level 4),3,3211-medical-imaging-and-therapeutic-equipment-technicians-level-4,3211,42672,wages_statfin,,Upper secondary,None,Vocational training,3080,,6,Moderate prospects,extras_csv,,3,"The core of this occupation involves physical labor, manual dexterity, and real-time troubleshooting in a physical environment, which provides a strong barrier against AI automation. While AI will significantly enhance diagnostic capabilities, predictive maintenance, and the interpretation of flight data, the actual repair, assembly, and FAA-regulated physical inspections must still be performed by human technicians.",
3211. Medical imaging and therapeutic equipment technicians (Level 5),3,3211-medical-imaging-and-therapeutic-equipment-technicians-level-5,3211.,42672,wages_statfin,,Upper secondary,None,Vocational training,3080,,6,Moderate prospects,extras_csv,,3,"The core of this occupation involves physical labor, manual dexterity, and real-time troubleshooting in a physical environment, which provides a strong barrier against AI automation. While AI will significantly enhance diagnostic capabilities, predictive maintenance, and the interpretation of flight data, the actual repair, assembly, and FAA-regulated physical inspections must still be performed by human technicians.",
3212 Medical and pathology laboratory technicians (Level 4),3,3212-medical-and-pathology-laboratory-technicians-level-4,3212,40320,wages_statfin,,Upper secondary,None,Vocational training,4974,,5,Moderate prospects,extras_csv,,5,"This occupation is a hybrid of physical craftsmanship and digital design, with AI and automation already driving a projected decline in dental technician roles. While the physical assembly, polishing, and repair of medical devices require manual dexterity, the 'knowledge' phase of the job—interpreting prescriptions and designing appliances—is rapidly shifting toward AI-integrated CAD/CAM software and 3D printing.",
3212. Medical and pathology laboratory technicians (Level 5),3,3212-medical-and-pathology-laboratory-technicians-level-5,3212.,40320,wages_statfin,,Upper secondary,None,Vocational training,4974,,5,Moderate prospects,extras_csv,,5,"This occupation is a hybrid of physical craftsmanship and digital design, with AI and automation already driving a projected decline in dental technician roles. While the physical assembly, polishing, and repair of medical devices require manual dexterity, the 'knowledge' phase of the job—interpreting prescriptions and designing appliances—is rapidly shifting toward AI-integrated CAD/CAM software and 3D printing.",
3213 Pharmaceutical technicians and assistants (Level 4),3,3213-pharmaceutical-technicians-and-assistants-level-4,3213,42816,wages_statfin,,Upper secondary,None,Vocational training,5660,,6,Moderate prospects,extras_csv,,7,"A significant portion of this role involves routine information processing, cataloging, and answering reference questions, all of which are highly susceptible to AI automation. While physical tasks like reshelving books and interpersonal community programming provide some protection, the core digital and clerical functions are increasingly being handled by automated systems and AI-driven search tools.",
3213. Pharmaceutical technicians and assistants (Level 5),3,3213-pharmaceutical-technicians-and-assistants-level-5,3213.,42816,wages_statfin,,Upper secondary,None,Vocational training,5660,,6,Moderate prospects,extras_csv,,7,"A significant portion of this role involves routine information processing, cataloging, and answering reference questions, all of which are highly susceptible to AI automation. While physical tasks like reshelving books and interpersonal community programming provide some protection, the core digital and clerical functions are increasingly being handled by automated systems and AI-driven search tools.",
3214 Medical and dental prosthetic technicians (Level 4),3,3214-medical-and-dental-prosthetic-technicians-level-4,3214,38844,wages_statfin,,Upper secondary,None,Vocational training,911,,5,Moderate prospects,extras_csv,,5,"This occupation is a hybrid of physical craftsmanship and digital design, with AI and automation already driving a projected decline in dental technician roles. While the physical assembly, polishing, and repair of medical devices require manual dexterity, the 'knowledge' phase of the job—interpreting prescriptions and designing appliances—is rapidly shifting toward AI-integrated CAD/CAM software and 3D printing.",
32141 Dental technicians (Level 5),3,32141-dental-technicians-level-5,32141,37356,wages_statfin,,Upper secondary,None,Vocational training,589,,4,Moderate prospects,extras_csv,,5,"This occupation is a hybrid of physical craftsmanship and digital design, with AI and automation already driving a projected decline in dental technician roles. While the physical assembly, polishing, and repair of medical devices require manual dexterity, the 'knowledge' phase of the job—interpreting prescriptions and designing appliances—is rapidly shifting toward AI-integrated CAD/CAM software and 3D printing.",
32142 Prosthetist-orthotists (Level 5),3,32142-prosthetist-orthotists-level-5,32142,39612,wages_statfin,,Upper secondary,None,Vocational training,322,,4,Moderate prospects,extras_csv,,,,
322 Nursing and midwifery associate professionals (Level 3),3,322-nursing-and-midwifery-associate-professionals-level-3,322,42552,wages_statfin,,,,,77105,,,,,,6,"This technical occupation has significant AI exposure due to substantial digital and analytical components. While some aspects involve human judgment or physical presence, many core tasks can be automated or augmented by AI systems, particularly administrative and routine decision-making functions.",
3221 Nursing associate professionals (Level 4),3,3221-nursing-associate-professionals-level-4,3221,42444,wages_statfin,,Upper secondary,None,Vocational training,74825,,5,Moderate prospects,extras_csv,,6,"This technical occupation has significant AI exposure due to substantial digital and analytical components. While some aspects involve human judgment or physical presence, many core tasks can be automated or augmented by AI systems, particularly administrative and routine decision-making functions.",
3221. (Not more specifically classified) Nursing associate professionals (Level 5),3,3221-not-more-specifically-classified-nursing-associate-professionals-level-5,3221.,42444,wages_statfin,,Upper secondary,None,Vocational training,5,,5,Moderate prospects,extras_csv,,9,"This professional occupation involves extensive digital knowledge work and analytical tasks that are highly susceptible to AI automation and augmentation. The work is primarily computer-based with limited physical requirements, making it highly exposed to AI capabilities.",
32211 Nurses (Level 5),3,32211-nurses-level-5,32211,43008,wages_statfin,,Upper secondary,None,Vocational training,65558,,4,Moderate prospects,extras_csv,,4,"The core of this occupation involves physical tasks such as bathing, dressing, and wound care, which are currently beyond the reach of AI and robotics. However, AI will significantly impact the information-processing aspects of the job, including documenting patient care, monitoring vitals, and assisting with diagnostic reporting, leading to moderate overall exposure.",
32212 Public health nurses (Level 5),3,32212-public-health-nurses-level-5,32212,40308,wages_statfin,,Upper secondary,None,Vocational training,9262,,4,Moderate prospects,extras_csv,,,,
3222 Midwifery associate professionals (Level 4),3,3222-midwifery-associate-professionals-level-4,3222,47292,wages_statfin,,Upper secondary,None,Vocational training,2280,,6,Moderate prospects,extras_csv,,6,"This technical occupation has significant AI exposure due to substantial digital and analytical components. While some aspects involve human judgment or physical presence, many core tasks can be automated or augmented by AI systems, particularly administrative and routine decision-making functions.",
3222. Midwifery associate professionals (Level 5),3,3222-midwifery-associate-professionals-level-5,3222.,47292,wages_statfin,,Upper secondary,None,Vocational training,2280,,6,Moderate prospects,extras_csv,,6,"This technical occupation has significant AI exposure due to substantial digital and analytical components. While some aspects involve human judgment or physical presence, many core tasks can be automated or augmented by AI systems, particularly administrative and routine decision-making functions.",
323 Traditional and complementary medicine associate professionals (Level 3),3,323-traditional-and-complementary-medicine-associate-professionals-level-3,323,,,,,,,94,,,,,,6,"This technical occupation has significant AI exposure due to substantial digital and analytical components. While some aspects involve human judgment or physical presence, many core tasks can be automated or augmented by AI systems, particularly administrative and routine decision-making functions.",
3230 Traditional and complementary medicine associate professionals (Level 4),3,3230-traditional-and-complementary-medicine-associate-professionals-level-4,3230,46926,inferred,,Upper secondary,None,Vocational training,94,,4,Moderate prospects,extras_csv,,6,"This technical occupation has significant AI exposure due to substantial digital and analytical components. While some aspects involve human judgment or physical presence, many core tasks can be automated or augmented by AI systems, particularly administrative and routine decision-making functions.",
3230. Traditional and complementary medicine associate professionals (Level 5),3,3230-traditional-and-complementary-medicine-associate-professionals-level-5,3230.,,,,Upper secondary,None,Vocational training,94,,4,Moderate prospects,extras_csv,,6,"This technical occupation has significant AI exposure due to substantial digital and analytical components. While some aspects involve human judgment or physical presence, many core tasks can be automated or augmented by AI systems, particularly administrative and routine decision-making functions.",
324 Veterinary technicians and assistants (Level 3),3,324-veterinary-technicians-and-assistants-level-3,324,,,,,,,206,,,,,,7,"A significant portion of this role involves routine information processing, cataloging, and answering reference questions, all of which are highly susceptible to AI automation. While physical tasks like reshelving books and interpersonal community programming provide some protection, the core digital and clerical functions are increasingly being handled by automated systems and AI-driven search tools.",
3240 Veterinary technicians and assistants (Level 4),3,3240-veterinary-technicians-and-assistants-level-4,3240,46926,inferred,,Upper secondary,None,Vocational training,206,,4,Moderate prospects,extras_csv,,7,"A significant portion of this role involves routine information processing, cataloging, and answering reference questions, all of which are highly susceptible to AI automation. While physical tasks like reshelving books and interpersonal community programming provide some protection, the core digital and clerical functions are increasingly being handled by automated systems and AI-driven search tools.",
3240. Veterinary technicians and assistants (Level 5),3,3240-veterinary-technicians-and-assistants-level-5,3240.,,,,Upper secondary,None,Vocational training,206,,4,Moderate prospects,extras_csv,,7,"A significant portion of this role involves routine information processing, cataloging, and answering reference questions, all of which are highly susceptible to AI automation. While physical tasks like reshelving books and interpersonal community programming provide some protection, the core digital and clerical functions are increasingly being handled by automated systems and AI-driven search tools.",
325 Other health associate professionals (Level 3),3,325-other-health-associate-professionals-level-3,325,39972,wages_statfin,,,,,21290,,,,,,9,"This professional occupation involves extensive digital knowledge work and analytical tasks that are highly susceptible to AI automation and augmentation. The work is primarily computer-based with limited physical requirements, making it highly exposed to AI capabilities.",
3251 Dental assistants and therapists (Level 4),3,3251-dental-assistants-and-therapists-level-4,3251,38616,wages_statfin,,Upper secondary,None,Vocational training,1896,,4,Moderate prospects,extras_csv,,3,"The core of the job involves physical, hands-on tasks such as sterilizing instruments, assisting in surgeries, and providing direct patient care that requires human presence and manual dexterity. While AI can significantly automate the administrative and digital aspects of the role—such as scheduling, billing, and preliminary X-ray analysis—the majority of the workday is spent in the physical dental operatory where AI cannot currently replace human labor.",
3251. Dental assistants and therapists (Level 5),3,3251-dental-assistants-and-therapists-level-5,3251.,38616,wages_statfin,,Upper secondary,None,Vocational training,1896,,4,Moderate prospects,extras_csv,,3,"The core of the job involves physical, hands-on tasks such as sterilizing instruments, assisting in surgeries, and providing direct patient care that requires human presence and manual dexterity. While AI can significantly automate the administrative and digital aspects of the role—such as scheduling, billing, and preliminary X-ray analysis—the majority of the workday is spent in the physical dental operatory where AI cannot currently replace human labor.",
3254 Dispensing opticians (Level 4),3,3254-dispensing-opticians-level-4,3254,45072,wages_statfin,,Upper secondary,None,Vocational training,1459,,4,Moderate prospects,extras_csv,,4,"The role involves a significant amount of physical, hands-on work such as measuring faces, adjusting frames with tools, and teaching patients how to insert contact lenses. While AI can automate administrative tasks and assist in frame selection via virtual try-on technology, the core requirements of physical fitting, manual repairs, and real-time interpersonal healthcare guidance provide a buffer against full automation.",
3254. Dispensing opticians (Level 5),3,3254-dispensing-opticians-level-5,3254.,45072,wages_statfin,,Upper secondary,None,Vocational training,1459,,4,Moderate prospects,extras_csv,,4,"The role involves a significant amount of physical, hands-on work such as measuring faces, adjusting frames with tools, and teaching patients how to insert contact lenses. While AI can automate administrative tasks and assist in frame selection via virtual try-on technology, the core requirements of physical fitting, manual repairs, and real-time interpersonal healthcare guidance provide a buffer against full automation.",
3255 Physiotherapy technicians and assistants (Level 4),3,3255-physiotherapy-technicians-and-assistants-level-4,3255,37284,wages_statfin,,Upper secondary,None,Vocational training,9744,,4,Moderate prospects,extras_csv,,7,"A significant portion of this role involves routine information processing, cataloging, and answering reference questions, all of which are highly susceptible to AI automation. While physical tasks like reshelving books and interpersonal community programming provide some protection, the core digital and clerical functions are increasingly being handled by automated systems and AI-driven search tools.",
3255. Physiotherapy technicians and assistants (Level 5),3,3255-physiotherapy-technicians-and-assistants-level-5,3255.,37284,wages_statfin,,Upper secondary,None,Vocational training,9744,,4,Moderate prospects,extras_csv,,7,"A significant portion of this role involves routine information processing, cataloging, and answering reference questions, all of which are highly susceptible to AI automation. While physical tasks like reshelving books and interpersonal community programming provide some protection, the core digital and clerical functions are increasingly being handled by automated systems and AI-driven search tools.",
3257 Environmental and occupational health inspectors and associates (Level 4),3,3257-environmental-and-occupational-health-inspectors-and-associates-level-4,3257,49800,wages_statfin,,Upper secondary,None,Vocational training,1744,,4,Moderate prospects,extras_csv,,5,"This occupation is a hybrid of physical fieldwork and digital knowledge work. While AI can significantly automate data analysis, report writing, and regulatory cross-referencing, the core duties require physical inspections of worksites, manual testing with specialized equipment, and real-time human interaction to conduct safety trainings and emergency investigations.",
3257. Environmental and occupational health inspectors and associates (Level 5),3,3257-environmental-and-occupational-health-inspectors-and-associates-level-5,3257.,49800,wages_statfin,,Upper secondary,None,Vocational training,1744,,4,Moderate prospects,extras_csv,,5,"This occupation is a hybrid of physical fieldwork and digital knowledge work. While AI can significantly automate data analysis, report writing, and regulatory cross-referencing, the core duties require physical inspections of worksites, manual testing with specialized equipment, and real-time human interaction to conduct safety trainings and emergency investigations.",
3258 Ambulance workers (Level 4),3,3258-ambulance-workers-level-4,3258,49056,wages_statfin,,Upper secondary,None,Vocational training,3558,,4,Moderate prospects,extras_csv,,6,"This technical occupation has significant AI exposure due to substantial digital and analytical components. While some aspects involve human judgment or physical presence, many core tasks can be automated or augmented by AI systems, particularly administrative and routine decision-making functions.",
3258. Ambulance workers (Level 5),3,3258-ambulance-workers-level-5,3258.,49056,wages_statfin,,Upper secondary,None,Vocational training,3558,,4,Moderate prospects,extras_csv,,6,"This technical occupation has significant AI exposure due to substantial digital and analytical components. While some aspects involve human judgment or physical presence, many core tasks can be automated or augmented by AI systems, particularly administrative and routine decision-making functions.",
3259 Health associate professionals not elsewhere classified (Level 4),3,3259-health-associate-professionals-not-elsewhere-classified-level-4,3259,37692,wages_statfin,,Upper secondary,None,Vocational training,2889,,4,Moderate prospects,extras_csv,,6,"This technical occupation has significant AI exposure due to substantial digital and analytical components. While some aspects involve human judgment or physical presence, many core tasks can be automated or augmented by AI systems, particularly administrative and routine decision-making functions.",
3259. (Not more specifically classified) Health associate professionals not elsewhere classified (Level 5),3,3259-not-more-specifically-classified-health-associate-professionals-not-elsewhere-classified-level-5,3259.,37692,wages_statfin,,Upper secondary,None,Vocational training,67,,4,Moderate prospects,extras_csv,,9,"This professional occupation involves extensive digital knowledge work and analytical tasks that are highly susceptible to AI automation and augmentation. The work is primarily computer-based with limited physical requirements, making it highly exposed to AI capabilities.",
32591 Occupational therapists (Level 5),3,32591-occupational-therapists-level-5,32591,37512,wages_statfin,,Upper secondary,None,Vocational training,2460,,4,Moderate prospects,extras_csv,,3,"Occupational therapy is a highly physical and interpersonal profession that requires real-time observation, manual manipulation of patients, and the assessment of physical environments like homes and workplaces. While AI can assist with peripheral tasks such as treatment planning, progress documentation, and medical history analysis, the core of the job involves hands-on rehabilitation and emotional support that cannot be replicated digitally.",
32592 Other therapists (Level 5),3,32592-other-therapists-level-5,32592,43296,wages_statfin,,Upper secondary,None,Vocational training,362,,4,Moderate prospects,extras_csv,,,,
33 Business and administration associate professionals (Level 2),3,33-business-and-administration-associate-professionals-level-2,33,46236,wages_statfin,,,,,153893,,,,,,6,"This technical occupation has significant AI exposure due to substantial digital and analytical components. While some aspects involve human judgment or physical presence, many core tasks can be automated or augmented by AI systems, particularly administrative and routine decision-making functions.",
331 Financial and mathematical associate professionals (Level 3),3,331-financial-and-mathematical-associate-professionals-level-3,331,43896,wages_statfin,,,,,26438,,,,,,6,"This technical occupation has significant AI exposure due to substantial digital and analytical components. While some aspects involve human judgment or physical presence, many core tasks can be automated or augmented by AI systems, particularly administrative and routine decision-making functions.",
3311 Securities and finance dealers and brokers (Level 4),3,3311-securities-and-finance-dealers-and-brokers-level-4,3311,64608,wages_statfin,,Upper secondary,None,Vocational training,1065,,5,Moderate prospects,extras_csv,,6,"Real estate agents perform a mix of digital knowledge work and physical/interpersonal tasks. AI can automate significant portions of their digital workload, such as market analysis, property descriptions, lead generation, and contract preparation, which increases individual productivity and may reduce the total number of agents needed. However, the core of the job still requires physical property showings, high-stakes human negotiation, and local networking, which provide a buffer against full automation.",
3311. Securities and finance dealers and brokers (Level 5),3,3311-securities-and-finance-dealers-and-brokers-level-5,3311.,64608,wages_statfin,,Upper secondary,None,Vocational training,1065,,5,Moderate prospects,extras_csv,,6,"Real estate agents perform a mix of digital knowledge work and physical/interpersonal tasks. AI can automate significant portions of their digital workload, such as market analysis, property descriptions, lead generation, and contract preparation, which increases individual productivity and may reduce the total number of agents needed. However, the core of the job still requires physical property showings, high-stakes human negotiation, and local networking, which provide a buffer against full automation.",
3312 Credit and loans officers (Level 4),3,3312-credit-and-loans-officers-level-4,3312,57072,wages_statfin,,Upper secondary,None,Vocational training,3715,,5,Moderate prospects,extras_csv,,7,"The core tasks of researching legal issues, evaluating documents, and writing opinions are highly digital and susceptible to AI automation, which can significantly increase productivity and reduce the need for human staff. However, the role requires high-stakes human judgment, presiding over physical courtrooms, and maintaining public trust, which creates a significant barrier to full automation.",
3312. Credit and loans officers (Level 5),3,3312-credit-and-loans-officers-level-5,3312.,57072,wages_statfin,,Upper secondary,None,Vocational training,3715,,5,Moderate prospects,extras_csv,,7,"The core tasks of researching legal issues, evaluating documents, and writing opinions are highly digital and susceptible to AI automation, which can significantly increase productivity and reduce the need for human staff. However, the role requires high-stakes human judgment, presiding over physical courtrooms, and maintaining public trust, which creates a significant barrier to full automation.",
3313 Accounting associate professionals (Level 4),3,3313-accounting-associate-professionals-level-4,3313,41640,wages_statfin,,Upper secondary,None,Vocational training,20891,,4,Below average,extras_csv,,6,"This technical occupation has significant AI exposure due to substantial digital and analytical components. While some aspects involve human judgment or physical presence, many core tasks can be automated or augmented by AI systems, particularly administrative and routine decision-making functions.",
3313. Accounting associate professionals (Level 5),3,3313-accounting-associate-professionals-level-5,3313.,41640,wages_statfin,,Upper secondary,None,Vocational training,20891,,4,Below average,extras_csv,,6,"This technical occupation has significant AI exposure due to substantial digital and analytical components. While some aspects involve human judgment or physical presence, many core tasks can be automated or augmented by AI systems, particularly administrative and routine decision-making functions.",
"3314 Statistical, mathematical and related associate professionals (Level 4)",3,3314-statistical-mathematical-and-related-associate-professionals-level-4,3314,29808,wages_statfin,,Upper secondary,None,Vocational training,356,,4,Below average,extras_csv,,6,"This technical occupation has significant AI exposure due to substantial digital and analytical components. While some aspects involve human judgment or physical presence, many core tasks can be automated or augmented by AI systems, particularly administrative and routine decision-making functions.",
"3314. Statistical, mathematical and related associate professionals (Level 5)",3,3314-statistical-mathematical-and-related-associate-professionals-level-5,3314.,29808,wages_statfin,,Upper secondary,None,Vocational training,356,,4,Below average,extras_csv,,6,"This technical occupation has significant AI exposure due to substantial digital and analytical components. While some aspects involve human judgment or physical presence, many core tasks can be automated or augmented by AI systems, particularly administrative and routine decision-making functions.",
3315 Valuers and loss assessors (Level 4),3,3315-valuers-and-loss-assessors-level-4,3315,56004,wages_statfin,,Upper secondary,None,Vocational training,411,,4,Below average,extras_csv,,7,"The core of this occupation involves analyzing data, comparing market trends, and generating reports, all of which are highly susceptible to Automated Valuation Models (AVMs) and AI-driven data analysis. While physical site inspections and the need to defend assessments in public hearings provide a buffer, the shift toward 'desktop appraisals' and AI-assisted mass assessments significantly reduces the human labor required per valuation.",
3315. Valuers and loss assessors (Level 5),3,3315-valuers-and-loss-assessors-level-5,3315.,56004,wages_statfin,,Upper secondary,None,Vocational training,411,,4,Below average,extras_csv,,7,"The core of this occupation involves analyzing data, comparing market trends, and generating reports, all of which are highly susceptible to Automated Valuation Models (AVMs) and AI-driven data analysis. While physical site inspections and the need to defend assessments in public hearings provide a buffer, the shift toward 'desktop appraisals' and AI-assisted mass assessments significantly reduces the human labor required per valuation.",
332 Sales and purchasing agents and brokers (Level 3),3,332-sales-and-purchasing-agents-and-brokers-level-3,332,54144,wages_statfin,,,,,56022,,,,,,6,"Real estate agents perform a mix of digital knowledge work and physical/interpersonal tasks. AI can automate significant portions of their digital workload, such as market analysis, property descriptions, lead generation, and contract preparation, which increases individual productivity and may reduce the total number of agents needed. However, the core of the job still requires physical property showings, high-stakes human negotiation, and local networking, which provide a buffer against full automation.",
3321 Insurance representatives (Level 4),3,3321-insurance-representatives-level-4,3321,53496,wages_statfin,,Upper secondary,None,Vocational training,4806,,5,Moderate prospects,extras_csv,,6,"This technical occupation has significant AI exposure due to substantial digital and analytical components. While some aspects involve human judgment or physical presence, many core tasks can be automated or augmented by AI systems, particularly administrative and routine decision-making functions.",
3321. Insurance representatives (Level 5),3,3321-insurance-representatives-level-5,3321.,53496,wages_statfin,,Upper secondary,None,Vocational training,4806,,5,Moderate prospects,extras_csv,,6,"This technical occupation has significant AI exposure due to substantial digital and analytical components. While some aspects involve human judgment or physical presence, many core tasks can be automated or augmented by AI systems, particularly administrative and routine decision-making functions.",
3322 Commercial sales representatives (Level 4),3,3322-commercial-sales-representatives-level-4,3322,55176,wages_statfin,,Upper secondary,None,Vocational training,40583,,4,Below average,extras_csv,,7,"This occupation is heavily focused on information processing, communication, and data analysis, all of which are highly susceptible to AI enhancement and automation. While high-stakes B2B negotiations and physical trade shows provide a buffer, AI can now handle lead generation, personalized outreach, price optimization, and technical product explanations, significantly increasing individual productivity and reducing the total number of representatives needed.",
3322. Commercial sales representatives (Level 5),3,3322-commercial-sales-representatives-level-5,3322.,55176,wages_statfin,,Upper secondary,None,Vocational training,40583,,4,Below average,extras_csv,,7,"This occupation is heavily focused on information processing, communication, and data analysis, all of which are highly susceptible to AI enhancement and automation. While high-stakes B2B negotiations and physical trade shows provide a buffer, AI can now handle lead generation, personalized outreach, price optimization, and technical product explanations, significantly increasing individual productivity and reducing the total number of representatives needed.",
3323 Buyers (Level 4),3,3323-buyers-level-4,3323,50676,wages_statfin,,Upper secondary,None,Vocational training,8578,,4,Below average,extras_csv,,7,"The core tasks of analyzing price proposals, monitoring inventory, and reviewing financial reports are highly susceptible to AI automation and optimization. While high-stakes negotiations and physical site visits provide a buffer, the majority of the work is digital information processing that can be significantly streamlined by AI, leading to higher productivity per worker and a restructuring of the procurement process.",
3323. Buyers (Level 5),3,3323-buyers-level-5,3323.,50676,wages_statfin,,Upper secondary,None,Vocational training,8578,,4,Below average,extras_csv,,7,"The core tasks of analyzing price proposals, monitoring inventory, and reviewing financial reports are highly susceptible to AI automation and optimization. While high-stakes negotiations and physical site visits provide a buffer, the majority of the work is digital information processing that can be significantly streamlined by AI, leading to higher productivity per worker and a restructuring of the procurement process.",
3324 Trade brokers (Level 4),3,3324-trade-brokers-level-4,3324,49200,wages_statfin,,Upper secondary,None,Vocational training,2055,,3,Stable,extras_csv,,6,"This technical occupation has significant AI exposure due to substantial digital and analytical components. While some aspects involve human judgment or physical presence, many core tasks can be automated or augmented by AI systems, particularly administrative and routine decision-making functions.",
3324. Trade brokers (Level 5),3,3324-trade-brokers-level-5,3324.,49200,wages_statfin,,Upper secondary,None,Vocational training,2055,,3,Stable,extras_csv,,6,"This technical occupation has significant AI exposure due to substantial digital and analytical components. While some aspects involve human judgment or physical presence, many core tasks can be automated or augmented by AI systems, particularly administrative and routine decision-making functions.",
333 Business services agents (Level 3),3,333-business-services-agents-level-3,333,43260,wages_statfin,,,,,27772,,,,,,8,"This occupation is almost entirely digital and information-based, involving data analysis, market monitoring, and financial modeling—all areas where AI is rapidly achieving parity with human experts. While high-level relationship management and complex negotiation (like M&A) provide some insulation, the core tasks of identifying investment opportunities, executing trades, and providing routine financial advice are highly susceptible to automation and significant productivity gains that could reduce the need for human agents.",
3331 Clearing and forwarding agents (Level 4),3,3331-clearing-and-forwarding-agents-level-4,3331,44988,wages_statfin,,Upper secondary,None,Vocational training,1897,,4,Below average,extras_csv,,7,"The core tasks of analyzing price proposals, monitoring inventory, and reviewing financial reports are highly susceptible to AI automation and optimization. While high-stakes negotiations and physical site visits provide a buffer, the majority of the work is digital information processing that can be significantly streamlined by AI, leading to higher productivity per worker and a restructuring of the procurement process.",
3331. Clearing and forwarding agents (Level 5),3,3331-clearing-and-forwarding-agents-level-5,3331.,44988,wages_statfin,,Upper secondary,None,Vocational training,1897,,4,Below average,extras_csv,,7,"The core tasks of analyzing price proposals, monitoring inventory, and reviewing financial reports are highly susceptible to AI automation and optimization. While high-stakes negotiations and physical site visits provide a buffer, the majority of the work is digital information processing that can be significantly streamlined by AI, leading to higher productivity per worker and a restructuring of the procurement process.",
3332 Conference and event planners (Level 4),3,3332-conference-and-event-planners-level-4,3332,41064,wages_statfin,,Upper secondary,None,Vocational training,623,,4,Below average,extras_csv,,6,"A significant portion of the role involves digital tasks such as logistics planning, vendor research, contract review, and communications, which are highly susceptible to AI automation and productivity gains. However, the core of the job requires physical site inspections, real-time on-site problem solving during events, and high-stakes interpersonal negotiation and relationship management, which provide a buffer against full automation.",
3332. Conference and event planners (Level 5),3,3332-conference-and-event-planners-level-5,3332.,41064,wages_statfin,,Upper secondary,None,Vocational training,623,,4,Below average,extras_csv,,6,"A significant portion of the role involves digital tasks such as logistics planning, vendor research, contract review, and communications, which are highly susceptible to AI automation and productivity gains. However, the core of the job requires physical site inspections, real-time on-site problem solving during events, and high-stakes interpersonal negotiation and relationship management, which provide a buffer against full automation.",
3333 Employment agents and contractors (Level 4),3,3333-employment-agents-and-contractors-level-4,3333,39384,wages_statfin,,Upper secondary,None,Vocational training,6710,,4,Below average,extras_csv,,7,"While live theater and physical presence on set remain human-centric, the occupation is highly exposed due to AI's ability to generate digital likenesses, synthesize voices, and replace background extras or voiceover artists. The core work product—audio and video—is increasingly susceptible to generative AI, leading to significant industry restructuring and potential displacement in digital media productions.",
3333. Employment agents and contractors (Level 5),3,3333-employment-agents-and-contractors-level-5,3333.,39384,wages_statfin,,Upper secondary,None,Vocational training,6710,,4,Below average,extras_csv,,7,"While live theater and physical presence on set remain human-centric, the occupation is highly exposed due to AI's ability to generate digital likenesses, synthesize voices, and replace background extras or voiceover artists. The core work product—audio and video—is increasingly susceptible to generative AI, leading to significant industry restructuring and potential displacement in digital media productions.",
3334 Real estate agents and property managers (Level 4),3,3334-real-estate-agents-and-property-managers-level-4,3334,48648,wages_statfin,,Upper secondary,None,Vocational training,11250,,3,Stable,extras_csv,,6,"This occupation is a hybrid of digital knowledge work and physical site management. While AI can automate significant portions of the job—such as drafting leases, financial reporting, budgeting, and coordinating maintenance requests—the role still requires physical inspections of facilities and high-stakes interpersonal conflict resolution. The exposure is high because the administrative and analytical 'office' tasks that comprise a large part of the day are highly susceptible to AI-driven productivity gains.",
3334. (Not more specifically classified) Real estate agents and property managers (Level 5),3,3334-not-more-specifically-classified-real-estate-agents-and-property-managers-level-5,3334.,48648,wages_statfin,,Upper secondary,None,Vocational training,1753,,3,Stable,extras_csv,,6,"This occupation is a hybrid of digital knowledge work and physical site management. While AI can automate significant portions of the job—such as drafting leases, financial reporting, budgeting, and coordinating maintenance requests—the role still requires physical inspections of facilities and high-stakes interpersonal conflict resolution. The exposure is high because the administrative and analytical 'office' tasks that comprise a large part of the day are highly susceptible to AI-driven productivity gains.",
33341 Estate agents (Level 5),3,33341-estate-agents-level-5,33341,48444,wages_statfin,,Upper secondary,None,Vocational training,4651,,4,Moderate prospects,extras_csv,,6,"Real estate agents perform a mix of digital knowledge work and physical/interpersonal tasks. AI can automate significant portions of their digital workload, such as market analysis, property descriptions, lead generation, and contract preparation, which increases individual productivity and may reduce the total number of agents needed. However, the core of the job still requires physical property showings, high-stakes human negotiation, and local networking, which provide a buffer against full automation.",
33342 Property managers (Level 5),3,33342-property-managers-level-5,33342,48696,wages_statfin,,Upper secondary,None,Vocational training,4846,,4,Moderate prospects,extras_csv,,6,"This occupation is a hybrid of digital knowledge work and physical site management. While AI can automate significant portions of the job—such as drafting leases, financial reporting, budgeting, and coordinating maintenance requests—the role still requires physical inspections of facilities and high-stakes interpersonal conflict resolution. The exposure is high because the administrative and analytical 'office' tasks that comprise a large part of the day are highly susceptible to AI-driven productivity gains.",
3339 Business services agents not elsewhere classified (Level 4),3,3339-business-services-agents-not-elsewhere-classified-level-4,3339,51600,wages_statfin,,Upper secondary,None,Vocational training,7292,,4,Below average,extras_csv,,10,"This professional occupation involves extensive digital knowledge work and analytical tasks that are highly susceptible to AI automation and augmentation. The work is primarily computer-based with limited physical requirements, making it highly exposed to AI capabilities.",
3339. Business services agents not elsewhere classified (Level 5),3,3339-business-services-agents-not-elsewhere-classified-level-5,3339.,51600,wages_statfin,,Upper secondary,None,Vocational training,7292,,4,Below average,extras_csv,,10,"This professional occupation involves extensive digital knowledge work and analytical tasks that are highly susceptible to AI automation and augmentation. The work is primarily computer-based with limited physical requirements, making it highly exposed to AI capabilities.",
334 Administrative and specialised secretaries (Level 3),3,334-administrative-and-specialised-secretaries-level-3,334,38796,wages_statfin,,,,,23641,,,,,,8,"The core duties of this occupation—scheduling, drafting correspondence, managing databases, and transcribing—are fundamentally digital and align perfectly with the capabilities of LLMs and AI agents. While some roles require physical presence for visitor greeting or office management, the vast majority of tasks are routine information processing that can be automated or significantly streamlined, leading to major restructuring and reduced headcount per organization.",
3341 Office supervisors (Level 4),3,3341-office-supervisors-level-4,3341,50172,wages_statfin,,Upper secondary,None,Vocational training,4829,,4,Below average,extras_csv,,6,"This technical occupation has significant AI exposure due to substantial digital and analytical components. While some aspects involve human judgment or physical presence, many core tasks can be automated or augmented by AI systems, particularly administrative and routine decision-making functions.",
3341. Office supervisors (Level 5),3,3341-office-supervisors-level-5,3341.,50172,wages_statfin,,Upper secondary,None,Vocational training,4829,,4,Below average,extras_csv,,6,"This technical occupation has significant AI exposure due to substantial digital and analytical components. While some aspects involve human judgment or physical presence, many core tasks can be automated or augmented by AI systems, particularly administrative and routine decision-making functions.",
3342 Legal secretaries (Level 4),3,3342-legal-secretaries-level-4,3342,36420,wages_statfin,,Upper secondary,None,Vocational training,1661,,4,Below average,extras_csv,,6,"This technical occupation has significant AI exposure due to substantial digital and analytical components. While some aspects involve human judgment or physical presence, many core tasks can be automated or augmented by AI systems, particularly administrative and routine decision-making functions.",
3342. Legal secretaries (Level 5),3,3342-legal-secretaries-level-5,3342.,36420,wages_statfin,,Upper secondary,None,Vocational training,1661,,4,Below average,extras_csv,,6,"This technical occupation has significant AI exposure due to substantial digital and analytical components. While some aspects involve human judgment or physical presence, many core tasks can be automated or augmented by AI systems, particularly administrative and routine decision-making functions.",
3343 Administrative and executive secretaries (Level 4),3,3343-administrative-and-executive-secretaries-level-4,3343,41028,wages_statfin,,Upper secondary,None,Vocational training,9997,,3,Stable,extras_csv,,8,"The core duties of this occupation—scheduling, drafting correspondence, managing databases, and transcribing—are fundamentally digital and align perfectly with the capabilities of LLMs and AI agents. While some roles require physical presence for visitor greeting or office management, the vast majority of tasks are routine information processing that can be automated or significantly streamlined, leading to major restructuring and reduced headcount per organization.",
3343. Administrative and executive secretaries (Level 5),3,3343-administrative-and-executive-secretaries-level-5,3343.,41028,wages_statfin,,Upper secondary,None,Vocational training,9997,,3,Stable,extras_csv,,8,"The core duties of this occupation—scheduling, drafting correspondence, managing databases, and transcribing—are fundamentally digital and align perfectly with the capabilities of LLMs and AI agents. While some roles require physical presence for visitor greeting or office management, the vast majority of tasks are routine information processing that can be automated or significantly streamlined, leading to major restructuring and reduced headcount per organization.",
3344 Medical secretaries (Level 4),3,3344-medical-secretaries-level-4,3344,33348,wages_statfin,,Upper secondary,None,Vocational training,7154,,3,Stable,extras_csv,,6,"This technical occupation has significant AI exposure due to substantial digital and analytical components. While some aspects involve human judgment or physical presence, many core tasks can be automated or augmented by AI systems, particularly administrative and routine decision-making functions.",
3344. Medical secretaries (Level 5),3,3344-medical-secretaries-level-5,3344.,33348,wages_statfin,,Upper secondary,None,Vocational training,7154,,3,Stable,extras_csv,,6,"This technical occupation has significant AI exposure due to substantial digital and analytical components. While some aspects involve human judgment or physical presence, many core tasks can be automated or augmented by AI systems, particularly administrative and routine decision-making functions.",
335 Regulatory government associate professionals (Level 3),3,335-regulatory-government-associate-professionals-level-3,335,43212,wages_statfin,,,,,20020,,,,,,6,"This technical occupation has significant AI exposure due to substantial digital and analytical components. While some aspects involve human judgment or physical presence, many core tasks can be automated or augmented by AI systems, particularly administrative and routine decision-making functions.",
3351 Customs and border inspectors (Level 4),3,3351-customs-and-border-inspectors-level-4,3351,46536,wages_statfin,,Upper secondary,None,Vocational training,3859,,3,Stable,extras_csv,,5,"The occupation is a hybrid of physical site visits and digital knowledge work. AI and computer vision can significantly automate the 'plans examiner' and report-writing functions, while remote inspection technology is already projected to reduce labor demand. However, the core requirement for physical presence to navigate tight spaces, use manual testing equipment, and verify real-world conditions provides a substantial barrier to full automation.",
3351. Customs and border inspectors (Level 5),3,3351-customs-and-border-inspectors-level-5,3351.,46536,wages_statfin,,Upper secondary,None,Vocational training,3859,,3,Stable,extras_csv,,5,"The occupation is a hybrid of physical site visits and digital knowledge work. AI and computer vision can significantly automate the 'plans examiner' and report-writing functions, while remote inspection technology is already projected to reduce labor demand. However, the core requirement for physical presence to navigate tight spaces, use manual testing equipment, and verify real-world conditions provides a substantial barrier to full automation.",
3352 Government tax and excise officials (Level 4),3,3352-government-tax-and-excise-officials-level-4,3352,43212,inferred,,Upper secondary,None,Vocational training,2906,,3,Stable,extras_csv,,8,"This occupation is highly exposed because its core tasks—reviewing financial documents, identifying discrepancies, and interpreting tax law—are digital information-processing tasks where AI excels. While revenue agents handling complex corporate audits and collectors performing field investigations require human judgment and interpersonal skills, a significant portion of the routine examination and data verification work is already being automated or enhanced by sophisticated algorithms.",
3352. Government tax and excise officials (Level 5),3,3352-government-tax-and-excise-officials-level-5,3352.,,,,Upper secondary,None,Vocational training,2906,,3,Stable,extras_csv,,8,"This occupation is highly exposed because its core tasks—reviewing financial documents, identifying discrepancies, and interpreting tax law—are digital information-processing tasks where AI excels. While revenue agents handling complex corporate audits and collectors performing field investigations require human judgment and interpersonal skills, a significant portion of the routine examination and data verification work is already being automated or enhanced by sophisticated algorithms.",
3353 Government social benefits officials (Level 4),3,3353-government-social-benefits-officials-level-4,3353,38460,wages_statfin,,Upper secondary,None,Vocational training,6763,,4,Below average,extras_csv,,6,"This technical occupation has significant AI exposure due to substantial digital and analytical components. While some aspects involve human judgment or physical presence, many core tasks can be automated or augmented by AI systems, particularly administrative and routine decision-making functions.",
3353. Government social benefits officials (Level 5),3,3353-government-social-benefits-officials-level-5,3353.,38460,wages_statfin,,Upper secondary,None,Vocational training,6763,,4,Below average,extras_csv,,6,"This technical occupation has significant AI exposure due to substantial digital and analytical components. While some aspects involve human judgment or physical presence, many core tasks can be automated or augmented by AI systems, particularly administrative and routine decision-making functions.",
3354 Government licensing officials (Level 4),3,3354-government-licensing-officials-level-4,3354,37476,wages_statfin,,Upper secondary,None,Vocational training,1286,,3,Stable,extras_csv,,6,"This technical occupation has significant AI exposure due to substantial digital and analytical components. While some aspects involve human judgment or physical presence, many core tasks can be automated or augmented by AI systems, particularly administrative and routine decision-making functions.",
3354. Government licensing officials (Level 5),3,3354-government-licensing-officials-level-5,3354.,37476,wages_statfin,,Upper secondary,None,Vocational training,1286,,3,Stable,extras_csv,,6,"This technical occupation has significant AI exposure due to substantial digital and analytical components. While some aspects involve human judgment or physical presence, many core tasks can be automated or augmented by AI systems, particularly administrative and routine decision-making functions.",
3355 Police inspectors and detectives (Level 4),3,3355-police-inspectors-and-detectives-level-4,3355,43212,inferred,,Upper secondary,None,Vocational training,4938,,3,Stable,extras_csv,,4,"The core of the job involves physical presence, emergency response, and manual tasks like making arrests and patrolling, which are resistant to AI. However, a significant portion of the work involves digital tasks such as writing detailed reports, searching databases, and analyzing evidence, all of which are highly susceptible to AI-driven automation and efficiency gains.",
3355. Police inspectors and detectives (Level 5),3,3355-police-inspectors-and-detectives-level-5,3355.,,,,Upper secondary,None,Vocational training,4938,,3,Stable,extras_csv,,4,"The core of the job involves physical presence, emergency response, and manual tasks like making arrests and patrolling, which are resistant to AI. However, a significant portion of the work involves digital tasks such as writing detailed reports, searching databases, and analyzing evidence, all of which are highly susceptible to AI-driven automation and efficiency gains.",
3359 Regulatory government associate professionals not elsewhere classified (Level 4),3,3359-regulatory-government-associate-professionals-not-elsewhere-classified-level-4,3359,52224,wages_statfin,,Upper secondary,None,Vocational training,268,,4,Below average,extras_csv,,6,"This technical occupation has significant AI exposure due to substantial digital and analytical components. While some aspects involve human judgment or physical presence, many core tasks can be automated or augmented by AI systems, particularly administrative and routine decision-making functions.",
3359. Regulatory government associate professionals not elsewhere classified (Level 5),3,3359-regulatory-government-associate-professionals-not-elsewhere-classified-level-5,3359.,52224,wages_statfin,,Upper secondary,None,Vocational training,268,,4,Below average,extras_csv,,6,"This technical occupation has significant AI exposure due to substantial digital and analytical components. While some aspects involve human judgment or physical presence, many core tasks can be automated or augmented by AI systems, particularly administrative and routine decision-making functions.",
"34 Legal, social, cultural and related associate professionals (Level 2)",3,34-legal-social-cultural-and-related-associate-professionals-level-2,34,38832,wages_statfin,,,,,65599,,,,,,6,"This technical occupation has significant AI exposure due to substantial digital and analytical components. While some aspects involve human judgment or physical presence, many core tasks can be automated or augmented by AI systems, particularly administrative and routine decision-making functions.",
"341 Legal, social and religious associate professionals (Level 3)",3,341-legal-social-and-religious-associate-professionals-level-3,341,38952,wages_statfin,,,,,45870,,,,,,6,"This technical occupation has significant AI exposure due to substantial digital and analytical components. While some aspects involve human judgment or physical presence, many core tasks can be automated or augmented by AI systems, particularly administrative and routine decision-making functions.",
3411 Police inspectors and detectives (Level 4),3,3411-police-inspectors-and-detectives-level-4,3411,46560,wages_statfin,,Upper secondary,None,Vocational training,6795,,4,Below average,extras_csv,,4,"The core of the job involves physical presence, emergency response, and manual tasks like making arrests and patrolling, which are resistant to AI. However, a significant portion of the work involves digital tasks such as writing detailed reports, searching databases, and analyzing evidence, all of which are highly susceptible to AI-driven automation and efficiency gains.",
34111 Legal and related business associate professionals (Level 5),3,34111-legal-and-related-business-associate-professionals-level-5,34111,43464,wages_statfin,,Upper secondary,None,Vocational training,2477,,4,Moderate prospects,extras_csv,,6,"This technical occupation has significant AI exposure due to substantial digital and analytical components. While some aspects involve human judgment or physical presence, many core tasks can be automated or augmented by AI systems, particularly administrative and routine decision-making functions.",
"34112 Agents, officials and other organisation associate professionals (Level 5)",3,34112-agents-officials-and-other-organisation-associate-professionals-level-5,34112,49788,wages_statfin,,Upper secondary,None,Vocational training,4032,,4,Moderate prospects,extras_csv,,5,"The occupation is a hybrid of physical presence and objective data processing. While computer vision and AI can already automate 'calls' (like strike zones or out-of-bounds) with higher accuracy than humans, the role still requires physical presence to manage player conduct, ensure safety, and handle real-time interpersonal disputes on the field.",
"34113 Consumer advisers, etc. (Level 5)",3,34113-consumer-advisers-etc-level-5,34113,44424,wages_statfin,,Upper secondary,None,Vocational training,286,,4,Moderate prospects,extras_csv,,,,
3412 Social work associate professionals (Level 4),3,3412-social-work-associate-professionals-level-4,3412,38472,wages_statfin,,Upper secondary,None,Vocational training,33756,,3,Stable,extras_csv,,6,"This technical occupation has significant AI exposure due to substantial digital and analytical components. While some aspects involve human judgment or physical presence, many core tasks can be automated or augmented by AI systems, particularly administrative and routine decision-making functions.",
3412. (Not more specifically classified) Social work associate professionals (Level 5),3,3412-not-more-specifically-classified-social-work-associate-professionals-level-5,3412.,38472,wages_statfin,,Upper secondary,None,Vocational training,0,,3,Stable,extras_csv,,9,"This professional occupation involves extensive digital knowledge work and analytical tasks that are highly susceptible to AI automation and augmentation. The work is primarily computer-based with limited physical requirements, making it highly exposed to AI capabilities.",
34121 Social instructors (Level 5),3,34121-social-instructors-level-5,34121,39528,wages_statfin,,Upper secondary,None,Vocational training,25724,,4,Moderate prospects,extras_csv,,,,
34122 Youth leaders (not parishes) (Level 5),3,34122-youth-leaders-not-parishes-level-5,34122,34068,wages_statfin,,Upper secondary,None,Vocational training,3044,,4,Moderate prospects,extras_csv,,,,
34123 Work and craft leaders (Level 5),3,34123-work-and-craft-leaders-level-5,34123,34572,wages_statfin,,Upper secondary,None,Vocational training,4988,,4,Moderate prospects,extras_csv,,6,"This occupation is a hybrid of physical craftsmanship and digital creation. While craft artists (potters, glassblowers) and sculptors have low exposure due to the physical nature of their work, digital artists and illustrators face very high exposure as AI can now generate high-quality imagery and complex designs from text prompts. The overall score reflects this split, as AI significantly impacts the commercial and digital segments of the field while leaving traditional physical mediums largely intact.",
3413 Religious associate professionals (Level 4),3,3413-religious-associate-professionals-level-4,3413,37368,wages_statfin,,Upper secondary,None,Vocational training,5319,,4,Moderate prospects,extras_csv,,6,"This technical occupation has significant AI exposure due to substantial digital and analytical components. While some aspects involve human judgment or physical presence, many core tasks can be automated or augmented by AI systems, particularly administrative and routine decision-making functions.",
3413. (Not more specifically classified) Religious associate professionals (Level 5),3,3413-not-more-specifically-classified-religious-associate-professionals-level-5,3413.,37368,wages_statfin,,Upper secondary,None,Vocational training,0,,4,Moderate prospects,extras_csv,,9,"This professional occupation involves extensive digital knowledge work and analytical tasks that are highly susceptible to AI automation and augmentation. The work is primarily computer-based with limited physical requirements, making it highly exposed to AI capabilities.",
34131 Deacons and deaconesses (Level 5),3,34131-deacons-and-deaconesses-level-5,34131,38928,wages_statfin,,Upper secondary,None,Vocational training,1190,,4,Moderate prospects,extras_csv,,,,
34139 Other religious associate professionals (Level 5),3,34139-other-religious-associate-professionals-level-5,34139,35628,wages_statfin,,Upper secondary,None,Vocational training,4129,,4,Moderate prospects,extras_csv,,6,"This technical occupation has significant AI exposure due to substantial digital and analytical components. While some aspects involve human judgment or physical presence, many core tasks can be automated or augmented by AI systems, particularly administrative and routine decision-making functions.",
342 Sports and fitness workers (Level 3),3,342-sports-and-fitness-workers-level-3,342,35616,wages_statfin,,Upper secondary,None,Vocational training,11849,,4,Moderate prospects,,,2,"The core duties of this occupation are physical and require real-time presence, such as feeding, grooming, cleaning, and physically training animals. AI may assist with peripheral administrative tasks like scheduling or monitoring animal health data, but it cannot replace the manual labor or the empathetic human-animal interaction required for the job.",
342.  (Not more specifically classified) Sports and fitness workers (Level 4),3,342-not-more-specifically-classified-sports-and-fitness-workers-level-4,342.,,,,Upper secondary,None,Vocational training,0,,4,Moderate prospects,extras_csv,,1,"This craft occupation has minimal AI exposure. The work is almost entirely physical, requiring hands-on skills, manual labor, or real-time physical interaction with the environment. These tasks cannot be meaningfully automated by current or near-term AI technologies.",
342.. (Not more specifically classified) Sports and fitness workers (Level 5),3,342-not-more-specifically-classified-sports-and-fitness-workers-level-5,342..,35616,wages_statfin,,Upper secondary,None,Vocational training,0,,4,Moderate prospects,extras_csv,,1,"This craft occupation has minimal AI exposure. The work is almost entirely physical, requiring hands-on skills, manual labor, or real-time physical interaction with the environment. These tasks cannot be meaningfully automated by current or near-term AI technologies.",
3421 Athletes and sports players (Level 4),3,3421-athletes-and-sports-players-level-4,3421,35616,inferred,,Upper secondary,None,Vocational training,557,,3,Stable,extras_csv,,1,"The core of this occupation is physical performance, manual dexterity, and real-time human presence in the physical world, which AI cannot replicate. While AI is used as a peripheral tool for performance analytics, strategy optimization, and diet planning, it does not replace the athlete's physical labor or the entertainment value of human competition.",
3421. Athletes and sports players (Level 5),3,3421-athletes-and-sports-players-level-5,3421.,,,,Upper secondary,None,Vocational training,557,,3,Stable,extras_csv,,1,"The core of this occupation is physical performance, manual dexterity, and real-time human presence in the physical world, which AI cannot replicate. While AI is used as a peripheral tool for performance analytics, strategy optimization, and diet planning, it does not replace the athlete's physical labor or the entertainment value of human competition.",
"3422 Sports coaches, instructors and officials (Level 4)",3,3422-sports-coaches-instructors-and-officials-level-4,3422,36240,wages_statfin,,Upper secondary,None,Vocational training,3422,,4,Below average,extras_csv,,5,"The occupation is a hybrid of physical presence and objective data processing. While computer vision and AI can already automate 'calls' (like strike zones or out-of-bounds) with higher accuracy than humans, the role still requires physical presence to manage player conduct, ensure safety, and handle real-time interpersonal disputes on the field.",
"3422. Sports coaches, instructors and officials (Level 5)",3,3422-sports-coaches-instructors-and-officials-level-5,3422.,36240,wages_statfin,,Upper secondary,None,Vocational training,3422,,4,Below average,extras_csv,,5,"The occupation is a hybrid of physical presence and objective data processing. While computer vision and AI can already automate 'calls' (like strike zones or out-of-bounds) with higher accuracy than humans, the role still requires physical presence to manage player conduct, ensure safety, and handle real-time interpersonal disputes on the field.",
3423 Fitness and recreation instructors and program leaders (Level 4),3,3423-fitness-and-recreation-instructors-and-program-leaders-level-4,3423,34080,wages_statfin,,Upper secondary,None,Vocational training,7870,,3,Stable,extras_csv,,3,"The core of this occupation requires physical presence to demonstrate exercises, correct form in real-time to prevent injury, and provide high-touch motivational support. While AI can automate peripheral tasks like workout programming, nutrition planning, and social media marketing, it cannot replace the physical safety monitoring and interpersonal accountability that define the role.",
3423. Fitness and recreation instructors and program leaders (Level 5),3,3423-fitness-and-recreation-instructors-and-program-leaders-level-5,3423.,34080,wages_statfin,,Upper secondary,None,Vocational training,7870,,3,Stable,extras_csv,,3,"The core of this occupation requires physical presence to demonstrate exercises, correct form in real-time to prevent injury, and provide high-touch motivational support. While AI can automate peripheral tasks like workout programming, nutrition planning, and social media marketing, it cannot replace the physical safety monitoring and interpersonal accountability that define the role.",
"343 Artistic, cultural and culinary associate professionals (Level 3)",3,343-artistic-cultural-and-culinary-associate-professionals-level-3,343,40788,wages_statfin,,,,,7880,,,,,,6,"This technical occupation has significant AI exposure due to substantial digital and analytical components. While some aspects involve human judgment or physical presence, many core tasks can be automated or augmented by AI systems, particularly administrative and routine decision-making functions.",
3431 Photographers (Level 4),3,3431-photographers-level-4,3431,47760,wages_statfin,,Upper secondary,None,Vocational training,2205,,3,Stable,extras_csv,,7,"Photography is a hybrid role where the physical act of capturing real-world events (weddings, news, portraits) provides a buffer, but the digital output is highly vulnerable to AI. Generative AI can now create high-quality commercial and stock imagery from scratch and automate complex post-production tasks, significantly reducing the billable hours and demand for professional photographers in commercial and creative sectors.",
3431. Photographers (Level 5),3,3431-photographers-level-5,3431.,47760,wages_statfin,,Upper secondary,None,Vocational training,2205,,3,Stable,extras_csv,,7,"Photography is a hybrid role where the physical act of capturing real-world events (weddings, news, portraits) provides a buffer, but the digital output is highly vulnerable to AI. Generative AI can now create high-quality commercial and stock imagery from scratch and automate complex post-production tasks, significantly reducing the billable hours and demand for professional photographers in commercial and creative sectors.",
3432 Interior designers and decorators (Level 4),3,3432-interior-designers-and-decorators-level-4,3432,36816,wages_statfin,,Upper secondary,None,Vocational training,1475,,4,Below average,extras_csv,,7,"Interior design is heavily reliant on digital tools like CAD and BIM, which are being rapidly transformed by generative AI capable of creating photorealistic renderings and floor plans from text prompts. While the job requires physical site visits, material inspections, and complex interpersonal coordination with contractors, the core creative and technical drafting tasks are highly susceptible to AI-driven automation and productivity gains.",
3432. Interior designers and decorators (Level 5),3,3432-interior-designers-and-decorators-level-5,3432.,36816,wages_statfin,,Upper secondary,None,Vocational training,1475,,4,Below average,extras_csv,,7,"Interior design is heavily reliant on digital tools like CAD and BIM, which are being rapidly transformed by generative AI capable of creating photorealistic renderings and floor plans from text prompts. While the job requires physical site visits, material inspections, and complex interpersonal coordination with contractors, the core creative and technical drafting tasks are highly susceptible to AI-driven automation and productivity gains.",
"3433 Gallery, museum and library technicians (Level 4)",3,3433-gallery-museum-and-library-technicians-level-4,3433,35112,wages_statfin,,Upper secondary,None,Vocational training,596,,2,Stable,extras_csv,,6,"This occupation is a hybrid of digital knowledge work and physical preservation. AI will significantly automate archival tasks like cataloging, metadata generation, and electronic record management, while also assisting curators with research and exhibit design. However, the physical requirements of handling artifacts, restoring delicate items, and managing in-person public interactions provide a substantial buffer against full automation.",
"3433. Gallery, museum and library technicians (Level 5)",3,3433-gallery-museum-and-library-technicians-level-5,3433.,35112,wages_statfin,,Upper secondary,None,Vocational training,596,,2,Stable,extras_csv,,6,"This occupation is a hybrid of digital knowledge work and physical preservation. AI will significantly automate archival tasks like cataloging, metadata generation, and electronic record management, while also assisting curators with research and exhibit design. However, the physical requirements of handling artifacts, restoring delicate items, and managing in-person public interactions provide a substantial buffer against full automation.",
3434 Chefs (Level 4),3,3434-chefs-level-4,3434,42252,wages_statfin,,Upper secondary,None,Vocational training,1921,,3,Stable,extras_csv,,3,"The core of the job is highly physical and sensory, requiring manual dexterity, real-time human leadership in a fast-paced kitchen, and the use of taste and smell. While AI can significantly assist with peripheral digital tasks like menu planning, inventory management, and recipe generation, it cannot replace the physical oversight and hands-on food preparation essential to the role.",
3434. Chefs (Level 5),3,3434-chefs-level-5,3434.,42252,wages_statfin,,Upper secondary,None,Vocational training,1921,,3,Stable,extras_csv,,3,"The core of the job is highly physical and sensory, requiring manual dexterity, real-time human leadership in a fast-paced kitchen, and the use of taste and smell. While AI can significantly assist with peripheral digital tasks like menu planning, inventory management, and recipe generation, it cannot replace the physical oversight and hands-on food preparation essential to the role.",
3435 Other artistic and cultural associate professionals (Level 4),3,3435-other-artistic-and-cultural-associate-professionals-level-4,3435,40464,wages_statfin,,Upper secondary,None,Vocational training,1683,,4,Moderate prospects,extras_csv,,6,"This technical occupation has significant AI exposure due to substantial digital and analytical components. While some aspects involve human judgment or physical presence, many core tasks can be automated or augmented by AI systems, particularly administrative and routine decision-making functions.",
3435. (Not more specifically classified) Other artistic and cultural associate professionals (Level 5),3,3435-not-more-specifically-classified-other-artistic-and-cultural-associate-professionals-level-5,3435.,40464,wages_statfin,,Upper secondary,None,Vocational training,26,,4,Moderate prospects,extras_csv,,9,"This professional occupation involves extensive digital knowledge work and analytical tasks that are highly susceptible to AI automation and augmentation. The work is primarily computer-based with limited physical requirements, making it highly exposed to AI capabilities.",
34351 Producer's assistants and other stagecraft associate professionals (Level 5),3,34351-producer-s-assistants-and-other-stagecraft-associate-professionals-level-5,34351,40824,wages_statfin,,Upper secondary,None,Vocational training,1453,,4,Moderate prospects,extras_csv,,6,"This technical occupation has significant AI exposure due to substantial digital and analytical components. While some aspects involve human judgment or physical presence, many core tasks can be automated or augmented by AI systems, particularly administrative and routine decision-making functions.",
34359 Other artistic and cultural associate professionals (Level 5),3,34359-other-artistic-and-cultural-associate-professionals-level-5,34359,39000,wages_statfin,,Upper secondary,None,Vocational training,204,,4,Moderate prospects,extras_csv,,6,"This technical occupation has significant AI exposure due to substantial digital and analytical components. While some aspects involve human judgment or physical presence, many core tasks can be automated or augmented by AI systems, particularly administrative and routine decision-making functions.",
35 Information and communications technicians (Level 2),3,35-information-and-communications-technicians-level-2,35,48240,wages_statfin,,,,,21525,,,,,,9,"This occupation is almost entirely digital, involving the processing, classification, and entry of data into electronic systems. AI is already highly capable of natural language processing and automated medical coding, which directly automates the core tasks of reviewing records and assigning clinical codes, significantly reducing the need for human intervention.",
351 Information and communications technology operations and user support technicians (Level 3),3,351-information-and-communications-technology-operations-and-user-support-technicians-level-3,351,47964,wages_statfin,,Upper secondary,None,Vocational training,17499,,4,Moderate prospects,,,5,"This occupation involves a significant amount of physical labor, such as building test facilities, installing instruments, and maintaining hardware, which provides a buffer against AI automation. However, the role also includes substantial digital tasks like recording data, running computer simulations, and calibrating systems—areas where AI is rapidly improving and can significantly enhance productivity or automate data analysis.",
351.  (Not more specifically classified) Information and communications technology operations and user support technicians (Level 4),3,351-not-more-specifically-classified-information-and-communications-technology-operations-and-user-support-technicians-level-4,351.,,,,Upper secondary,None,Vocational training,0,,4,Moderate prospects,extras_csv,,9,"This professional occupation involves extensive digital knowledge work and analytical tasks that are highly susceptible to AI automation and augmentation. The work is primarily computer-based with limited physical requirements, making it highly exposed to AI capabilities.",
351.. (Not more specifically classified) Information and communications technology operations and user support technicians (Level 5),3,351-not-more-specifically-classified-information-and-communications-technology-operations-and-user-support-technicians-level-5,351..,47964,wages_statfin,,Upper secondary,None,Vocational training,0,,4,Moderate prospects,extras_csv,,9,"This professional occupation involves extensive digital knowledge work and analytical tasks that are highly susceptible to AI automation and augmentation. The work is primarily computer-based with limited physical requirements, making it highly exposed to AI capabilities.",
3511 Information and communications technology operations technicians (Level 4),3,3511-information-and-communications-technology-operations-technicians-level-4,3511,51180,wages_statfin,,Upper secondary,None,Vocational training,2469,,5,Moderate prospects,extras_csv,,5,"This occupation involves a significant amount of physical labor, such as building test facilities, installing instruments, and maintaining hardware, which provides a buffer against AI automation. However, the role also includes substantial digital tasks like recording data, running computer simulations, and calibrating systems—areas where AI is rapidly improving and can significantly enhance productivity or automate data analysis.",
3511. Information and communications technology operations technicians (Level 5),3,3511-information-and-communications-technology-operations-technicians-level-5,3511.,51180,wages_statfin,,Upper secondary,None,Vocational training,2469,,5,Moderate prospects,extras_csv,,5,"This occupation involves a significant amount of physical labor, such as building test facilities, installing instruments, and maintaining hardware, which provides a buffer against AI automation. However, the role also includes substantial digital tasks like recording data, running computer simulations, and calibrating systems—areas where AI is rapidly improving and can significantly enhance productivity or automate data analysis.",
3512 Information and communications technology user support technicians (Level 4),3,3512-information-and-communications-technology-user-support-technicians-level-4,3512,45552,wages_statfin,,Upper secondary,None,Vocational training,12155,,5,Moderate prospects,extras_csv,,9,"This occupation is almost entirely digital, involving the processing, classification, and entry of data into electronic systems. AI is already highly capable of natural language processing and automated medical coding, which directly automates the core tasks of reviewing records and assigning clinical codes, significantly reducing the need for human intervention.",
3512. Information and communications technology user support technicians (Level 5),3,3512-information-and-communications-technology-user-support-technicians-level-5,3512.,45552,wages_statfin,,Upper secondary,None,Vocational training,12155,,5,Moderate prospects,extras_csv,,9,"This occupation is almost entirely digital, involving the processing, classification, and entry of data into electronic systems. AI is already highly capable of natural language processing and automated medical coding, which directly automates the core tasks of reviewing records and assigning clinical codes, significantly reducing the need for human intervention.",
3513 Computer network and systems technicians (Level 4),3,3513-computer-network-and-systems-technicians-level-4,3513,54780,wages_statfin,,Upper secondary,None,Vocational training,1796,,4,Below average,extras_csv,,8,"This occupation is primarily digital and involves tasks like configuration, monitoring, and troubleshooting that are highly susceptible to AI-driven automation and 'infrastructure as code' practices. While some physical hardware maintenance remains, the shift toward cloud computing and AI-powered network management tools is already leading to a projected decline in employment as fewer workers can manage larger, more complex systems.",
3513. Computer network and systems technicians (Level 5),3,3513-computer-network-and-systems-technicians-level-5,3513.,54780,wages_statfin,,Upper secondary,None,Vocational training,1796,,4,Below average,extras_csv,,8,"This occupation is primarily digital and involves tasks like configuration, monitoring, and troubleshooting that are highly susceptible to AI-driven automation and 'infrastructure as code' practices. While some physical hardware maintenance remains, the shift toward cloud computing and AI-powered network management tools is already leading to a projected decline in employment as fewer workers can manage larger, more complex systems.",
3514 Web technicians (Level 4),3,3514-web-technicians-level-4,3514,51396,wages_statfin,,Upper secondary,None,Vocational training,1079,,4,Below average,extras_csv,,6,"This technical occupation has significant AI exposure due to substantial digital and analytical components. While some aspects involve human judgment or physical presence, many core tasks can be automated or augmented by AI systems, particularly administrative and routine decision-making functions.",
3514. Web technicians (Level 5),3,3514-web-technicians-level-5,3514.,51396,wages_statfin,,Upper secondary,None,Vocational training,1079,,4,Below average,extras_csv,,6,"This technical occupation has significant AI exposure due to substantial digital and analytical components. While some aspects involve human judgment or physical presence, many core tasks can be automated or augmented by AI systems, particularly administrative and routine decision-making functions.",
352 Telecommunications and broadcasting technicians (Level 3),3,352-telecommunications-and-broadcasting-technicians-level-3,352,51228,wages_statfin,,Upper secondary,None,Vocational training,4026,,4,Moderate prospects,,,5,"This occupation involves a significant amount of physical labor, such as building test facilities, installing instruments, and maintaining hardware, which provides a buffer against AI automation. However, the role also includes substantial digital tasks like recording data, running computer simulations, and calibrating systems—areas where AI is rapidly improving and can significantly enhance productivity or automate data analysis.",
352.  (Not more specifically classified) Telecommunications and broadcasting technicians (Level 4),3,352-not-more-specifically-classified-telecommunications-and-broadcasting-technicians-level-4,352.,,,,Upper secondary,None,Vocational training,0,,4,Moderate prospects,extras_csv,,9,"This professional occupation involves extensive digital knowledge work and analytical tasks that are highly susceptible to AI automation and augmentation. The work is primarily computer-based with limited physical requirements, making it highly exposed to AI capabilities.",
352.. (Not more specifically classified) Telecommunications and broadcasting technicians (Level 5),3,352-not-more-specifically-classified-telecommunications-and-broadcasting-technicians-level-5,352..,51228,wages_statfin,,Upper secondary,None,Vocational training,0,,4,Moderate prospects,extras_csv,,9,"This professional occupation involves extensive digital knowledge work and analytical tasks that are highly susceptible to AI automation and augmentation. The work is primarily computer-based with limited physical requirements, making it highly exposed to AI capabilities.",
3521 Broadcasting and audio-visual technicians (Level 4),3,3521-broadcasting-and-audio-visual-technicians-level-4,3521,45012,wages_statfin,,Upper secondary,None,Vocational training,2299,,5,Moderate prospects,extras_csv,,5,"This occupation involves a significant amount of physical labor, such as building test facilities, installing instruments, and maintaining hardware, which provides a buffer against AI automation. However, the role also includes substantial digital tasks like recording data, running computer simulations, and calibrating systems—areas where AI is rapidly improving and can significantly enhance productivity or automate data analysis.",
3521. Broadcasting and audio-visual technicians (Level 5),3,3521-broadcasting-and-audio-visual-technicians-level-5,3521.,45012,wages_statfin,,Upper secondary,None,Vocational training,2299,,5,Moderate prospects,extras_csv,,5,"This occupation involves a significant amount of physical labor, such as building test facilities, installing instruments, and maintaining hardware, which provides a buffer against AI automation. However, the role also includes substantial digital tasks like recording data, running computer simulations, and calibrating systems—areas where AI is rapidly improving and can significantly enhance productivity or automate data analysis.",
3522 Telecommunications engineering technicians (Level 4),3,3522-telecommunications-engineering-technicians-level-4,3522,58236,wages_statfin,,Upper secondary,None,Vocational training,1727,,4,Below average,extras_csv,,5,"This occupation involves a significant amount of physical labor, such as building test facilities, installing instruments, and maintaining hardware, which provides a buffer against AI automation. However, the role also includes substantial digital tasks like recording data, running computer simulations, and calibrating systems—areas where AI is rapidly improving and can significantly enhance productivity or automate data analysis.",
3522. Telecommunications engineering technicians (Level 5),3,3522-telecommunications-engineering-technicians-level-5,3522.,58236,wages_statfin,,Upper secondary,None,Vocational training,1727,,4,Below average,extras_csv,,5,"This occupation involves a significant amount of physical labor, such as building test facilities, installing instruments, and maintaining hardware, which provides a buffer against AI automation. However, the role also includes substantial digital tasks like recording data, running computer simulations, and calibrating systems—areas where AI is rapidly improving and can significantly enhance productivity or automate data analysis.",
4  Clerical support workers (Level 1),4,4-clerical-support-workers-level-1,4,37200,wages_statfin,,,,,120433,,,,,,7,"This clerical occupation has significant AI exposure due to substantial digital and analytical components. While some aspects involve human judgment or physical presence, many core tasks can be automated or augmented by AI systems, particularly administrative and routine decision-making functions.",
41 General and keyboard clerks (Level 2),4,41-general-and-keyboard-clerks-level-2,41,37200,wages_statfin,,Upper secondary,None,None,32352,,2,Below average,,,9,"This occupation is almost entirely digital and involves routine information processing, data entry, and mathematical verification—tasks that AI and automated software already perform with high accuracy. The BLS already projects a decline in employment due to technological change, and the shift toward 'analytical and advisory' roles is increasingly being encroached upon by advanced LLMs and specialized financial AI agents.",
41. (Not more specifically classified) General and keyboard clerks (Level 3),4,41-not-more-specifically-classified-general-and-keyboard-clerks-level-3,41.,,,,,,,0,,,,,,9,"This professional occupation involves extensive digital knowledge work and analytical tasks that are highly susceptible to AI automation and augmentation. The work is primarily computer-based with limited physical requirements, making it highly exposed to AI capabilities.",
41..  (Not more specifically classified) General and keyboard clerks (Level 4),4,41-not-more-specifically-classified-general-and-keyboard-clerks-level-4,41..,,,,Upper secondary,None,None,0,,2,Below average,extras_csv,,9,"This professional occupation involves extensive digital knowledge work and analytical tasks that are highly susceptible to AI automation and augmentation. The work is primarily computer-based with limited physical requirements, making it highly exposed to AI capabilities.",
41... (Not more specifically classified) General and keyboard clerks (Level 5),4,41-not-more-specifically-classified-general-and-keyboard-clerks-level-5,41...,37200,wages_statfin,,Upper secondary,None,None,0,,2,Below average,extras_csv,,9,"This professional occupation involves extensive digital knowledge work and analytical tasks that are highly susceptible to AI automation and augmentation. The work is primarily computer-based with limited physical requirements, making it highly exposed to AI capabilities.",
411 General office clerks (Level 3),4,411-general-office-clerks-level-3,411,35676,wages_statfin,,,,,4342,,,,,,9,"The core duties of this role—data entry, document formatting, scheduling, and information processing—are almost entirely digital and routine, making them highly susceptible to AI automation. While some physical tasks like handling mail or greeting visitors remain, the vast majority of the workload can be absorbed by AI agents and automated software, as reflected in the BLS's projected decline for the occupation.",
4110 General office clerks (Level 4),4,4110-general-office-clerks-level-4,4110,35676,wages_statfin,,Upper secondary,None,None,4342,,2,Below average,extras_csv,,9,"The core duties of this role—data entry, document formatting, scheduling, and information processing—are almost entirely digital and routine, making them highly susceptible to AI automation. While some physical tasks like handling mail or greeting visitors remain, the vast majority of the workload can be absorbed by AI agents and automated software, as reflected in the BLS's projected decline for the occupation.",
4110. General office clerks (Level 5),4,4110-general-office-clerks-level-5,4110.,35676,wages_statfin,,Upper secondary,None,None,4342,,2,Below average,extras_csv,,9,"The core duties of this role—data entry, document formatting, scheduling, and information processing—are almost entirely digital and routine, making them highly susceptible to AI automation. While some physical tasks like handling mail or greeting visitors remain, the vast majority of the workload can be absorbed by AI agents and automated software, as reflected in the BLS's projected decline for the occupation.",
412 Secretaries (general) (Level 3),4,412-secretaries-general-level-3,412,37440,wages_statfin,,,,,27245,,,,,,7,"This clerical occupation has significant AI exposure due to substantial digital and analytical components. While some aspects involve human judgment or physical presence, many core tasks can be automated or augmented by AI systems, particularly administrative and routine decision-making functions.",
4120 Secretaries (general) (Level 4),4,4120-secretaries-general-level-4,4120,37440,wages_statfin,,Upper secondary,None,None,27245,,2,Stable,extras_csv,,7,"This clerical occupation has significant AI exposure due to substantial digital and analytical components. While some aspects involve human judgment or physical presence, many core tasks can be automated or augmented by AI systems, particularly administrative and routine decision-making functions.",
4120. Secretaries (general) (Level 5),4,4120-secretaries-general-level-5,4120.,37440,wages_statfin,,Upper secondary,None,None,27245,,2,Stable,extras_csv,,7,"This clerical occupation has significant AI exposure due to substantial digital and analytical components. While some aspects involve human judgment or physical presence, many core tasks can be automated or augmented by AI systems, particularly administrative and routine decision-making functions.",
413 Keyboard operators (Level 3),4,413-keyboard-operators-level-3,413,33348,wages_statfin,,,,,765,,,,,,,,
4131 Typists and word processing operators (Level 4),4,4131-typists-and-word-processing-operators-level-4,4131,33348,wages_statfin,,Upper secondary,None,None,611,,2,Stable,extras_csv,,7,"This occupation is a hybrid of physical camera operation and digital video editing. While camera operators have a physical barrier to AI due to the need for on-site equipment management and real-world positioning, editors work entirely in digital environments where AI is rapidly automating tasks like color grading, sound syncing, and even rough-cut generation. The rise of generative video and AI-driven post-production tools significantly increases the productivity of each worker, potentially reducing the total number of editors needed for complex projects.",
4131. Typists and word processing operators (Level 5),4,4131-typists-and-word-processing-operators-level-5,4131.,33348,wages_statfin,,Upper secondary,None,None,611,,2,Stable,extras_csv,,7,"This occupation is a hybrid of physical camera operation and digital video editing. While camera operators have a physical barrier to AI due to the need for on-site equipment management and real-world positioning, editors work entirely in digital environments where AI is rapidly automating tasks like color grading, sound syncing, and even rough-cut generation. The rise of generative video and AI-driven post-production tools significantly increases the productivity of each worker, potentially reducing the total number of editors needed for complex projects.",
4132 Data entry clerks (Level 4),4,4132-data-entry-clerks-level-4,4132,33720,wages_statfin,,Upper secondary,None,None,154,,1,Declining,extras_csv,,9,"This clerical occupation involves extensive digital knowledge work and analytical tasks that are highly susceptible to AI automation and augmentation. The work is primarily computer-based with limited physical requirements, making it highly exposed to AI capabilities.",
4132. Data entry clerks (Level 5),4,4132-data-entry-clerks-level-5,4132.,33720,wages_statfin,,Upper secondary,None,None,154,,1,Declining,extras_csv,,9,"This clerical occupation involves extensive digital knowledge work and analytical tasks that are highly susceptible to AI automation and augmentation. The work is primarily computer-based with limited physical requirements, making it highly exposed to AI capabilities.",
42 Customer services clerks (Level 2),4,42-customer-services-clerks-level-2,42,36144,wages_statfin,,,,,37047,,,,,,,,
"421 Tellers, money collectors and related clerks (Level 3)",4,421-tellers-money-collectors-and-related-clerks-level-3,421,39228,wages_statfin,,,,,11412,,,,,,7,"Tellers face high exposure because their core tasks—processing routine financial transactions and verifying information—are digital in nature and highly susceptible to automation through AI and advanced self-service technology. While the physical handling of cash provides a slight buffer, the rapid shift toward mobile banking, AI-driven fraud detection, and interactive video kiosks is significantly reducing the need for human intervention in these roles.",
4211 Bank tellers and related clerks (Level 4),4,4211-bank-tellers-and-related-clerks-level-4,4211,39972,wages_statfin,,Upper secondary,None,None,9374,,2,Stable,extras_csv,,7,"Tellers face high exposure because their core tasks—processing routine financial transactions and verifying information—are digital in nature and highly susceptible to automation through AI and advanced self-service technology. While the physical handling of cash provides a slight buffer, the rapid shift toward mobile banking, AI-driven fraud detection, and interactive video kiosks is significantly reducing the need for human intervention in these roles.",
4211. Bank tellers and related clerks (Level 5),4,4211-bank-tellers-and-related-clerks-level-5,4211.,39972,wages_statfin,,Upper secondary,None,None,9374,,2,Stable,extras_csv,,7,"Tellers face high exposure because their core tasks—processing routine financial transactions and verifying information—are digital in nature and highly susceptible to automation through AI and advanced self-service technology. While the physical handling of cash provides a slight buffer, the rapid shift toward mobile banking, AI-driven fraud detection, and interactive video kiosks is significantly reducing the need for human intervention in these roles.",
"4212 Bookmakers, croupiers and related gaming workers (Level 4)",4,4212-bookmakers-croupiers-and-related-gaming-workers-level-4,4212,41184,wages_statfin,,Upper secondary,None,None,422,,2,Stable,extras_csv,,2,"The core duties are highly physical and take place in unpredictable outdoor environments, requiring manual labor, mechanical repair, and real-time physical coordination. AI's impact is limited to peripheral enhancements in fish-finding sonar, GPS navigation, and regulatory data processing, but it cannot replace the physical act of hauling nets, trapping animals, or maintaining vessels.",
"4212. Bookmakers, croupiers and related gaming workers (Level 5)",4,4212-bookmakers-croupiers-and-related-gaming-workers-level-5,4212.,41184,wages_statfin,,Upper secondary,None,None,422,,2,Stable,extras_csv,,2,"The core duties are highly physical and take place in unpredictable outdoor environments, requiring manual labor, mechanical repair, and real-time physical coordination. AI's impact is limited to peripheral enhancements in fish-finding sonar, GPS navigation, and regulatory data processing, but it cannot replace the physical act of hauling nets, trapping animals, or maintaining vessels.",
4213 Pawnbrokers and money-lenders (Level 4),4,4213-pawnbrokers-and-money-lenders-level-4,4213,37224,wages_statfin,,Upper secondary,None,None,133,,1,Declining,extras_csv,,7,"This clerical occupation has significant AI exposure due to substantial digital and analytical components. While some aspects involve human judgment or physical presence, many core tasks can be automated or augmented by AI systems, particularly administrative and routine decision-making functions.",
4213. Pawnbrokers and money-lenders (Level 5),4,4213-pawnbrokers-and-money-lenders-level-5,4213.,37224,wages_statfin,,Upper secondary,None,None,133,,1,Declining,extras_csv,,7,"This clerical occupation has significant AI exposure due to substantial digital and analytical components. While some aspects involve human judgment or physical presence, many core tasks can be automated or augmented by AI systems, particularly administrative and routine decision-making functions.",
4214 Debt-collectors and related workers (Level 4),4,4214-debt-collectors-and-related-workers-level-4,4214,35856,wages_statfin,,Upper secondary,None,None,1483,,2,Stable,extras_csv,,2,"The core duties are highly physical and take place in unpredictable outdoor environments, requiring manual labor, mechanical repair, and real-time physical coordination. AI's impact is limited to peripheral enhancements in fish-finding sonar, GPS navigation, and regulatory data processing, but it cannot replace the physical act of hauling nets, trapping animals, or maintaining vessels.",
4214. Debt-collectors and related workers (Level 5),4,4214-debt-collectors-and-related-workers-level-5,4214.,35856,wages_statfin,,Upper secondary,None,None,1483,,2,Stable,extras_csv,,2,"The core duties are highly physical and take place in unpredictable outdoor environments, requiring manual labor, mechanical repair, and real-time physical coordination. AI's impact is limited to peripheral enhancements in fish-finding sonar, GPS navigation, and regulatory data processing, but it cannot replace the physical act of hauling nets, trapping animals, or maintaining vessels.",
422 Client information workers (Level 3),4,422-client-information-workers-level-3,422,34932,wages_statfin,,,,,25635,,,,,,9,"This clerical occupation involves extensive digital knowledge work and analytical tasks that are highly susceptible to AI automation and augmentation. The work is primarily computer-based with limited physical requirements, making it highly exposed to AI capabilities.",
4221 Travel consultants and clerks (Level 4),4,4221-travel-consultants-and-clerks-level-4,4221,40284,wages_statfin,,Upper secondary,None,None,1371,,2,Stable,extras_csv,,9,"This occupation is almost entirely digital and involves routine information processing, data entry, and mathematical verification—tasks that AI and automated software already perform with high accuracy. The BLS already projects a decline in employment due to technological change, and the shift toward 'analytical and advisory' roles is increasingly being encroached upon by advanced LLMs and specialized financial AI agents.",
4221. Travel consultants and clerks (Level 5),4,4221-travel-consultants-and-clerks-level-5,4221.,40284,wages_statfin,,Upper secondary,None,None,1371,,2,Stable,extras_csv,,9,"This occupation is almost entirely digital and involves routine information processing, data entry, and mathematical verification—tasks that AI and automated software already perform with high accuracy. The BLS already projects a decline in employment due to technological change, and the shift toward 'analytical and advisory' roles is increasingly being encroached upon by advanced LLMs and specialized financial AI agents.",
4222 Contact centre information clerks (Level 4),4,4222-contact-centre-information-clerks-level-4,4222,32976,wages_statfin,,Upper secondary,None,None,3656,,2,Stable,extras_csv,,7,"This occupation is highly exposed because its core tasks—processing routine data, answering inquiries, and maintaining records—are fundamentally digital and information-based. While some roles like hotel desk clerks or airport agents require a physical presence, the majority of the work involves routine information processing that is increasingly being automated by AI-driven self-service systems, chatbots, and automated data entry tools.",
4222. Contact centre information clerks (Level 5),4,4222-contact-centre-information-clerks-level-5,4222.,32976,wages_statfin,,Upper secondary,None,None,3656,,2,Stable,extras_csv,,7,"This occupation is highly exposed because its core tasks—processing routine data, answering inquiries, and maintaining records—are fundamentally digital and information-based. While some roles like hotel desk clerks or airport agents require a physical presence, the majority of the work involves routine information processing that is increasingly being automated by AI-driven self-service systems, chatbots, and automated data entry tools.",
4223 Telephone switchboard operators (Level 4),4,4223-telephone-switchboard-operators-level-4,4223,33336,wages_statfin,,Upper secondary,None,None,1111,,2,Stable,extras_csv,,7,"This clerical occupation has significant AI exposure due to substantial digital and analytical components. While some aspects involve human judgment or physical presence, many core tasks can be automated or augmented by AI systems, particularly administrative and routine decision-making functions.",
4223. Telephone switchboard operators (Level 5),4,4223-telephone-switchboard-operators-level-5,4223.,33336,wages_statfin,,Upper secondary,None,None,1111,,2,Stable,extras_csv,,7,"This clerical occupation has significant AI exposure due to substantial digital and analytical components. While some aspects involve human judgment or physical presence, many core tasks can be automated or augmented by AI systems, particularly administrative and routine decision-making functions.",
4224 Hotel receptionists (Level 4),4,4224-hotel-receptionists-level-4,4224,34080,wages_statfin,,Upper secondary,None,None,2131,,1,Declining,extras_csv,,7,"Many core tasks such as scheduling, answering phones, and data entry are highly susceptible to automation via AI voice agents and chatbots. While the role retains a physical component for greeting and security, the BLS already projects zero growth due to automation, and the digital nature of the administrative workload makes it highly exposed to further restructuring.",
4224. Hotel receptionists (Level 5),4,4224-hotel-receptionists-level-5,4224.,34080,wages_statfin,,Upper secondary,None,None,2131,,1,Declining,extras_csv,,7,"Many core tasks such as scheduling, answering phones, and data entry are highly susceptible to automation via AI voice agents and chatbots. While the role retains a physical component for greeting and security, the BLS already projects zero growth due to automation, and the digital nature of the administrative workload makes it highly exposed to further restructuring.",
4225 Enquiry clerks (Level 4),4,4225-enquiry-clerks-level-4,4225,34800,wages_statfin,,Upper secondary,None,None,4962,,2,Below average,extras_csv,,9,"This clerical occupation involves extensive digital knowledge work and analytical tasks that are highly susceptible to AI automation and augmentation. The work is primarily computer-based with limited physical requirements, making it highly exposed to AI capabilities.",
4225. Enquiry clerks (Level 5),4,4225-enquiry-clerks-level-5,4225.,34800,wages_statfin,,Upper secondary,None,None,4962,,2,Below average,extras_csv,,9,"This clerical occupation involves extensive digital knowledge work and analytical tasks that are highly susceptible to AI automation and augmentation. The work is primarily computer-based with limited physical requirements, making it highly exposed to AI capabilities.",
4226 Receptionists (general) (Level 4),4,4226-receptionists-general-level-4,4226,33732,wages_statfin,,Upper secondary,None,None,4145,,2,Below average,extras_csv,,7,"Many core tasks such as scheduling, answering phones, and data entry are highly susceptible to automation via AI voice agents and chatbots. While the role retains a physical component for greeting and security, the BLS already projects zero growth due to automation, and the digital nature of the administrative workload makes it highly exposed to further restructuring.",
4226. Receptionists (general) (Level 5),4,4226-receptionists-general-level-5,4226.,33732,wages_statfin,,Upper secondary,None,None,4145,,2,Below average,extras_csv,,7,"Many core tasks such as scheduling, answering phones, and data entry are highly susceptible to automation via AI voice agents and chatbots. While the role retains a physical component for greeting and security, the BLS already projects zero growth due to automation, and the digital nature of the administrative workload makes it highly exposed to further restructuring.",
4227 Survey and market research interviewers (Level 4),4,4227-survey-and-market-research-interviewers-level-4,4227,35568,wages_statfin,,Upper secondary,None,None,1822,,2,Stable,extras_csv,,9,"This occupation is fundamentally digital, involving high-level coding, algorithm design, and data analysis—all areas where AI is rapidly advancing. While these scientists are the ones building AI, the tools they create are increasingly capable of automating their own core tasks, such as writing code, simplifying algorithms, and analyzing experimental results, leading to extreme productivity gains and role restructuring.",
4227. Survey and market research interviewers (Level 5),4,4227-survey-and-market-research-interviewers-level-5,4227.,35568,wages_statfin,,Upper secondary,None,None,1822,,2,Stable,extras_csv,,9,"This occupation is fundamentally digital, involving high-level coding, algorithm design, and data analysis—all areas where AI is rapidly advancing. While these scientists are the ones building AI, the tools they create are increasingly capable of automating their own core tasks, such as writing code, simplifying algorithms, and analyzing experimental results, leading to extreme productivity gains and role restructuring.",
4229 Client information workers not elsewhere classified (Level 4),4,4229-client-information-workers-not-elsewhere-classified-level-4,4229,36552,wages_statfin,,Upper secondary,None,None,6437,,1,Declining,extras_csv,,9,"This clerical occupation involves extensive digital knowledge work and analytical tasks that are highly susceptible to AI automation and augmentation. The work is primarily computer-based with limited physical requirements, making it highly exposed to AI capabilities.",
4229. (Not more specifically classified) Client information workers not elsewhere classified (Level 5),4,4229-not-more-specifically-classified-client-information-workers-not-elsewhere-classified-level-5,4229.,36552,wages_statfin,,Upper secondary,None,None,0,,1,Declining,extras_csv,,9,"This clerical occupation involves extensive digital knowledge work and analytical tasks that are highly susceptible to AI automation and augmentation. The work is primarily computer-based with limited physical requirements, making it highly exposed to AI capabilities.",
42291 Emergency officers (Level 5),4,42291-emergency-officers-level-5,42291,48324,wages_statfin,,Upper secondary,None,None,638,,2,Below average,extras_csv,,,,
42299 Other client information clerks not elsewhere classified (Level 5),4,42299-other-client-information-clerks-not-elsewhere-classified-level-5,42299,36000,wages_statfin,,Upper secondary,None,None,5799,,2,Below average,extras_csv,,7,"This occupation is highly exposed because its core tasks—processing routine data, answering inquiries, and maintaining records—are fundamentally digital and information-based. While some roles like hotel desk clerks or airport agents require a physical presence, the majority of the work involves routine information processing that is increasingly being automated by AI-driven self-service systems, chatbots, and automated data entry tools.",
43 Numerical and material recording clerks (Level 2),4,43-numerical-and-material-recording-clerks-level-2,43,39948,wages_statfin,,,,,31953,,,,,,7,"This occupation is highly exposed because its core functions—tracking data, scheduling, and inventory reporting—are digital information-processing tasks that AI and automated systems excel at. While some physical presence is required to inspect goods or handle packages, the rapid integration of AI-driven logistics software, RFID technology, and computer vision for quality control is already leading to a projected decline in employment.",
431 Numerical clerks (Level 3),4,431-numerical-clerks-level-3,431,38472,wages_statfin,,,,,19204,,,,,,,,
4311 Accounting and bookkeeping clerks (Level 4),4,4311-accounting-and-bookkeeping-clerks-level-4,4311,37800,wages_statfin,,Upper secondary,None,None,8532,,2,Stable,extras_csv,,9,"This occupation is almost entirely digital and involves routine information processing, data entry, and mathematical verification—tasks that AI and automated software already perform with high accuracy. The BLS already projects a decline in employment due to technological change, and the shift toward 'analytical and advisory' roles is increasingly being encroached upon by advanced LLMs and specialized financial AI agents.",
4311. Accounting and bookkeeping clerks (Level 5),4,4311-accounting-and-bookkeeping-clerks-level-5,4311.,37800,wages_statfin,,Upper secondary,None,None,8532,,2,Stable,extras_csv,,9,"This occupation is almost entirely digital and involves routine information processing, data entry, and mathematical verification—tasks that AI and automated software already perform with high accuracy. The BLS already projects a decline in employment due to technological change, and the shift toward 'analytical and advisory' roles is increasingly being encroached upon by advanced LLMs and specialized financial AI agents.",
"4312 Statistical, finance and insurance clerks (Level 4)",4,4312-statistical-finance-and-insurance-clerks-level-4,4312,40968,wages_statfin,,Upper secondary,None,None,5468,,3,Stable,extras_csv,,9,"This occupation is almost entirely digital and involves routine information processing, data entry, and mathematical verification—tasks that AI and automated software already perform with high accuracy. The BLS already projects a decline in employment due to technological change, and the shift toward 'analytical and advisory' roles is increasingly being encroached upon by advanced LLMs and specialized financial AI agents.",
"4312. Statistical, finance and insurance clerks (Level 5)",4,4312-statistical-finance-and-insurance-clerks-level-5,4312.,40968,wages_statfin,,Upper secondary,None,None,5468,,3,Stable,extras_csv,,9,"This occupation is almost entirely digital and involves routine information processing, data entry, and mathematical verification—tasks that AI and automated software already perform with high accuracy. The BLS already projects a decline in employment due to technological change, and the shift toward 'analytical and advisory' roles is increasingly being encroached upon by advanced LLMs and specialized financial AI agents.",
4313 Payroll clerks (Level 4),4,4313-payroll-clerks-level-4,4313,37548,wages_statfin,,Upper secondary,None,None,5204,,2,Stable,extras_csv,,9,"This clerical occupation involves extensive digital knowledge work and analytical tasks that are highly susceptible to AI automation and augmentation. The work is primarily computer-based with limited physical requirements, making it highly exposed to AI capabilities.",
4313. Payroll clerks (Level 5),4,4313-payroll-clerks-level-5,4313.,37548,wages_statfin,,Upper secondary,None,None,5204,,2,Stable,extras_csv,,9,"This clerical occupation involves extensive digital knowledge work and analytical tasks that are highly susceptible to AI automation and augmentation. The work is primarily computer-based with limited physical requirements, making it highly exposed to AI capabilities.",
432 Material-recording and transport clerks (Level 3),4,432-material-recording-and-transport-clerks-level-3,432,42804,wages_statfin,,,,,12749,,,,,,7,"This occupation is highly exposed because its core functions—tracking data, scheduling, and inventory reporting—are digital information-processing tasks that AI and automated systems excel at. While some physical presence is required to inspect goods or handle packages, the rapid integration of AI-driven logistics software, RFID technology, and computer vision for quality control is already leading to a projected decline in employment.",
4321 Stock clerks (Level 4),4,4321-stock-clerks-level-4,4321,41580,wages_statfin,,Upper secondary,None,None,5756,,1,Declining,extras_csv,,9,"This clerical occupation involves extensive digital knowledge work and analytical tasks that are highly susceptible to AI automation and augmentation. The work is primarily computer-based with limited physical requirements, making it highly exposed to AI capabilities.",
4321. Stock clerks (Level 5),4,4321-stock-clerks-level-5,4321.,41580,wages_statfin,,Upper secondary,None,None,5756,,1,Declining,extras_csv,,9,"This clerical occupation involves extensive digital knowledge work and analytical tasks that are highly susceptible to AI automation and augmentation. The work is primarily computer-based with limited physical requirements, making it highly exposed to AI capabilities.",
4322 Production clerks (Level 4),4,4322-production-clerks-level-4,4322,38268,wages_statfin,,Upper secondary,None,None,597,,2,Stable,extras_csv,,9,"This clerical occupation involves extensive digital knowledge work and analytical tasks that are highly susceptible to AI automation and augmentation. The work is primarily computer-based with limited physical requirements, making it highly exposed to AI capabilities.",
4322. Production clerks (Level 5),4,4322-production-clerks-level-5,4322.,38268,wages_statfin,,Upper secondary,None,None,597,,2,Stable,extras_csv,,9,"This clerical occupation involves extensive digital knowledge work and analytical tasks that are highly susceptible to AI automation and augmentation. The work is primarily computer-based with limited physical requirements, making it highly exposed to AI capabilities.",
4323 Transport clerks (Level 4),4,4323-transport-clerks-level-4,4323,44892,wages_statfin,,Upper secondary,None,None,6396,,1,Declining,extras_csv,,9,"This clerical occupation involves extensive digital knowledge work and analytical tasks that are highly susceptible to AI automation and augmentation. The work is primarily computer-based with limited physical requirements, making it highly exposed to AI capabilities.",
4323. (Not more specifically classified) Transport clerks (Level 5),4,4323-not-more-specifically-classified-transport-clerks-level-5,4323.,44892,wages_statfin,,Upper secondary,None,None,0,,1,Declining,extras_csv,,9,"This professional occupation involves extensive digital knowledge work and analytical tasks that are highly susceptible to AI automation and augmentation. The work is primarily computer-based with limited physical requirements, making it highly exposed to AI capabilities.",
"43231 Rail traffic controllers, traffic co-ordinators, etc. (Level 5)",4,43231-rail-traffic-controllers-traffic-co-ordinators-etc-level-5,43231,56316,wages_statfin,,Upper secondary,None,None,462,,2,Below average,extras_csv,,,,
43239 Other transport clerks (Level 5),4,43239-other-transport-clerks-level-5,43239,44052,wages_statfin,,Upper secondary,None,None,5934,,2,Below average,extras_csv,,9,"This clerical occupation involves extensive digital knowledge work and analytical tasks that are highly susceptible to AI automation and augmentation. The work is primarily computer-based with limited physical requirements, making it highly exposed to AI capabilities.",
44 Other clerical support workers (Level 2),4,44-other-clerical-support-workers-level-2,44,34044,wages_statfin,,,,,19081,,,,,,7,"This clerical occupation has significant AI exposure due to substantial digital and analytical components. While some aspects involve human judgment or physical presence, many core tasks can be automated or augmented by AI systems, particularly administrative and routine decision-making functions.",
441 Other clerical support workers (Level 3),4,441-other-clerical-support-workers-level-3,441,34044,wages_statfin,,,,,19081,,,,,,7,"This clerical occupation has significant AI exposure due to substantial digital and analytical components. While some aspects involve human judgment or physical presence, many core tasks can be automated or augmented by AI systems, particularly administrative and routine decision-making functions.",
4411 Library clerks (Level 4),4,4411-library-clerks-level-4,4411,32868,wages_statfin,,Upper secondary,None,None,3143,,2,Stable,extras_csv,,9,"This clerical occupation involves extensive digital knowledge work and analytical tasks that are highly susceptible to AI automation and augmentation. The work is primarily computer-based with limited physical requirements, making it highly exposed to AI capabilities.",
4411. Library clerks (Level 5),4,4411-library-clerks-level-5,4411.,32868,wages_statfin,,Upper secondary,None,None,3143,,2,Stable,extras_csv,,9,"This clerical occupation involves extensive digital knowledge work and analytical tasks that are highly susceptible to AI automation and augmentation. The work is primarily computer-based with limited physical requirements, making it highly exposed to AI capabilities.",
4412 Mail carriers and sorting clerks (Level 4),4,4412-mail-carriers-and-sorting-clerks-level-4,4412,31872,wages_statfin,,Upper secondary,None,None,9371,,1,Declining,extras_csv,,9,"This occupation is almost entirely digital and involves routine information processing, data entry, and mathematical verification—tasks that AI and automated software already perform with high accuracy. The BLS already projects a decline in employment due to technological change, and the shift toward 'analytical and advisory' roles is increasingly being encroached upon by advanced LLMs and specialized financial AI agents.",
44121 Mail carriers (Level 5),4,44121-mail-carriers-level-5,44121,31704,wages_statfin,,Upper secondary,None,None,6894,,2,Below average,extras_csv,,,,
44122 Porters (Level 5),4,44122-porters-level-5,44122,32352,wages_statfin,,Upper secondary,None,None,2477,,2,Below average,extras_csv,,9,"The core product of this occupation is a verbatim digital transcript, a task where AI speech-to-text and natural language processing are already highly proficient. While legal requirements for human oversight and the need to clarify inaudible speech provide a temporary buffer, the rapid advancement of AI in transcription and real-time captioning creates extreme pressure for automation and massive productivity gains that reduce the need for human workers.",
"4413 Coding, proof-reading and related clerks (Level 4)",4,4413-coding-proof-reading-and-related-clerks-level-4,4413,42240,wages_statfin,,Upper secondary,None,None,54,,2,Stable,extras_csv,,9,"This occupation is almost entirely digital and involves routine information processing, data entry, and mathematical verification—tasks that AI and automated software already perform with high accuracy. The BLS already projects a decline in employment due to technological change, and the shift toward 'analytical and advisory' roles is increasingly being encroached upon by advanced LLMs and specialized financial AI agents.",
"4413. Coding, proof-reading and related clerks (Level 5)",4,4413-coding-proof-reading-and-related-clerks-level-5,4413.,42240,wages_statfin,,Upper secondary,None,None,54,,2,Stable,extras_csv,,9,"This occupation is almost entirely digital and involves routine information processing, data entry, and mathematical verification—tasks that AI and automated software already perform with high accuracy. The BLS already projects a decline in employment due to technological change, and the shift toward 'analytical and advisory' roles is increasingly being encroached upon by advanced LLMs and specialized financial AI agents.",
4415 Filing and copying clerks (Level 4),4,4415-filing-and-copying-clerks-level-4,4415,33528,wages_statfin,,Upper secondary,None,None,295,,2,Stable,extras_csv,,9,"This occupation is almost entirely digital and involves routine information processing, data entry, and mathematical verification—tasks that AI and automated software already perform with high accuracy. The BLS already projects a decline in employment due to technological change, and the shift toward 'analytical and advisory' roles is increasingly being encroached upon by advanced LLMs and specialized financial AI agents.",
4415. Filing and copying clerks (Level 5),4,4415-filing-and-copying-clerks-level-5,4415.,33528,wages_statfin,,Upper secondary,None,None,295,,2,Stable,extras_csv,,9,"This occupation is almost entirely digital and involves routine information processing, data entry, and mathematical verification—tasks that AI and automated software already perform with high accuracy. The BLS already projects a decline in employment due to technological change, and the shift toward 'analytical and advisory' roles is increasingly being encroached upon by advanced LLMs and specialized financial AI agents.",
4416 Personnel clerks (Level 4),4,4416-personnel-clerks-level-4,4416,39000,wages_statfin,,Upper secondary,None,None,2128,,1,Declining,extras_csv,,9,"This clerical occupation involves extensive digital knowledge work and analytical tasks that are highly susceptible to AI automation and augmentation. The work is primarily computer-based with limited physical requirements, making it highly exposed to AI capabilities.",
4416. Personnel clerks (Level 5),4,4416-personnel-clerks-level-5,4416.,39000,wages_statfin,,Upper secondary,None,None,2128,,1,Declining,extras_csv,,9,"This clerical occupation involves extensive digital knowledge work and analytical tasks that are highly susceptible to AI automation and augmentation. The work is primarily computer-based with limited physical requirements, making it highly exposed to AI capabilities.",
4419 Clerical support workers not elsewhere classified (Level 4),4,4419-clerical-support-workers-not-elsewhere-classified-level-4,4419,39336,wages_statfin,,Upper secondary,None,None,4090,,2,Stable,extras_csv,,7,"This clerical occupation has significant AI exposure due to substantial digital and analytical components. While some aspects involve human judgment or physical presence, many core tasks can be automated or augmented by AI systems, particularly administrative and routine decision-making functions.",
4419. Clerical support workers not elsewhere classified (Level 5),4,4419-clerical-support-workers-not-elsewhere-classified-level-5,4419.,39336,wages_statfin,,Upper secondary,None,None,4090,,2,Stable,extras_csv,,7,"This clerical occupation has significant AI exposure due to substantial digital and analytical components. While some aspects involve human judgment or physical presence, many core tasks can be automated or augmented by AI systems, particularly administrative and routine decision-making functions.",
5  Service and sales workers (Level 1),5,5-service-and-sales-workers-level-1,5,34956,wages_statfin,,,,,485109,,,,,,2,"The core duties of this occupation are physical and require real-time presence, such as feeding, grooming, cleaning, and physically training animals. AI may assist with peripheral administrative tasks like scheduling or monitoring animal health data, but it cannot replace the manual labor or the empathetic human-animal interaction required for the job.",
51 Personal service workers (Level 2),5,51-personal-service-workers-level-2,51,34212,wages_statfin,,,,,111326,,,,,,2,"The core duties of this occupation are physical and require real-time presence, such as feeding, grooming, cleaning, and physically training animals. AI may assist with peripheral administrative tasks like scheduling or monitoring animal health data, but it cannot replace the manual labor or the empathetic human-animal interaction required for the job.",
"511 Travel attendants, conductors and guides (Level 3)",5,511-travel-attendants-conductors-and-guides-level-3,511,40176,wages_statfin,,,,,3696,,,,,,4,"While AI can automate the digital aspects of the job—such as researching history, planning itineraries, and providing multilingual translations—the core of the role requires physical presence and real-time human interaction. Guides must physically escort groups through unpredictable environments, manage group dynamics, and provide a personal, empathetic experience that digital tools cannot fully replicate.",
5111 Travel attendants and travel stewards (Level 4),5,5111-travel-attendants-and-travel-stewards-level-4,5111,40176,inferred,,Upper secondary,None,On-the-job training,1601,,3,Stable,extras_csv,,4,"While AI can automate the digital aspects of the job—such as researching history, planning itineraries, and providing multilingual translations—the core of the role requires physical presence and real-time human interaction. Guides must physically escort groups through unpredictable environments, manage group dynamics, and provide a personal, empathetic experience that digital tools cannot fully replicate.",
5111. Travel attendants and travel stewards (Level 5),5,5111-travel-attendants-and-travel-stewards-level-5,5111.,,,,Upper secondary,None,On-the-job training,1601,,3,Stable,extras_csv,,4,"While AI can automate the digital aspects of the job—such as researching history, planning itineraries, and providing multilingual translations—the core of the role requires physical presence and real-time human interaction. Guides must physically escort groups through unpredictable environments, manage group dynamics, and provide a personal, empathetic experience that digital tools cannot fully replicate.",
5112 Transport conductors (Level 4),5,5112-transport-conductors-level-4,5112,40176,inferred,,Upper secondary,None,On-the-job training,857,,2,Stable,extras_csv,,4,"This service occupation has moderate AI exposure. While some tasks (particularly administrative and routine aspects) are susceptible to automation, the role requires physical presence, manual skills, or interpersonal interaction that provides a buffer against full automation.",
5112. Transport conductors (Level 5),5,5112-transport-conductors-level-5,5112.,,,,Upper secondary,None,On-the-job training,857,,2,Stable,extras_csv,,4,"This service occupation has moderate AI exposure. While some tasks (particularly administrative and routine aspects) are susceptible to automation, the role requires physical presence, manual skills, or interpersonal interaction that provides a buffer against full automation.",
5113 Travel guides (Level 4),5,5113-travel-guides-level-4,5113,34296,wages_statfin,,Upper secondary,None,On-the-job training,1238,,3,Stable,extras_csv,,4,"While AI can automate the digital aspects of the job—such as researching history, planning itineraries, and providing multilingual translations—the core of the role requires physical presence and real-time human interaction. Guides must physically escort groups through unpredictable environments, manage group dynamics, and provide a personal, empathetic experience that digital tools cannot fully replicate.",
5113. Travel guides (Level 5),5,5113-travel-guides-level-5,5113.,34296,wages_statfin,,Upper secondary,None,On-the-job training,1238,,3,Stable,extras_csv,,4,"While AI can automate the digital aspects of the job—such as researching history, planning itineraries, and providing multilingual translations—the core of the role requires physical presence and real-time human interaction. Guides must physically escort groups through unpredictable environments, manage group dynamics, and provide a personal, empathetic experience that digital tools cannot fully replicate.",
512 Cooks (Level 3),5,512-cooks-level-3,512,34128,wages_statfin,,,,,39478,,,,,,3,"The core of the job involves physical dexterity, sensory judgment (taste and smell), and real-time adaptation in a high-heat, unpredictable kitchen environment. While AI-driven automation is already impacting fast food and routine institutional cooking, high-end restaurant and private household cooking remain protected by the need for complex manual skills and human creativity.",
5120 Cooks (Level 4),5,5120-cooks-level-4,5120,34128,wages_statfin,,Upper secondary,None,On-the-job training,39478,,2,Stable,extras_csv,,3,"The core of the job involves physical dexterity, sensory judgment (taste and smell), and real-time adaptation in a high-heat, unpredictable kitchen environment. While AI-driven automation is already impacting fast food and routine institutional cooking, high-end restaurant and private household cooking remain protected by the need for complex manual skills and human creativity.",
5120. (Not more specifically classified) Cooks (Level 5),5,5120-not-more-specifically-classified-cooks-level-5,5120.,34128,wages_statfin,,Upper secondary,None,On-the-job training,0,,2,Stable,extras_csv,,3,"The core of the job involves physical dexterity, sensory judgment (taste and smell), and real-time adaptation in a high-heat, unpredictable kitchen environment. While AI-driven automation is already impacting fast food and routine institutional cooking, high-end restaurant and private household cooking remain protected by the need for complex manual skills and human creativity.",
51201 Cooks (Level 5),5,51201-cooks-level-5,51201,32376,wages_statfin,,Upper secondary,None,On-the-job training,18309,,2,Below average,extras_csv,,3,"The core of the job involves physical dexterity, sensory judgment (taste and smell), and real-time adaptation in a high-heat, unpredictable kitchen environment. While AI-driven automation is already impacting fast food and routine institutional cooking, high-end restaurant and private household cooking remain protected by the need for complex manual skills and human creativity.",
51202 Restaurant services supervisors and shift managers (Level 5),5,51202-restaurant-services-supervisors-and-shift-managers-level-5,51202,36360,wages_statfin,,Upper secondary,None,On-the-job training,21169,,2,Below average,extras_csv,,6,"This role involves a high volume of digital knowledge work, such as budgeting, scheduling, and regulatory compliance, which are highly susceptible to AI optimization. However, the core responsibilities of recruiting, supervising staff, and navigating complex interpersonal relationships within a physical healthcare facility provide a significant buffer against full automation.",
513 Waiters and bartenders (Level 3),5,513-waiters-and-bartenders-level-3,513,32424,wages_statfin,,Upper secondary,None,On-the-job training,13963,,2,Below average,,,2,"The core of bartending involves physical manipulation of objects, manual cleaning, and real-time social interaction in a physical environment. While AI can assist with peripheral tasks like inventory management or automated ordering, the primary value of the role lies in human presence, physical service, and the social 'hospitality' aspect which remains difficult to automate.",
513.  (Not more specifically classified) Waiters and bartenders (Level 4),5,513-not-more-specifically-classified-waiters-and-bartenders-level-4,513.,,,,Upper secondary,None,On-the-job training,0,,2,Below average,extras_csv,,2,"The core of bartending involves physical manipulation of objects, manual cleaning, and real-time social interaction in a physical environment. While AI can assist with peripheral tasks like inventory management or automated ordering, the primary value of the role lies in human presence, physical service, and the social 'hospitality' aspect which remains difficult to automate.",
513.. (Not more specifically classified) Waiters and bartenders (Level 5),5,513-not-more-specifically-classified-waiters-and-bartenders-level-5,513..,32424,wages_statfin,,Upper secondary,None,On-the-job training,0,,2,Below average,extras_csv,,2,"The core of bartending involves physical manipulation of objects, manual cleaning, and real-time social interaction in a physical environment. While AI can assist with peripheral tasks like inventory management or automated ordering, the primary value of the role lies in human presence, physical service, and the social 'hospitality' aspect which remains difficult to automate.",
5131 Waiters (Level 4),5,5131-waiters-level-4,5131,32172,wages_statfin,,Upper secondary,None,On-the-job training,13012,,2,Stable,extras_csv,,3,"While AI and automation are increasingly handling digital tasks like order-taking and payments via kiosks or mobile apps, the core of the job remains physical and interpersonal. The physical requirements of carrying trays, clearing tables, and providing real-time human hospitality in a dynamic environment create a significant barrier to full AI replacement.",
5131. Waiters (Level 5),5,5131-waiters-level-5,5131.,32172,wages_statfin,,Upper secondary,None,On-the-job training,13012,,2,Stable,extras_csv,,3,"While AI and automation are increasingly handling digital tasks like order-taking and payments via kiosks or mobile apps, the core of the job remains physical and interpersonal. The physical requirements of carrying trays, clearing tables, and providing real-time human hospitality in a dynamic environment create a significant barrier to full AI replacement.",
5132 Bartenders (Level 4),5,5132-bartenders-level-4,5132,37200,wages_statfin,,Upper secondary,None,On-the-job training,951,,3,Stable,extras_csv,,2,"The core of bartending involves physical manipulation of objects, manual cleaning, and real-time social interaction in a physical environment. While AI can assist with peripheral tasks like inventory management or automated ordering, the primary value of the role lies in human presence, physical service, and the social 'hospitality' aspect which remains difficult to automate.",
5132. Bartenders (Level 5),5,5132-bartenders-level-5,5132.,37200,wages_statfin,,Upper secondary,None,On-the-job training,951,,3,Stable,extras_csv,,2,"The core of bartending involves physical manipulation of objects, manual cleaning, and real-time social interaction in a physical environment. While AI can assist with peripheral tasks like inventory management or automated ordering, the primary value of the role lies in human presence, physical service, and the social 'hospitality' aspect which remains difficult to automate.",
"514 Hairdressers, beauticians and related workers (Level 3)",5,514-hairdressers-beauticians-and-related-workers-level-3,514,28440,wages_statfin,,Upper secondary,None,On-the-job training,16164,,2,Below average,,,2,"The core duties are highly physical and take place in unpredictable outdoor environments, requiring manual labor, mechanical repair, and real-time physical coordination. AI's impact is limited to peripheral enhancements in fish-finding sonar, GPS navigation, and regulatory data processing, but it cannot replace the physical act of hauling nets, trapping animals, or maintaining vessels.",
"514.  (Not more specifically classified) Hairdressers, beauticians and related workers (Level 4)",5,514-not-more-specifically-classified-hairdressers-beauticians-and-related-workers-level-4,514.,,,,Upper secondary,None,On-the-job training,0,,2,Below average,extras_csv,,1,"This craft occupation has minimal AI exposure. The work is almost entirely physical, requiring hands-on skills, manual labor, or real-time physical interaction with the environment. These tasks cannot be meaningfully automated by current or near-term AI technologies.",
"514.. (Not more specifically classified) Hairdressers, beauticians and related workers (Level 5)",5,514-not-more-specifically-classified-hairdressers-beauticians-and-related-workers-level-5,514..,28440,wages_statfin,,Upper secondary,None,On-the-job training,0,,2,Below average,extras_csv,,1,"This craft occupation has minimal AI exposure. The work is almost entirely physical, requiring hands-on skills, manual labor, or real-time physical interaction with the environment. These tasks cannot be meaningfully automated by current or near-term AI technologies.",
5141 Hairdressers (Level 4),5,5141-hairdressers-level-4,5141,28164,wages_statfin,,Upper secondary,None,On-the-job training,10868,,3,Stable,extras_csv,,2,"This service occupation has low AI exposure. The work is primarily physical and hands-on, requiring manual dexterity, real-time physical coordination, or outdoor work in unpredictable environments. AI's impact is limited to peripheral support functions.",
5141. Hairdressers (Level 5),5,5141-hairdressers-level-5,5141.,28164,wages_statfin,,Upper secondary,None,On-the-job training,10868,,3,Stable,extras_csv,,2,"This service occupation has low AI exposure. The work is primarily physical and hands-on, requiring manual dexterity, real-time physical coordination, or outdoor work in unpredictable environments. AI's impact is limited to peripheral support functions.",
5142 Beauticians and related workers (Level 4),5,5142-beauticians-and-related-workers-level-4,5142,29664,wages_statfin,,Upper secondary,None,On-the-job training,5296,,2,Stable,extras_csv,,2,"The core duties are highly physical and take place in unpredictable outdoor environments, requiring manual labor, mechanical repair, and real-time physical coordination. AI's impact is limited to peripheral enhancements in fish-finding sonar, GPS navigation, and regulatory data processing, but it cannot replace the physical act of hauling nets, trapping animals, or maintaining vessels.",
5142. Beauticians and related workers (Level 5),5,5142-beauticians-and-related-workers-level-5,5142.,29664,wages_statfin,,Upper secondary,None,On-the-job training,5296,,2,Stable,extras_csv,,2,"The core duties are highly physical and take place in unpredictable outdoor environments, requiring manual labor, mechanical repair, and real-time physical coordination. AI's impact is limited to peripheral enhancements in fish-finding sonar, GPS navigation, and regulatory data processing, but it cannot replace the physical act of hauling nets, trapping animals, or maintaining vessels.",
515 Building and housekeeping supervisors (Level 3),5,515-building-and-housekeeping-supervisors-level-3,515,34884,wages_statfin,,,,,34043,,,,,,5,"The occupation is a hybrid of physical site visits and digital knowledge work. AI and computer vision can significantly automate the 'plans examiner' and report-writing functions, while remote inspection technology is already projected to reduce labor demand. However, the core requirement for physical presence to navigate tight spaces, use manual testing equipment, and verify real-world conditions provides a substantial barrier to full automation.",
"5151 Cleaning and housekeeping supervisors in offices, hotels and other establishments (Level 4)",5,5151-cleaning-and-housekeeping-supervisors-in-offices-hotels-and-other-establishments-level-4,5151,34884,inferred,,Upper secondary,None,On-the-job training,7071,,3,Stable,extras_csv,,4,"The role involves a significant amount of physical labor, equipment maintenance, and real-time management of biological systems that cannot be digitized. However, AI will heavily impact the management side of the job, including crop yield prediction, financial planning, and automated resource allocation, making individual managers significantly more productive and contributing to further farm consolidation.",
"5151. Cleaning and housekeeping supervisors in offices, hotels and other establishments (Level 5)",5,5151-cleaning-and-housekeeping-supervisors-in-offices-hotels-and-other-establishments-level-5,5151.,,,,Upper secondary,None,On-the-job training,7071,,3,Stable,extras_csv,,4,"The role involves a significant amount of physical labor, equipment maintenance, and real-time management of biological systems that cannot be digitized. However, AI will heavily impact the management side of the job, including crop yield prediction, financial planning, and automated resource allocation, making individual managers significantly more productive and contributing to further farm consolidation.",
5152 Domestic housekeepers (Level 4),5,5152-domestic-housekeepers-level-4,5152,34884,inferred,,Upper secondary,None,On-the-job training,675,,2,Stable,extras_csv,,4,"This service occupation has moderate AI exposure. While some tasks (particularly administrative and routine aspects) are susceptible to automation, the role requires physical presence, manual skills, or interpersonal interaction that provides a buffer against full automation.",
5152. Domestic housekeepers (Level 5),5,5152-domestic-housekeepers-level-5,5152.,,,,Upper secondary,None,On-the-job training,675,,2,Stable,extras_csv,,4,"This service occupation has moderate AI exposure. While some tasks (particularly administrative and routine aspects) are susceptible to automation, the role requires physical presence, manual skills, or interpersonal interaction that provides a buffer against full automation.",
5153 Building caretakers (Level 4),5,5153-building-caretakers-level-4,5153,35124,wages_statfin,,Upper secondary,None,On-the-job training,26297,,3,Stable,extras_csv,,3,"This service occupation has low AI exposure. The work is primarily physical and hands-on, requiring manual dexterity, real-time physical coordination, or outdoor work in unpredictable environments. AI's impact is limited to peripheral support functions.",
5153. Building caretakers (Level 5),5,5153-building-caretakers-level-5,5153.,35124,wages_statfin,,Upper secondary,None,On-the-job training,26297,,3,Stable,extras_csv,,3,"This service occupation has low AI exposure. The work is primarily physical and hands-on, requiring manual dexterity, real-time physical coordination, or outdoor work in unpredictable environments. AI's impact is limited to peripheral support functions.",
516 Other personal services workers (Level 3),5,516-other-personal-services-workers-level-3,516,32244,wages_statfin,,,,,3982,,,,,,4,"The occupation is a hybrid of physical hospitality and digital-adjacent information processing. While AI and automation are significantly impacting sports book writers and slot operations through online platforms and automated betting, the core of the job for dealers and managers involves physical presence, manual dexterity, and real-time human interaction to ensure a 'pleasant experience' and monitor for physical rule violations.",
"5161 Astrologers, fortune-tellers and related workers (Level 4)",5,5161-astrologers-fortune-tellers-and-related-workers-level-4,5161,32244,inferred,,Upper secondary,None,On-the-job training,2,,2,Stable,extras_csv,,7,"Tellers face high exposure because their core tasks—processing routine financial transactions and verifying information—are digital in nature and highly susceptible to automation through AI and advanced self-service technology. While the physical handling of cash provides a slight buffer, the rapid shift toward mobile banking, AI-driven fraud detection, and interactive video kiosks is significantly reducing the need for human intervention in these roles.",
"5161. Astrologers, fortune-tellers and related workers (Level 5)",5,5161-astrologers-fortune-tellers-and-related-workers-level-5,5161.,,,,Upper secondary,None,On-the-job training,2,,2,Stable,extras_csv,,7,"Tellers face high exposure because their core tasks—processing routine financial transactions and verifying information—are digital in nature and highly susceptible to automation through AI and advanced self-service technology. While the physical handling of cash provides a slight buffer, the rapid shift toward mobile banking, AI-driven fraud detection, and interactive video kiosks is significantly reducing the need for human intervention in these roles.",
5163 Undertakers and embalmers (Level 4),5,5163-undertakers-and-embalmers-level-4,5163,35340,wages_statfin,,Upper secondary,None,On-the-job training,602,,2,Stable,extras_csv,,4,"This service occupation has moderate AI exposure. While some tasks (particularly administrative and routine aspects) are susceptible to automation, the role requires physical presence, manual skills, or interpersonal interaction that provides a buffer against full automation.",
51631 Undertakers and related funeral workers (Level 5),5,51631-undertakers-and-related-funeral-workers-level-5,51631,33192,wages_statfin,,Upper secondary,None,On-the-job training,485,,2,Below average,extras_csv,,2,"The core duties are highly physical and take place in unpredictable outdoor environments, requiring manual labor, mechanical repair, and real-time physical coordination. AI's impact is limited to peripheral enhancements in fish-finding sonar, GPS navigation, and regulatory data processing, but it cannot replace the physical act of hauling nets, trapping animals, or maintaining vessels.",
51632 Other funeral workers (Level 5),5,51632-other-funeral-workers-level-5,51632,38016,wages_statfin,,Upper secondary,None,On-the-job training,117,,2,Below average,extras_csv,,3,"The core of this occupation involves physical tasks like preparing remains and transporting the deceased, alongside high-stakes interpersonal work providing grief counseling and comfort. While AI can streamline administrative duties like filing death certificates, scheduling, and writing obituaries, it cannot replace the physical presence and emotional intelligence required for funeral services.",
5164 Pet groomers and animal care workers (Level 4),5,5164-pet-groomers-and-animal-care-workers-level-4,5164,30144,wages_statfin,,Upper secondary,None,On-the-job training,2443,,3,Stable,extras_csv,,2,"The core duties of this occupation are physical and require real-time presence, such as feeding, grooming, cleaning, and physically training animals. AI may assist with peripheral administrative tasks like scheduling or monitoring animal health data, but it cannot replace the manual labor or the empathetic human-animal interaction required for the job.",
5164. Pet groomers and animal care workers (Level 5),5,5164-pet-groomers-and-animal-care-workers-level-5,5164.,30144,wages_statfin,,Upper secondary,None,On-the-job training,2443,,3,Stable,extras_csv,,2,"The core duties of this occupation are physical and require real-time presence, such as feeding, grooming, cleaning, and physically training animals. AI may assist with peripheral administrative tasks like scheduling or monitoring animal health data, but it cannot replace the manual labor or the empathetic human-animal interaction required for the job.",
5165 Driving instructors (Level 4),5,5165-driving-instructors-level-4,5165,39144,wages_statfin,,Upper secondary,None,On-the-job training,838,,2,Below average,extras_csv,,4,"This service occupation has moderate AI exposure. While some tasks (particularly administrative and routine aspects) are susceptible to automation, the role requires physical presence, manual skills, or interpersonal interaction that provides a buffer against full automation.",
5165. Driving instructors (Level 5),5,5165-driving-instructors-level-5,5165.,39144,wages_statfin,,Upper secondary,None,On-the-job training,838,,2,Below average,extras_csv,,4,"This service occupation has moderate AI exposure. While some tasks (particularly administrative and routine aspects) are susceptible to automation, the role requires physical presence, manual skills, or interpersonal interaction that provides a buffer against full automation.",
5169 Personal services workers not elsewhere classified (Level 4),5,5169-personal-services-workers-not-elsewhere-classified-level-4,5169,31116,wages_statfin,,Upper secondary,None,On-the-job training,97,,2,Stable,extras_csv,,9,"This clerical occupation involves extensive digital knowledge work and analytical tasks that are highly susceptible to AI automation and augmentation. The work is primarily computer-based with limited physical requirements, making it highly exposed to AI capabilities.",
5169. Personal services workers not elsewhere classified (Level 5),5,5169-personal-services-workers-not-elsewhere-classified-level-5,5169.,31116,wages_statfin,,Upper secondary,None,On-the-job training,97,,2,Stable,extras_csv,,9,"This clerical occupation involves extensive digital knowledge work and analytical tasks that are highly susceptible to AI automation and augmentation. The work is primarily computer-based with limited physical requirements, making it highly exposed to AI capabilities.",
52 Sales workers (Level 2),5,52-sales-workers-level-2,52,34416,wages_statfin,,,,,149515,,,,,,3,"While AI and autonomous vehicle technology are advancing, the core of this job involves significant physical labor, such as loading/unloading cargo and navigating unpredictable 'last-mile' environments. AI may optimize routing and assist with sales communication, but the physical requirement to move goods from a vehicle to a customer's door remains a major barrier to full automation.",
521 Street and market salespersons (Level 3),5,521-street-and-market-salespersons-level-3,521,25608,wages_statfin,,Upper secondary,None,On-the-job training,612,,2,Below average,,,4,"This service occupation has moderate AI exposure. While some tasks (particularly administrative and routine aspects) are susceptible to automation, the role requires physical presence, manual skills, or interpersonal interaction that provides a buffer against full automation.",
521.  (Not more specifically classified) Street and market salespersons (Level 4),5,521-not-more-specifically-classified-street-and-market-salespersons-level-4,521.,,,,Upper secondary,None,On-the-job training,0,,2,Below average,extras_csv,,4,"This service occupation has moderate AI exposure. While some tasks (particularly administrative and routine aspects) are susceptible to automation, the role requires physical presence, manual skills, or interpersonal interaction that provides a buffer against full automation.",
521.. (Not more specifically classified) Street and market salespersons (Level 5),5,521-not-more-specifically-classified-street-and-market-salespersons-level-5,521..,25608,wages_statfin,,Upper secondary,None,On-the-job training,0,,2,Below average,extras_csv,,4,"This service occupation has moderate AI exposure. While some tasks (particularly administrative and routine aspects) are susceptible to automation, the role requires physical presence, manual skills, or interpersonal interaction that provides a buffer against full automation.",
5211 Stall and market salespersons (Level 4),5,5211-stall-and-market-salespersons-level-4,5211,25608,inferred,,Upper secondary,None,On-the-job training,612,,2,Stable,extras_csv,,4,"This service occupation has moderate AI exposure. While some tasks (particularly administrative and routine aspects) are susceptible to automation, the role requires physical presence, manual skills, or interpersonal interaction that provides a buffer against full automation.",
5211. Stall and market salespersons (Level 5),5,5211-stall-and-market-salespersons-level-5,5211.,,,,Upper secondary,None,On-the-job training,612,,2,Stable,extras_csv,,4,"This service occupation has moderate AI exposure. While some tasks (particularly administrative and routine aspects) are susceptible to automation, the role requires physical presence, manual skills, or interpersonal interaction that provides a buffer against full automation.",
5212 Street food salespersons (Level 4),5,5212-street-food-salespersons-level-4,5212,25608,inferred,,Upper secondary,None,On-the-job training,0,,3,Stable,extras_csv,,4,"This service occupation has moderate AI exposure. While some tasks (particularly administrative and routine aspects) are susceptible to automation, the role requires physical presence, manual skills, or interpersonal interaction that provides a buffer against full automation.",
5212. Street food salespersons (Level 5),5,5212-street-food-salespersons-level-5,5212.,,,,Upper secondary,None,On-the-job training,0,,3,Stable,extras_csv,,4,"This service occupation has moderate AI exposure. While some tasks (particularly administrative and routine aspects) are susceptible to automation, the role requires physical presence, manual skills, or interpersonal interaction that provides a buffer against full automation.",
522 Shop salespersons (Level 3),5,522-shop-salespersons-level-3,522,34956,wages_statfin,,,,,124236,,,,,,,,
5221 Shop keepers (Level 4),5,5221-shop-keepers-level-4,5221,46200,wages_statfin,,Upper secondary,None,On-the-job training,8145,,2,Below average,extras_csv,,4,"This service occupation has moderate AI exposure. While some tasks (particularly administrative and routine aspects) are susceptible to automation, the role requires physical presence, manual skills, or interpersonal interaction that provides a buffer against full automation.",
5221. Shop keepers (Level 5),5,5221-shop-keepers-level-5,5221.,46200,wages_statfin,,Upper secondary,None,On-the-job training,8145,,2,Below average,extras_csv,,4,"This service occupation has moderate AI exposure. While some tasks (particularly administrative and routine aspects) are susceptible to automation, the role requires physical presence, manual skills, or interpersonal interaction that provides a buffer against full automation.",
5222 Shop supervisors (Level 4),5,5222-shop-supervisors-level-4,5222,40836,wages_statfin,,Upper secondary,None,On-the-job training,12625,,2,Below average,extras_csv,,4,"This service occupation has moderate AI exposure. While some tasks (particularly administrative and routine aspects) are susceptible to automation, the role requires physical presence, manual skills, or interpersonal interaction that provides a buffer against full automation.",
5222. Shop supervisors (Level 5),5,5222-shop-supervisors-level-5,5222.,40836,wages_statfin,,Upper secondary,None,On-the-job training,12625,,2,Below average,extras_csv,,4,"This service occupation has moderate AI exposure. While some tasks (particularly administrative and routine aspects) are susceptible to automation, the role requires physical presence, manual skills, or interpersonal interaction that provides a buffer against full automation.",
5223 Shop sales assistants (Level 4),5,5223-shop-sales-assistants-level-4,5223,33660,wages_statfin,,Upper secondary,None,On-the-job training,103466,,2,Below average,extras_csv,,4,"This service occupation has moderate AI exposure. While some tasks (particularly administrative and routine aspects) are susceptible to automation, the role requires physical presence, manual skills, or interpersonal interaction that provides a buffer against full automation.",
5223. Shop sales assistants (Level 5),5,5223-shop-sales-assistants-level-5,5223.,33660,wages_statfin,,Upper secondary,None,On-the-job training,103466,,2,Below average,extras_csv,,4,"This service occupation has moderate AI exposure. While some tasks (particularly administrative and routine aspects) are susceptible to automation, the role requires physical presence, manual skills, or interpersonal interaction that provides a buffer against full automation.",
523 Cashiers and ticket clerks (Level 3),5,523-cashiers-and-ticket-clerks-level-3,523,30912,wages_statfin,,,,,4513,,,,,,7,"While the job has physical components like bagging and stocking, the core function of processing transactions is highly susceptible to automation through computer vision and AI-driven self-checkout systems. The BLS already projects a significant decline in employment due to these technological shifts, as AI can increasingly handle age verification, fraud detection, and customer inquiries.",
5230 Cashiers and ticket clerks (Level 4),5,5230-cashiers-and-ticket-clerks-level-4,5230,30912,wages_statfin,,Upper secondary,None,On-the-job training,4513,,3,Stable,extras_csv,,7,"While the job has physical components like bagging and stocking, the core function of processing transactions is highly susceptible to automation through computer vision and AI-driven self-checkout systems. The BLS already projects a significant decline in employment due to these technological shifts, as AI can increasingly handle age verification, fraud detection, and customer inquiries.",
5230. Cashiers and ticket clerks (Level 5),5,5230-cashiers-and-ticket-clerks-level-5,5230.,30912,wages_statfin,,Upper secondary,None,On-the-job training,4513,,3,Stable,extras_csv,,7,"While the job has physical components like bagging and stocking, the core function of processing transactions is highly susceptible to automation through computer vision and AI-driven self-checkout systems. The BLS already projects a significant decline in employment due to these technological shifts, as AI can increasingly handle age verification, fraud detection, and customer inquiries.",
524 Other sales workers (Level 3),5,524-other-sales-workers-level-3,524,32040,wages_statfin,,,,,20154,,,,,,3,"While AI and autonomous vehicle technology are advancing, the core of this job involves significant physical labor, such as loading/unloading cargo and navigating unpredictable 'last-mile' environments. AI may optimize routing and assist with sales communication, but the physical requirement to move goods from a vehicle to a customer's door remains a major barrier to full automation.",
5241 Fashion and other models (Level 4),5,5241-fashion-and-other-models-level-4,5241,32040,inferred,,Upper secondary,None,On-the-job training,62,,2,Stable,extras_csv,,8,"While runway and live event modeling require physical presence, the majority of modeling work results in digital or print imagery which is highly vulnerable to AI-generated synthetic media. AI can now create hyper-realistic virtual models or 'digital twins' of existing models, allowing brands to showcase clothing and products without physical photo shoots, significantly reducing the demand for human labor in commercial and catalog sectors.",
5241. Fashion and other models (Level 5),5,5241-fashion-and-other-models-level-5,5241.,,,,Upper secondary,None,On-the-job training,62,,2,Stable,extras_csv,,8,"While runway and live event modeling require physical presence, the majority of modeling work results in digital or print imagery which is highly vulnerable to AI-generated synthetic media. AI can now create hyper-realistic virtual models or 'digital twins' of existing models, allowing brands to showcase clothing and products without physical photo shoots, significantly reducing the demand for human labor in commercial and catalog sectors.",
5242 Sales demonstrators (Level 4),5,5242-sales-demonstrators-level-4,5242,40236,wages_statfin,,Upper secondary,None,On-the-job training,1052,,3,Stable,extras_csv,,4,"This service occupation has moderate AI exposure. While some tasks (particularly administrative and routine aspects) are susceptible to automation, the role requires physical presence, manual skills, or interpersonal interaction that provides a buffer against full automation.",
5242. Sales demonstrators (Level 5),5,5242-sales-demonstrators-level-5,5242.,40236,wages_statfin,,Upper secondary,None,On-the-job training,1052,,3,Stable,extras_csv,,4,"This service occupation has moderate AI exposure. While some tasks (particularly administrative and routine aspects) are susceptible to automation, the role requires physical presence, manual skills, or interpersonal interaction that provides a buffer against full automation.",
5243 Door to door salespersons (Level 4),5,5243-door-to-door-salespersons-level-4,5243,32040,inferred,,Upper secondary,None,On-the-job training,204,,2,Stable,extras_csv,,4,"This service occupation has moderate AI exposure. While some tasks (particularly administrative and routine aspects) are susceptible to automation, the role requires physical presence, manual skills, or interpersonal interaction that provides a buffer against full automation.",
5243. Door to door salespersons (Level 5),5,5243-door-to-door-salespersons-level-5,5243.,,,,Upper secondary,None,On-the-job training,204,,2,Stable,extras_csv,,4,"This service occupation has moderate AI exposure. While some tasks (particularly administrative and routine aspects) are susceptible to automation, the role requires physical presence, manual skills, or interpersonal interaction that provides a buffer against full automation.",
5244 Contact centre salespersons (Level 4),5,5244-contact-centre-salespersons-level-4,5244,32040,wages_statfin,,Upper secondary,None,On-the-job training,5615,,3,Stable,extras_csv,,4,"This service occupation has moderate AI exposure. While some tasks (particularly administrative and routine aspects) are susceptible to automation, the role requires physical presence, manual skills, or interpersonal interaction that provides a buffer against full automation.",
5244. Contact centre salespersons (Level 5),5,5244-contact-centre-salespersons-level-5,5244.,32040,wages_statfin,,Upper secondary,None,On-the-job training,5615,,3,Stable,extras_csv,,4,"This service occupation has moderate AI exposure. While some tasks (particularly administrative and routine aspects) are susceptible to automation, the role requires physical presence, manual skills, or interpersonal interaction that provides a buffer against full automation.",
5245 Service station attendants (Level 4),5,5245-service-station-attendants-level-4,5245,31344,wages_statfin,,Upper secondary,None,On-the-job training,1270,,2,Stable,extras_csv,,4,"This service occupation has moderate AI exposure. While some tasks (particularly administrative and routine aspects) are susceptible to automation, the role requires physical presence, manual skills, or interpersonal interaction that provides a buffer against full automation.",
5245. Service station attendants (Level 5),5,5245-service-station-attendants-level-5,5245.,31344,wages_statfin,,Upper secondary,None,On-the-job training,1270,,2,Stable,extras_csv,,4,"This service occupation has moderate AI exposure. While some tasks (particularly administrative and routine aspects) are susceptible to automation, the role requires physical presence, manual skills, or interpersonal interaction that provides a buffer against full automation.",
5246 Food service counter attendants (Level 4),5,5246-food-service-counter-attendants-level-4,5246,29556,wages_statfin,,Upper secondary,None,On-the-job training,10800,,3,Stable,extras_csv,,4,"While AI can significantly automate administrative tasks like staff scheduling, inventory ordering, and payroll management, the core of the job requires physical presence and real-time human interaction. Managers must physically inspect facilities for safety, handle unpredictable interpersonal conflicts with staff and customers, and perform manual labor during peak hours, which provides a strong buffer against full automation.",
5246. Food service counter attendants (Level 5),5,5246-food-service-counter-attendants-level-5,5246.,29556,wages_statfin,,Upper secondary,None,On-the-job training,10800,,3,Stable,extras_csv,,4,"While AI can significantly automate administrative tasks like staff scheduling, inventory ordering, and payroll management, the core of the job requires physical presence and real-time human interaction. Managers must physically inspect facilities for safety, handle unpredictable interpersonal conflicts with staff and customers, and perform manual labor during peak hours, which provides a strong buffer against full automation.",
5249 Sales workers not elsewhere classified (Level 4),5,5249-sales-workers-not-elsewhere-classified-level-4,5249,37560,wages_statfin,,Upper secondary,None,On-the-job training,1151,,2,Below average,extras_csv,,9,"This clerical occupation involves extensive digital knowledge work and analytical tasks that are highly susceptible to AI automation and augmentation. The work is primarily computer-based with limited physical requirements, making it highly exposed to AI capabilities.",
5249. Sales workers not elsewhere classified (Level 5),5,5249-sales-workers-not-elsewhere-classified-level-5,5249.,37560,wages_statfin,,Upper secondary,None,On-the-job training,1151,,2,Below average,extras_csv,,9,"This clerical occupation involves extensive digital knowledge work and analytical tasks that are highly susceptible to AI automation and augmentation. The work is primarily computer-based with limited physical requirements, making it highly exposed to AI capabilities.",
53 Personal care workers (Level 2),5,53-personal-care-workers-level-2,53,35112,wages_statfin,,,,,202862,,,,,,2,"The core duties of this occupation are physical and require real-time presence, such as feeding, grooming, cleaning, and physically training animals. AI may assist with peripheral administrative tasks like scheduling or monitoring animal health data, but it cannot replace the manual labor or the empathetic human-animal interaction required for the job.",
531 Child care workers and teachers' aides (Level 3),5,531-child-care-workers-and-teachers-aides-level-3,531,31056,wages_statfin,,,,,63206,,,,,,2,"The core duties of this occupation are physical and require real-time presence, such as feeding, grooming, cleaning, and physically training animals. AI may assist with peripheral administrative tasks like scheduling or monitoring animal health data, but it cannot replace the manual labor or the empathetic human-animal interaction required for the job.",
5311 Child care workers (Level 4),5,5311-child-care-workers-level-4,5311,31356,wages_statfin,,Upper secondary,None,On-the-job training,44429,,2,Stable,extras_csv,,2,"The core duties of this occupation are physical and require real-time presence, such as feeding, grooming, cleaning, and physically training animals. AI may assist with peripheral administrative tasks like scheduling or monitoring animal health data, but it cannot replace the manual labor or the empathetic human-animal interaction required for the job.",
5311. (Not more specifically classified) Child care workers (Level 5),5,5311-not-more-specifically-classified-child-care-workers-level-5,5311.,31356,wages_statfin,,Upper secondary,None,On-the-job training,0,,2,Stable,extras_csv,,1,"This craft occupation has minimal AI exposure. The work is almost entirely physical, requiring hands-on skills, manual labor, or real-time physical interaction with the environment. These tasks cannot be meaningfully automated by current or near-term AI technologies.",
53111 Childminders in kindergartens and other institutions (Level 5),5,53111-childminders-in-kindergartens-and-other-institutions-level-5,53111,31560,wages_statfin,,Upper secondary,None,On-the-job training,38675,,2,Below average,extras_csv,,4,"The role involves a significant amount of physical labor, equipment maintenance, and real-time management of biological systems that cannot be digitized. However, AI will heavily impact the management side of the job, including crop yield prediction, financial planning, and automated resource allocation, making individual managers significantly more productive and contributing to further farm consolidation.",
53112 Private childminders (Level 5),5,53112-private-childminders-level-5,53112,28560,wages_statfin,,Upper secondary,None,On-the-job training,2829,,2,Below average,extras_csv,,,,
53113 Children's club leaders (Level 5),5,53113-children-s-club-leaders-level-5,53113,30120,wages_statfin,,Upper secondary,None,On-the-job training,2925,,2,Below average,extras_csv,,,,
5312 Teachers' aides (Level 4),5,5312-teachers-aides-level-4,5312,29760,wages_statfin,,Upper secondary,None,On-the-job training,18777,,3,Stable,extras_csv,,4,"This service occupation has moderate AI exposure. While some tasks (particularly administrative and routine aspects) are susceptible to automation, the role requires physical presence, manual skills, or interpersonal interaction that provides a buffer against full automation.",
5312. Teachers' aides (Level 5),5,5312-teachers-aides-level-5,5312.,29760,wages_statfin,,Upper secondary,None,On-the-job training,18777,,3,Stable,extras_csv,,4,"This service occupation has moderate AI exposure. While some tasks (particularly administrative and routine aspects) are susceptible to automation, the role requires physical presence, manual skills, or interpersonal interaction that provides a buffer against full automation.",
5321 Health care assistants (Level 4),5,5321-health-care-assistants-level-4,5321,38628,wages_statfin,,Upper secondary,None,On-the-job training,94245,,2,Below average,extras_csv,,2,"The core duties of this occupation are fundamentally physical and interpersonal, involving manual tasks like bathing, dressing, and lifting patients in unpredictable home environments. While AI may assist with peripheral administrative tasks like scheduling or monitoring vital signs, it cannot replace the essential human presence and physical labor required for personal care.",
5321. (Not more specifically classified) Health care assistants (Level 5),5,5321-not-more-specifically-classified-health-care-assistants-level-5,5321.,38628,wages_statfin,,Upper secondary,None,On-the-job training,17,,2,Below average,extras_csv,,9,"This professional occupation involves extensive digital knowledge work and analytical tasks that are highly susceptible to AI automation and augmentation. The work is primarily computer-based with limited physical requirements, making it highly exposed to AI capabilities.",
53211 Practical mental nurses (Level 5),5,53211-practical-mental-nurses-level-5,53211,38532,wages_statfin,,Upper secondary,None,On-the-job training,4669,,2,Below average,extras_csv,,4,"The core of this occupation involves physical tasks such as bathing, dressing, and wound care, which are currently beyond the reach of AI and robotics. However, AI will significantly impact the information-processing aspects of the job, including documenting patient care, monitoring vitals, and assisting with diagnostic reporting, leading to moderate overall exposure.",
53212 Mental handicap nurses (Level 5),5,53212-mental-handicap-nurses-level-5,53212,38916,wages_statfin,,Upper secondary,None,On-the-job training,13971,,2,Below average,extras_csv,,,,
53213 Social work assistants (Level 5),5,53213-social-work-assistants-level-5,53213,38880,wages_statfin,,Upper secondary,None,On-the-job training,57614,,2,Below average,extras_csv,,5,"This occupation is a hybrid of digital administrative work and high-touch interpersonal service. AI can significantly automate the 'knowledge work' components, such as researching community resources, assisting with complex benefit applications, and coordinating service schedules. However, the core of the job requires physical presence in homes or clinics and deep emotional intelligence to support clients in crisis, which provides a substantial buffer against full automation.",
53219 Other practical nurses (Level 5),5,53219-other-practical-nurses-level-5,53219,37788,wages_statfin,,Upper secondary,None,On-the-job training,17974,,2,Below average,extras_csv,,4,"The core of this occupation involves physical tasks such as bathing, dressing, and wound care, which are currently beyond the reach of AI and robotics. However, AI will significantly impact the information-processing aspects of the job, including documenting patient care, monitoring vitals, and assisting with diagnostic reporting, leading to moderate overall exposure.",
532 Personal care workers in health services (Level 3),5,532-personal-care-workers-in-health-services-level-3,532,38040,wages_statfin,,,,,139656,,,,,,2,"The core duties of this occupation are fundamentally physical and interpersonal, involving manual tasks like bathing, dressing, and lifting patients in unpredictable home environments. While AI may assist with peripheral administrative tasks like scheduling or monitoring vital signs, it cannot replace the essential human presence and physical labor required for personal care.",
5322 Home-based personal care workers (Level 4),5,5322-home-based-personal-care-workers-level-4,5322,38412,wages_statfin,,Upper secondary,None,On-the-job training,31471,,2,Below average,extras_csv,,2,"The core duties of this occupation are fundamentally physical and interpersonal, involving manual tasks like bathing, dressing, and lifting patients in unpredictable home environments. While AI may assist with peripheral administrative tasks like scheduling or monitoring vital signs, it cannot replace the essential human presence and physical labor required for personal care.",
5322. (Not more specifically classified) Home-based personal care workers (Level 5),5,5322-not-more-specifically-classified-home-based-personal-care-workers-level-5,5322.,38412,wages_statfin,,Upper secondary,None,On-the-job training,0,,2,Below average,extras_csv,,1,"This craft occupation has minimal AI exposure. The work is almost entirely physical, requiring hands-on skills, manual labor, or real-time physical interaction with the environment. These tasks cannot be meaningfully automated by current or near-term AI technologies.",
53221 Household service workers (Level 5),5,53221-household-service-workers-level-5,53221,39048,wages_statfin,,Upper secondary,None,On-the-job training,23902,,2,Below average,extras_csv,,2,"The core duties of this occupation are physical and require real-time presence, such as feeding, grooming, cleaning, and physically training animals. AI may assist with peripheral administrative tasks like scheduling or monitoring animal health data, but it cannot replace the manual labor or the empathetic human-animal interaction required for the job.",
"53222 Personal care workers, family carers, etc. (Level 5)",5,53222-personal-care-workers-family-carers-etc-level-5,53222,28656,wages_statfin,,Upper secondary,None,On-the-job training,7569,,2,Below average,extras_csv,,2,"The core duties of this occupation are fundamentally physical and interpersonal, involving manual tasks like bathing, dressing, and lifting patients in unpredictable home environments. While AI may assist with peripheral administrative tasks like scheduling or monitoring vital signs, it cannot replace the essential human presence and physical labor required for personal care.",
5329 Personal care workers in health services not elsewhere classified (Level 4),5,5329-personal-care-workers-in-health-services-not-elsewhere-classified-level-4,5329,32220,wages_statfin,,Upper secondary,None,On-the-job training,13940,,2,Below average,extras_csv,,9,"This professional occupation involves extensive digital knowledge work and analytical tasks that are highly susceptible to AI automation and augmentation. The work is primarily computer-based with limited physical requirements, making it highly exposed to AI capabilities.",
53291 Dental assistants (Level 5),5,53291-dental-assistants-level-5,53291,33216,wages_statfin,,Upper secondary,None,On-the-job training,5503,,2,Below average,extras_csv,,3,"The core of the job involves physical, hands-on tasks such as sterilizing instruments, assisting in surgeries, and providing direct patient care that requires human presence and manual dexterity. While AI can significantly automate the administrative and digital aspects of the role—such as scheduling, billing, and preliminary X-ray analysis—the majority of the workday is spent in the physical dental operatory where AI cannot currently replace human labor.",
53292 Equipment maintenance assistants (Level 5),5,53292-equipment-maintenance-assistants-level-5,53292,31488,wages_statfin,,Upper secondary,None,On-the-job training,2175,,2,Below average,extras_csv,,,,
53293 Pharmaceutical assistants (Level 5),5,53293-pharmaceutical-assistants-level-5,53293,29268,wages_statfin,,Upper secondary,None,On-the-job training,2918,,2,Below average,extras_csv,,,,
53294 Massage therapists and practical rehabilitation nurses (Level 5),5,53294-massage-therapists-and-practical-rehabilitation-nurses-level-5,53294,34140,wages_statfin,,Upper secondary,None,On-the-job training,3344,,2,Below average,extras_csv,,2,"The core of this occupation is highly physical, requiring manual manipulation of soft tissues and real-time human empathy in a physical setting. While AI can assist with peripheral administrative tasks like scheduling, marketing, and documentation, it cannot replace the tactile skill and physical presence required for massage therapy.",
54 Protective services workers (Level 2),5,54-protective-services-workers-level-2,54,42276,wages_statfin,,,,,21406,,,,,,4,"The occupation is a hybrid of physical hospitality and digital-adjacent information processing. While AI and automation are significantly impacting sports book writers and slot operations through online platforms and automated betting, the core of the job for dealers and managers involves physical presence, manual dexterity, and real-time human interaction to ensure a 'pleasant experience' and monitor for physical rule violations.",
541 Protective services workers (Level 3),5,541-protective-services-workers-level-3,541,42276,wages_statfin,,,,,21406,,,,,,4,"The occupation is a hybrid of physical hospitality and digital-adjacent information processing. While AI and automation are significantly impacting sports book writers and slot operations through online platforms and automated betting, the core of the job for dealers and managers involves physical presence, manual dexterity, and real-time human interaction to ensure a 'pleasant experience' and monitor for physical rule violations.",
5411 Fire-fighters (Level 4),5,5411-fire-fighters-level-4,5411,47544,wages_statfin,,Upper secondary,None,On-the-job training,4060,,3,Stable,extras_csv,,4,"This service occupation has moderate AI exposure. While some tasks (particularly administrative and routine aspects) are susceptible to automation, the role requires physical presence, manual skills, or interpersonal interaction that provides a buffer against full automation.",
5411. Fire-fighters (Level 5),5,5411-fire-fighters-level-5,5411.,47544,wages_statfin,,Upper secondary,None,On-the-job training,4060,,3,Stable,extras_csv,,4,"This service occupation has moderate AI exposure. While some tasks (particularly administrative and routine aspects) are susceptible to automation, the role requires physical presence, manual skills, or interpersonal interaction that provides a buffer against full automation.",
5412 Police officers (Level 4),5,5412-police-officers-level-4,5412,42276,inferred,,Upper secondary,None,On-the-job training,3673,,2,Stable,extras_csv,,4,"This service occupation has moderate AI exposure. While some tasks (particularly administrative and routine aspects) are susceptible to automation, the role requires physical presence, manual skills, or interpersonal interaction that provides a buffer against full automation.",
5412. Police officers (Level 5),5,5412-police-officers-level-5,5412.,,,,Upper secondary,None,On-the-job training,3673,,2,Stable,extras_csv,,4,"This service occupation has moderate AI exposure. While some tasks (particularly administrative and routine aspects) are susceptible to automation, the role requires physical presence, manual skills, or interpersonal interaction that provides a buffer against full automation.",
5413 Prison guards (Level 4),5,5413-prison-guards-level-4,5413,41796,wages_statfin,,Upper secondary,None,On-the-job training,1691,,3,Stable,extras_csv,,4,"This service occupation has moderate AI exposure. While some tasks (particularly administrative and routine aspects) are susceptible to automation, the role requires physical presence, manual skills, or interpersonal interaction that provides a buffer against full automation.",
5413. Prison guards (Level 5),5,5413-prison-guards-level-5,5413.,41796,wages_statfin,,Upper secondary,None,On-the-job training,1691,,3,Stable,extras_csv,,4,"This service occupation has moderate AI exposure. While some tasks (particularly administrative and routine aspects) are susceptible to automation, the role requires physical presence, manual skills, or interpersonal interaction that provides a buffer against full automation.",
5414 Security guards (Level 4),5,5414-security-guards-level-4,5414,34284,wages_statfin,,Upper secondary,None,On-the-job training,10924,,2,Stable,extras_csv,,5,"The occupation is a hybrid of physical presence and digital monitoring. While AI-powered computer vision is rapidly automating the 'surveillance' and 'monitoring' aspects of the job, the core requirements of physical patrolling, detaining suspects, and responding to real-world emergencies provide a significant barrier to full automation.",
5414. Security guards (Level 5),5,5414-security-guards-level-5,5414.,34284,wages_statfin,,Upper secondary,None,On-the-job training,10924,,2,Stable,extras_csv,,5,"The occupation is a hybrid of physical presence and digital monitoring. While AI-powered computer vision is rapidly automating the 'surveillance' and 'monitoring' aspects of the job, the core requirements of physical patrolling, detaining suspects, and responding to real-world emergencies provide a significant barrier to full automation.",
5419 Protective services workers not elsewhere classified (Level 4),5,5419-protective-services-workers-not-elsewhere-classified-level-4,5419,42276,inferred,,Upper secondary,None,On-the-job training,1058,,3,Stable,extras_csv,,9,"This clerical occupation involves extensive digital knowledge work and analytical tasks that are highly susceptible to AI automation and augmentation. The work is primarily computer-based with limited physical requirements, making it highly exposed to AI capabilities.",
5419. Protective services workers not elsewhere classified (Level 5),5,5419-protective-services-workers-not-elsewhere-classified-level-5,5419.,,,,Upper secondary,None,On-the-job training,1058,,3,Stable,extras_csv,,9,"This clerical occupation involves extensive digital knowledge work and analytical tasks that are highly susceptible to AI automation and augmentation. The work is primarily computer-based with limited physical requirements, making it highly exposed to AI capabilities.",
"6  Skilled agricultural, forestry and fishery workers (Level 1)",6,6-skilled-agricultural-forestry-and-fishery-workers-level-1,6,30720,wages_statfin,,,,,47545,,,,,,0,"This elementary occupation has minimal AI exposure. The work is almost entirely physical, requiring hands-on skills, manual labor, or real-time physical interaction with the environment. These tasks cannot be meaningfully automated by current or near-term AI technologies.",
61 Market-oriented skilled agricultural workers (Level 2),6,61-market-oriented-skilled-agricultural-workers-level-2,61,30480,wages_statfin,,,,,42212,,,,,,3,"The core of this occupation involves physical labor, animal handling, and operating machinery in unpredictable outdoor environments, which provides a strong natural barrier to AI. While AI and robotics are increasingly used for precision agriculture and automated harvesting, the high cost of hardware and the need for manual dexterity in varied conditions mean human workers remain essential for the majority of tasks.",
611 Market gardeners and crop growers (Level 3),6,611-market-gardeners-and-crop-growers-level-3,611,29844,wages_statfin,,,,,18511,,,,,,2,"This agricultural occupation has low AI exposure. The work is primarily physical and hands-on, requiring manual dexterity, real-time physical coordination, or outdoor work in unpredictable environments. AI's impact is limited to peripheral support functions.",
6111 Field crop and vegetable growers (Level 4),6,6111-field-crop-and-vegetable-growers-level-4,6111,29136,wages_statfin,,Upper secondary,None,Vocational training,12088,,3,Stable,extras_csv,,2,"This agricultural occupation has low AI exposure. The work is primarily physical and hands-on, requiring manual dexterity, real-time physical coordination, or outdoor work in unpredictable environments. AI's impact is limited to peripheral support functions.",
6111. (Not more specifically classified) Field crop and vegetable growers (Level 5),6,6111-not-more-specifically-classified-field-crop-and-vegetable-growers-level-5,6111.,29136,wages_statfin,,Upper secondary,None,Vocational training,0,,3,Stable,extras_csv,,2,"This agricultural occupation has low AI exposure. The work is primarily physical and hands-on, requiring manual dexterity, real-time physical coordination, or outdoor work in unpredictable environments. AI's impact is limited to peripheral support functions.",
61111 Crop growers (Level 5),6,61111-crop-growers-level-5,61111,,,,Upper secondary,None,Vocational training,11314,,2,Below average,extras_csv,,2,"This agricultural occupation has low AI exposure. The work is primarily physical and hands-on, requiring manual dexterity, real-time physical coordination, or outdoor work in unpredictable environments. AI's impact is limited to peripheral support functions.",
61112 Field crop supervisors and workers (Level 5),6,61112-field-crop-supervisors-and-workers-level-5,61112,,,,Upper secondary,None,Vocational training,774,,2,Below average,extras_csv,,2,"This agricultural occupation has low AI exposure. The work is primarily physical and hands-on, requiring manual dexterity, real-time physical coordination, or outdoor work in unpredictable environments. AI's impact is limited to peripheral support functions.",
6112 Tree and shrub crop growers (Level 4),6,6112-tree-and-shrub-crop-growers-level-4,6112,29844,inferred,,Upper secondary,None,Vocational training,13,,2,Stable,extras_csv,,2,"This agricultural occupation has low AI exposure. The work is primarily physical and hands-on, requiring manual dexterity, real-time physical coordination, or outdoor work in unpredictable environments. AI's impact is limited to peripheral support functions.",
6112. Tree and shrub crop growers (Level 5),6,6112-tree-and-shrub-crop-growers-level-5,6112.,,,,Upper secondary,None,Vocational training,13,,2,Stable,extras_csv,,2,"This agricultural occupation has low AI exposure. The work is primarily physical and hands-on, requiring manual dexterity, real-time physical coordination, or outdoor work in unpredictable environments. AI's impact is limited to peripheral support functions.",
"6113 Gardeners, horticultural and nursery growers (Level 4)",6,6113-gardeners-horticultural-and-nursery-growers-level-4,6113,29916,wages_statfin,,Upper secondary,None,Vocational training,6400,,3,Stable,extras_csv,,1,"This agricultural occupation has minimal AI exposure. The work is almost entirely physical, requiring hands-on skills, manual labor, or real-time physical interaction with the environment. These tasks cannot be meaningfully automated by current or near-term AI technologies.",
"6113. (Not more specifically classified) Gardeners, horticultural and nursery growers (Level 5)",6,6113-not-more-specifically-classified-gardeners-horticultural-and-nursery-growers-level-5,6113.,29916,wages_statfin,,Upper secondary,None,Vocational training,0,,3,Stable,extras_csv,,9,"This professional occupation involves extensive digital knowledge work and analytical tasks that are highly susceptible to AI automation and augmentation. The work is primarily computer-based with limited physical requirements, making it highly exposed to AI capabilities.",
"61131 Gardeners, horticultural and nursery growers (Level 5)",6,61131-gardeners-horticultural-and-nursery-growers-level-5,61131,29640,wages_statfin,,Upper secondary,None,Vocational training,1244,,2,Below average,extras_csv,,1,"This agricultural occupation has minimal AI exposure. The work is almost entirely physical, requiring hands-on skills, manual labor, or real-time physical interaction with the environment. These tasks cannot be meaningfully automated by current or near-term AI technologies.",
"61132 Gardeners, horticultural and nursery growers and workers (Level 5)",6,61132-gardeners-horticultural-and-nursery-growers-and-workers-level-5,61132,29928,wages_statfin,,Upper secondary,None,Vocational training,5156,,2,Below average,extras_csv,,1,"This agricultural occupation has minimal AI exposure. The work is almost entirely physical, requiring hands-on skills, manual labor, or real-time physical interaction with the environment. These tasks cannot be meaningfully automated by current or near-term AI technologies.",
6114 Mixed crop growers (Level 4),6,6114-mixed-crop-growers-level-4,6114,29844,inferred,,Upper secondary,None,Vocational training,10,,2,Stable,extras_csv,,2,"This agricultural occupation has low AI exposure. The work is primarily physical and hands-on, requiring manual dexterity, real-time physical coordination, or outdoor work in unpredictable environments. AI's impact is limited to peripheral support functions.",
6114. Mixed crop growers (Level 5),6,6114-mixed-crop-growers-level-5,6114.,,,,Upper secondary,None,Vocational training,10,,2,Stable,extras_csv,,2,"This agricultural occupation has low AI exposure. The work is primarily physical and hands-on, requiring manual dexterity, real-time physical coordination, or outdoor work in unpredictable environments. AI's impact is limited to peripheral support functions.",
612 Animal producers (Level 3),6,612-animal-producers-level-3,612,32196,wages_statfin,,,,,18841,,,,,,2,"This agricultural occupation has low AI exposure. The work is primarily physical and hands-on, requiring manual dexterity, real-time physical coordination, or outdoor work in unpredictable environments. AI's impact is limited to peripheral support functions.",
6121 Livestock and dairy producers (Level 4),6,6121-livestock-and-dairy-producers-level-4,6121,32856,wages_statfin,,Upper secondary,None,Vocational training,16955,,3,Stable,extras_csv,,7,"Producers and directors are highly exposed because their core work products—scripts, visual aesthetics, and edited video—are increasingly being generated or enhanced by AI tools. While the role requires significant human leadership and physical presence on set, the rapid advancement of generative AI in pre-production (scripting/storyboarding) and post-production (editing/VFX) allows a single director to do the work of a much larger team, potentially consolidating the industry.",
61211 Dairy and livestock producers (Level 5),6,61211-dairy-and-livestock-producers-level-5,61211,,,,Upper secondary,None,Vocational training,11886,,2,Below average,extras_csv,,7,"Producers and directors are highly exposed because their core work products—scripts, visual aesthetics, and edited video—are increasingly being generated or enhanced by AI tools. While the role requires significant human leadership and physical presence on set, the rapid advancement of generative AI in pre-production (scripting/storyboarding) and post-production (editing/VFX) allows a single director to do the work of a much larger team, potentially consolidating the industry.",
61212 Dairy and livestock workers (Level 5),6,61212-dairy-and-livestock-workers-level-5,61212,29196,wages_statfin,,Upper secondary,None,Vocational training,2510,,2,Below average,extras_csv,,2,"The core duties of this occupation are physical and require real-time presence, such as feeding, grooming, cleaning, and physically training animals. AI may assist with peripheral administrative tasks like scheduling or monitoring animal health data, but it cannot replace the manual labor or the empathetic human-animal interaction required for the job.",
61213 Pet producers (Level 5),6,61213-pet-producers-level-5,61213,,,,Upper secondary,None,Vocational training,6,,2,Below average,extras_csv,,,,
61214 Farm relief workers (Level 5),6,61214-farm-relief-workers-level-5,61214,,,,Upper secondary,None,Vocational training,2553,,2,Below average,extras_csv,,,,
6122 Poultry producers (Level 4),6,6122-poultry-producers-level-4,6122,30696,wages_statfin,,Upper secondary,None,Vocational training,702,,2,Stable,extras_csv,,2,"This agricultural occupation has low AI exposure. The work is primarily physical and hands-on, requiring manual dexterity, real-time physical coordination, or outdoor work in unpredictable environments. AI's impact is limited to peripheral support functions.",
6122. Poultry producers (Level 5),6,6122-poultry-producers-level-5,6122.,30696,wages_statfin,,Upper secondary,None,Vocational training,702,,2,Stable,extras_csv,,2,"This agricultural occupation has low AI exposure. The work is primarily physical and hands-on, requiring manual dexterity, real-time physical coordination, or outdoor work in unpredictable environments. AI's impact is limited to peripheral support functions.",
6123 Apiarists and sericulturists (Level 4),6,6123-apiarists-and-sericulturists-level-4,6123,32196,inferred,,Upper secondary,None,Vocational training,7,,3,Stable,extras_csv,,2,"This agricultural occupation has low AI exposure. The work is primarily physical and hands-on, requiring manual dexterity, real-time physical coordination, or outdoor work in unpredictable environments. AI's impact is limited to peripheral support functions.",
6123. Apiarists and sericulturists (Level 5),6,6123-apiarists-and-sericulturists-level-5,6123.,,,,Upper secondary,None,Vocational training,7,,3,Stable,extras_csv,,2,"This agricultural occupation has low AI exposure. The work is primarily physical and hands-on, requiring manual dexterity, real-time physical coordination, or outdoor work in unpredictable environments. AI's impact is limited to peripheral support functions.",
6129 Animal producers not elsewhere classified (Level 4),6,6129-animal-producers-not-elsewhere-classified-level-4,6129,32196,inferred,,Upper secondary,None,Vocational training,1177,,2,Stable,extras_csv,,2,"This agricultural occupation has low AI exposure. The work is primarily physical and hands-on, requiring manual dexterity, real-time physical coordination, or outdoor work in unpredictable environments. AI's impact is limited to peripheral support functions.",
6129. (Not more specifically classified) Animal producers not elsewhere classified (Level 5),6,6129-not-more-specifically-classified-animal-producers-not-elsewhere-classified-level-5,6129.,,,,Upper secondary,None,Vocational training,0,,2,Stable,extras_csv,,2,"This agricultural occupation has low AI exposure. The work is primarily physical and hands-on, requiring manual dexterity, real-time physical coordination, or outdoor work in unpredictable environments. AI's impact is limited to peripheral support functions.",
61291 Fur and reindeer producers (Level 5),6,61291-fur-and-reindeer-producers-level-5,61291,30000,wages_statfin,,Upper secondary,None,Vocational training,872,,2,Below average,extras_csv,,7,"Producers and directors are highly exposed because their core work products—scripts, visual aesthetics, and edited video—are increasingly being generated or enhanced by AI tools. While the role requires significant human leadership and physical presence on set, the rapid advancement of generative AI in pre-production (scripting/storyboarding) and post-production (editing/VFX) allows a single director to do the work of a much larger team, potentially consolidating the industry.",
61299 Animal workers not elsewhere classified (Level 5),6,61299-animal-workers-not-elsewhere-classified-level-5,61299,,,,Upper secondary,None,Vocational training,305,,2,Below average,extras_csv,,9,"This clerical occupation involves extensive digital knowledge work and analytical tasks that are highly susceptible to AI automation and augmentation. The work is primarily computer-based with limited physical requirements, making it highly exposed to AI capabilities.",
613 Mixed crop and animal producers (Level 3),6,613-mixed-crop-and-animal-producers-level-3,613,30000,wages_statfin,,,,,4860,,,,,,1,"This elementary occupation has minimal AI exposure. The work is almost entirely physical, requiring hands-on skills, manual labor, or real-time physical interaction with the environment. These tasks cannot be meaningfully automated by current or near-term AI technologies.",
6130 Mixed crop and animal producers (Level 4),6,6130-mixed-crop-and-animal-producers-level-4,6130,30000,wages_statfin,,Upper secondary,None,Vocational training,4860,,3,Stable,extras_csv,,1,"This elementary occupation has minimal AI exposure. The work is almost entirely physical, requiring hands-on skills, manual labor, or real-time physical interaction with the environment. These tasks cannot be meaningfully automated by current or near-term AI technologies.",
6130. Mixed crop and animal producers (Level 5),6,6130-mixed-crop-and-animal-producers-level-5,6130.,30000,wages_statfin,,Upper secondary,None,Vocational training,4860,,3,Stable,extras_csv,,1,"This elementary occupation has minimal AI exposure. The work is almost entirely physical, requiring hands-on skills, manual labor, or real-time physical interaction with the environment. These tasks cannot be meaningfully automated by current or near-term AI technologies.",
"62 Market-oriented skilled forestry, fishery and hunting workers (Level 2)",6,62-market-oriented-skilled-forestry-fishery-and-hunting-workers-level-2,62,32232,wages_statfin,,,,,5333,,,,,,2,"The core duties of this occupation are physical and require real-time presence, such as feeding, grooming, cleaning, and physically training animals. AI may assist with peripheral administrative tasks like scheduling or monitoring animal health data, but it cannot replace the manual labor or the empathetic human-animal interaction required for the job.",
621 Forestry and related workers (Level 3),6,621-forestry-and-related-workers-level-3,621,31272,wages_statfin,,,,,4362,,,,,,2,"The core duties are highly physical and take place in unpredictable outdoor environments, requiring manual labor, mechanical repair, and real-time physical coordination. AI's impact is limited to peripheral enhancements in fish-finding sonar, GPS navigation, and regulatory data processing, but it cannot replace the physical act of hauling nets, trapping animals, or maintaining vessels.",
6210 Forestry and related workers (Level 4),6,6210-forestry-and-related-workers-level-4,6210,31272,wages_statfin,,Upper secondary,None,Vocational training,4362,,3,Stable,extras_csv,,2,"The core duties are highly physical and take place in unpredictable outdoor environments, requiring manual labor, mechanical repair, and real-time physical coordination. AI's impact is limited to peripheral enhancements in fish-finding sonar, GPS navigation, and regulatory data processing, but it cannot replace the physical act of hauling nets, trapping animals, or maintaining vessels.",
6210. Forestry and related workers (Level 5),6,6210-forestry-and-related-workers-level-5,6210.,31272,wages_statfin,,Upper secondary,None,Vocational training,4362,,3,Stable,extras_csv,,2,"The core duties are highly physical and take place in unpredictable outdoor environments, requiring manual labor, mechanical repair, and real-time physical coordination. AI's impact is limited to peripheral enhancements in fish-finding sonar, GPS navigation, and regulatory data processing, but it cannot replace the physical act of hauling nets, trapping animals, or maintaining vessels.",
"622 Fishery workers, hunters and trappers (Level 3)",6,622-fishery-workers-hunters-and-trappers-level-3,622,37008,wages_statfin,,,,,971,,,,,,2,"This agricultural occupation has low AI exposure. The work is primarily physical and hands-on, requiring manual dexterity, real-time physical coordination, or outdoor work in unpredictable environments. AI's impact is limited to peripheral support functions.",
6221 Aquaculture workers (Level 4),6,6221-aquaculture-workers-level-4,6221,36612,wages_statfin,,Upper secondary,None,Vocational training,352,,2,Stable,extras_csv,,2,"This agricultural occupation has low AI exposure. The work is primarily physical and hands-on, requiring manual dexterity, real-time physical coordination, or outdoor work in unpredictable environments. AI's impact is limited to peripheral support functions.",
6221. (Not more specifically classified) Aquaculture workers (Level 5),6,6221-not-more-specifically-classified-aquaculture-workers-level-5,6221.,36612,wages_statfin,,Upper secondary,None,Vocational training,0,,2,Stable,extras_csv,,1,"This craft occupation has minimal AI exposure. The work is almost entirely physical, requiring hands-on skills, manual labor, or real-time physical interaction with the environment. These tasks cannot be meaningfully automated by current or near-term AI technologies.",
62211 Fish farmers (Level 5),6,62211-fish-farmers-level-5,62211,,,,Upper secondary,None,Vocational training,35,,2,Below average,extras_csv,,,,
62212 Fishery supervisors and workers (Level 5),6,62212-fishery-supervisors-and-workers-level-5,62212,,,,Upper secondary,None,Vocational training,317,,2,Below average,extras_csv,,2,"The core duties of this occupation are physical and require real-time presence, such as feeding, grooming, cleaning, and physically training animals. AI may assist with peripheral administrative tasks like scheduling or monitoring animal health data, but it cannot replace the manual labor or the empathetic human-animal interaction required for the job.",
6222 Inland and coastal waters fishery workers (Level 4),6,6222-inland-and-coastal-waters-fishery-workers-level-4,6222,37008,inferred,,Upper secondary,None,Vocational training,538,,3,Stable,extras_csv,,2,"The core duties of this occupation are physical and require real-time presence, such as feeding, grooming, cleaning, and physically training animals. AI may assist with peripheral administrative tasks like scheduling or monitoring animal health data, but it cannot replace the manual labor or the empathetic human-animal interaction required for the job.",
6222. Inland and coastal waters fishery workers (Level 5),6,6222-inland-and-coastal-waters-fishery-workers-level-5,6222.,,,,Upper secondary,None,Vocational training,538,,3,Stable,extras_csv,,2,"The core duties of this occupation are physical and require real-time presence, such as feeding, grooming, cleaning, and physically training animals. AI may assist with peripheral administrative tasks like scheduling or monitoring animal health data, but it cannot replace the manual labor or the empathetic human-animal interaction required for the job.",
6224 Hunters and trappers (Level 4),6,6224-hunters-and-trappers-level-4,6224,37008,inferred,,Upper secondary,None,Vocational training,81,,3,Stable,extras_csv,,2,"This agricultural occupation has low AI exposure. The work is primarily physical and hands-on, requiring manual dexterity, real-time physical coordination, or outdoor work in unpredictable environments. AI's impact is limited to peripheral support functions.",
6224. Hunters and trappers (Level 5),6,6224-hunters-and-trappers-level-5,6224.,,,,Upper secondary,None,Vocational training,81,,3,Stable,extras_csv,,2,"This agricultural occupation has low AI exposure. The work is primarily physical and hands-on, requiring manual dexterity, real-time physical coordination, or outdoor work in unpredictable environments. AI's impact is limited to peripheral support functions.",
7  Craft and related trades workers (Level 1),7,7-craft-and-related-trades-workers-level-1,7,40980,wages_statfin,,,,,220431,,,,,,2,"The core duties are highly physical and take place in unpredictable outdoor environments, requiring manual labor, mechanical repair, and real-time physical coordination. AI's impact is limited to peripheral enhancements in fish-finding sonar, GPS navigation, and regulatory data processing, but it cannot replace the physical act of hauling nets, trapping animals, or maintaining vessels.",
"71 Building and related trades workers, excluding electricians (Level 2)",7,71-building-and-related-trades-workers-excluding-electricians-level-2,71,41064,wages_statfin,,,,,88328,,,,,,2,"The core work of an electrician is highly physical, involving manual installation, repair, and navigation of complex, unpredictable physical environments like construction sites and crawl spaces. While AI may assist with peripheral tasks like blueprint analysis, diagnostic calculations, or scheduling, it cannot perform the tactile labor or real-time physical problem-solving required for the job.",
711 Building frame and related trades workers (Level 3),7,711-building-frame-and-related-trades-workers-level-3,711,40116,wages_statfin,,Upper secondary,None,Vocational training,55005,,3,Below average,,,2,"The core duties are highly physical and take place in unpredictable outdoor environments, requiring manual labor, mechanical repair, and real-time physical coordination. AI's impact is limited to peripheral enhancements in fish-finding sonar, GPS navigation, and regulatory data processing, but it cannot replace the physical act of hauling nets, trapping animals, or maintaining vessels.",
711.  (Not more specifically classified) Building frame and related trades workers (Level 4),7,711-not-more-specifically-classified-building-frame-and-related-trades-workers-level-4,711.,,,,Upper secondary,None,Vocational training,0,,3,Below average,extras_csv,,3,"This craft occupation has low AI exposure. The work is primarily physical and hands-on, requiring manual dexterity, real-time physical coordination, or outdoor work in unpredictable environments. AI's impact is limited to peripheral support functions.",
711.. (Not more specifically classified) Building frame and related trades workers (Level 5),7,711-not-more-specifically-classified-building-frame-and-related-trades-workers-level-5,711..,40116,wages_statfin,,Upper secondary,None,Vocational training,0,,3,Below average,extras_csv,,3,"This craft occupation has low AI exposure. The work is primarily physical and hands-on, requiring manual dexterity, real-time physical coordination, or outdoor work in unpredictable environments. AI's impact is limited to peripheral support functions.",
7111 House builders (Level 4),7,7111-house-builders-level-4,7111,39384,wages_statfin,,Upper secondary,None,Vocational training,37054,,4,Below average,extras_csv,,3,"This craft occupation has low AI exposure. The work is primarily physical and hands-on, requiring manual dexterity, real-time physical coordination, or outdoor work in unpredictable environments. AI's impact is limited to peripheral support functions.",
7111. House builders (Level 5),7,7111-house-builders-level-5,7111.,39384,wages_statfin,,Upper secondary,None,Vocational training,37054,,4,Below average,extras_csv,,3,"This craft occupation has low AI exposure. The work is primarily physical and hands-on, requiring manual dexterity, real-time physical coordination, or outdoor work in unpredictable environments. AI's impact is limited to peripheral support functions.",
7112 Bricklayers and related workers (Level 4),7,7112-bricklayers-and-related-workers-level-4,7112,45288,wages_statfin,,Upper secondary,None,Vocational training,544,,3,Stable,extras_csv,,2,"The core duties are highly physical and take place in unpredictable outdoor environments, requiring manual labor, mechanical repair, and real-time physical coordination. AI's impact is limited to peripheral enhancements in fish-finding sonar, GPS navigation, and regulatory data processing, but it cannot replace the physical act of hauling nets, trapping animals, or maintaining vessels.",
7112. Bricklayers and related workers (Level 5),7,7112-bricklayers-and-related-workers-level-5,7112.,45288,wages_statfin,,Upper secondary,None,Vocational training,544,,3,Stable,extras_csv,,2,"The core duties are highly physical and take place in unpredictable outdoor environments, requiring manual labor, mechanical repair, and real-time physical coordination. AI's impact is limited to peripheral enhancements in fish-finding sonar, GPS navigation, and regulatory data processing, but it cannot replace the physical act of hauling nets, trapping animals, or maintaining vessels.",
"7113 Stonemasons, stone cutters, splitters and carvers (Level 4)",7,7113-stonemasons-stone-cutters-splitters-and-carvers-level-4,7113,39132,wages_statfin,,Upper secondary,None,Vocational training,631,,4,Below average,extras_csv,,4,"The core of the job involves physical dexterity, manual repair, and hands-on craftsmanship that AI cannot replicate. However, AI and automation are significantly impacting the design and appraisal phases through generative CAD tools and automated gemstone grading, contributing to a projected decline in total employment.",
"7113. Stonemasons, stone cutters, splitters and carvers (Level 5)",7,7113-stonemasons-stone-cutters-splitters-and-carvers-level-5,7113.,39132,wages_statfin,,Upper secondary,None,Vocational training,631,,4,Below average,extras_csv,,4,"The core of the job involves physical dexterity, manual repair, and hands-on craftsmanship that AI cannot replicate. However, AI and automation are significantly impacting the design and appraisal phases through generative CAD tools and automated gemstone grading, contributing to a projected decline in total employment.",
"7114 Concrete placers, concrete finishers and related workers (Level 4)",7,7114-concrete-placers-concrete-finishers-and-related-workers-level-4,7114,44436,wages_statfin,,Upper secondary,None,Vocational training,991,,3,Stable,extras_csv,,2,"The core duties are highly physical and take place in unpredictable outdoor environments, requiring manual labor, mechanical repair, and real-time physical coordination. AI's impact is limited to peripheral enhancements in fish-finding sonar, GPS navigation, and regulatory data processing, but it cannot replace the physical act of hauling nets, trapping animals, or maintaining vessels.",
"7114. Concrete placers, concrete finishers and related workers (Level 5)",7,7114-concrete-placers-concrete-finishers-and-related-workers-level-5,7114.,44436,wages_statfin,,Upper secondary,None,Vocational training,991,,3,Stable,extras_csv,,2,"The core duties are highly physical and take place in unpredictable outdoor environments, requiring manual labor, mechanical repair, and real-time physical coordination. AI's impact is limited to peripheral enhancements in fish-finding sonar, GPS navigation, and regulatory data processing, but it cannot replace the physical act of hauling nets, trapping animals, or maintaining vessels.",
7115 Carpenters and joiners (Level 4),7,7115-carpenters-and-joiners-level-4,7115,41724,wages_statfin,,Upper secondary,None,Vocational training,12881,,4,Below average,extras_csv,,2,"Carpentry is a highly physical occupation requiring manual dexterity, strength, and real-time problem-solving in unpredictable physical environments. While AI may assist with peripheral tasks like blueprint analysis, material estimation, or business management, the core work of cutting, fitting, and installing materials remains resistant to automation.",
7115. Carpenters and joiners (Level 5),7,7115-carpenters-and-joiners-level-5,7115.,41724,wages_statfin,,Upper secondary,None,Vocational training,12881,,4,Below average,extras_csv,,2,"Carpentry is a highly physical occupation requiring manual dexterity, strength, and real-time problem-solving in unpredictable physical environments. While AI may assist with peripheral tasks like blueprint analysis, material estimation, or business management, the core work of cutting, fitting, and installing materials remains resistant to automation.",
7119 Building frame and related trades workers not elsewhere classified (Level 4),7,7119-building-frame-and-related-trades-workers-not-elsewhere-classified-level-4,7119,38664,wages_statfin,,Upper secondary,None,Vocational training,2904,,3,Stable,extras_csv,,9,"This clerical occupation involves extensive digital knowledge work and analytical tasks that are highly susceptible to AI automation and augmentation. The work is primarily computer-based with limited physical requirements, making it highly exposed to AI capabilities.",
7119. Building frame and related trades workers not elsewhere classified (Level 5),7,7119-building-frame-and-related-trades-workers-not-elsewhere-classified-level-5,7119.,38664,wages_statfin,,Upper secondary,None,Vocational training,2904,,3,Stable,extras_csv,,9,"This clerical occupation involves extensive digital knowledge work and analytical tasks that are highly susceptible to AI automation and augmentation. The work is primarily computer-based with limited physical requirements, making it highly exposed to AI capabilities.",
712 Building finishers and related trades workers (Level 3),7,712-building-finishers-and-related-trades-workers-level-3,712,43656,wages_statfin,,Upper secondary,None,Vocational training,25177,,3,Below average,,,2,"The core duties are highly physical and take place in unpredictable outdoor environments, requiring manual labor, mechanical repair, and real-time physical coordination. AI's impact is limited to peripheral enhancements in fish-finding sonar, GPS navigation, and regulatory data processing, but it cannot replace the physical act of hauling nets, trapping animals, or maintaining vessels.",
712.  (Not more specifically classified) Building finishers and related trades workers (Level 4),7,712-not-more-specifically-classified-building-finishers-and-related-trades-workers-level-4,712.,,,,Upper secondary,None,Vocational training,0,,3,Below average,extras_csv,,3,"This craft occupation has low AI exposure. The work is primarily physical and hands-on, requiring manual dexterity, real-time physical coordination, or outdoor work in unpredictable environments. AI's impact is limited to peripheral support functions.",
712.. (Not more specifically classified) Building finishers and related trades workers (Level 5),7,712-not-more-specifically-classified-building-finishers-and-related-trades-workers-level-5,712..,43656,wages_statfin,,Upper secondary,None,Vocational training,0,,3,Below average,extras_csv,,3,"This craft occupation has low AI exposure. The work is primarily physical and hands-on, requiring manual dexterity, real-time physical coordination, or outdoor work in unpredictable environments. AI's impact is limited to peripheral support functions.",
7121 Roofers (Level 4),7,7121-roofers-level-4,7121,42588,wages_statfin,,Upper secondary,None,Vocational training,2214,,3,Stable,extras_csv,,1,"Roofing is a highly physical occupation performed in unpredictable outdoor environments that require manual dexterity, balance, and heavy lifting. While AI might assist with peripheral tasks like drone-based inspections or material estimation, the core work of installing and repairing shingles and membranes remains entirely dependent on human labor.",
7121. Roofers (Level 5),7,7121-roofers-level-5,7121.,42588,wages_statfin,,Upper secondary,None,Vocational training,2214,,3,Stable,extras_csv,,1,"Roofing is a highly physical occupation performed in unpredictable outdoor environments that require manual dexterity, balance, and heavy lifting. While AI might assist with peripheral tasks like drone-based inspections or material estimation, the core work of installing and repairing shingles and membranes remains entirely dependent on human labor.",
7122 Floor layers and tile setters (Level 4),7,7122-floor-layers-and-tile-setters-level-4,7122,45252,wages_statfin,,Upper secondary,None,Vocational training,1890,,4,Below average,extras_csv,,1,"The core duties of this occupation are entirely physical, involving manual dexterity, heavy lifting, and real-time adaptation to irregular physical surfaces in unpredictable environments. While AI might assist with minor administrative tasks or design visualization, it cannot perform the tactile labor of cutting, laying, and finishing materials on-site.",
7122. Floor layers and tile setters (Level 5),7,7122-floor-layers-and-tile-setters-level-5,7122.,45252,wages_statfin,,Upper secondary,None,Vocational training,1890,,4,Below average,extras_csv,,1,"The core duties of this occupation are entirely physical, involving manual dexterity, heavy lifting, and real-time adaptation to irregular physical surfaces in unpredictable environments. While AI might assist with minor administrative tasks or design visualization, it cannot perform the tactile labor of cutting, laying, and finishing materials on-site.",
7123 Plasterers (Level 4),7,7123-plasterers-level-4,7123,42672,wages_statfin,,Upper secondary,None,Vocational training,552,,3,Stable,extras_csv,,3,"This craft occupation has low AI exposure. The work is primarily physical and hands-on, requiring manual dexterity, real-time physical coordination, or outdoor work in unpredictable environments. AI's impact is limited to peripheral support functions.",
7123. Plasterers (Level 5),7,7123-plasterers-level-5,7123.,42672,wages_statfin,,Upper secondary,None,Vocational training,552,,3,Stable,extras_csv,,3,"This craft occupation has low AI exposure. The work is primarily physical and hands-on, requiring manual dexterity, real-time physical coordination, or outdoor work in unpredictable environments. AI's impact is limited to peripheral support functions.",
7124 Insulation workers (Level 4),7,7124-insulation-workers-level-4,7124,41472,wages_statfin,,Upper secondary,None,Vocational training,2072,,4,Below average,extras_csv,,2,"The core duties of this occupation are highly physical and require manual dexterity in unpredictable, confined environments like attics and crawl spaces. AI has minimal impact on the physical installation of materials, though it may slightly assist with peripheral tasks like blueprint analysis or material estimation.",
7124. Insulation workers (Level 5),7,7124-insulation-workers-level-5,7124.,41472,wages_statfin,,Upper secondary,None,Vocational training,2072,,4,Below average,extras_csv,,2,"The core duties of this occupation are highly physical and require manual dexterity in unpredictable, confined environments like attics and crawl spaces. AI has minimal impact on the physical installation of materials, though it may slightly assist with peripheral tasks like blueprint analysis or material estimation.",
7125 Glaziers (Level 4),7,7125-glaziers-level-4,7125,36600,wages_statfin,,Upper secondary,None,Vocational training,715,,3,Stable,extras_csv,,2,"The core work of a glazier is highly physical, requiring manual dexterity, strength, and real-time problem-solving in unpredictable construction environments. While AI might assist with peripheral tasks like blueprint analysis or precision measurements, the actual installation, cutting, and securing of glass in the physical world remain well beyond current AI and robotic capabilities.",
7125. Glaziers (Level 5),7,7125-glaziers-level-5,7125.,36600,wages_statfin,,Upper secondary,None,Vocational training,715,,3,Stable,extras_csv,,2,"The core work of a glazier is highly physical, requiring manual dexterity, strength, and real-time problem-solving in unpredictable construction environments. While AI might assist with peripheral tasks like blueprint analysis or precision measurements, the actual installation, cutting, and securing of glass in the physical world remain well beyond current AI and robotic capabilities.",
7126 Plumbers and pipe fitters (Level 4),7,7126-plumbers-and-pipe-fitters-level-4,7126,44388,wages_statfin,,Upper secondary,None,Vocational training,14935,,4,Below average,extras_csv,,2,"The core duties of this occupation are highly physical, requiring manual dexterity, strength, and real-time problem-solving in unpredictable physical environments like crawl spaces and construction sites. While AI may assist with peripheral tasks like cost estimation, blueprint analysis via BIM, and scheduling, it cannot perform the essential hands-on installation and repair work.",
7126. Plumbers and pipe fitters (Level 5),7,7126-plumbers-and-pipe-fitters-level-5,7126.,44388,wages_statfin,,Upper secondary,None,Vocational training,14935,,4,Below average,extras_csv,,2,"The core duties of this occupation are highly physical, requiring manual dexterity, strength, and real-time problem-solving in unpredictable physical environments like crawl spaces and construction sites. While AI may assist with peripheral tasks like cost estimation, blueprint analysis via BIM, and scheduling, it cannot perform the essential hands-on installation and repair work.",
7127 Air conditioning and refrigeration mechanics (Level 4),7,7127-air-conditioning-and-refrigeration-mechanics-level-4,7127,43752,wages_statfin,,Upper secondary,None,Vocational training,2799,,3,Stable,extras_csv,,2,"The core of this occupation involves physical labor, manual dexterity, and real-time problem solving in unpredictable physical environments, which are highly resistant to AI. While AI may assist with peripheral tasks like diagnostic software, scheduling, or energy load calculations, it cannot perform the physical installation, repair, or handling of hazardous materials required for the job.",
7127. Air conditioning and refrigeration mechanics (Level 5),7,7127-air-conditioning-and-refrigeration-mechanics-level-5,7127.,43752,wages_statfin,,Upper secondary,None,Vocational training,2799,,3,Stable,extras_csv,,2,"The core of this occupation involves physical labor, manual dexterity, and real-time problem solving in unpredictable physical environments, which are highly resistant to AI. While AI may assist with peripheral tasks like diagnostic software, scheduling, or energy load calculations, it cannot perform the physical installation, repair, or handling of hazardous materials required for the job.",
"713 Painters, building structure cleaners and related trades workers (Level 3)",7,713-painters-building-structure-cleaners-and-related-trades-workers-level-3,713,38256,wages_statfin,,Upper secondary,None,Vocational training,8146,,3,Below average,,,2,"The core duties are highly physical and take place in unpredictable outdoor environments, requiring manual labor, mechanical repair, and real-time physical coordination. AI's impact is limited to peripheral enhancements in fish-finding sonar, GPS navigation, and regulatory data processing, but it cannot replace the physical act of hauling nets, trapping animals, or maintaining vessels.",
"713.  (Not more specifically classified) Painters, building structure cleaners and related trades workers (Level 4)",7,713-not-more-specifically-classified-painters-building-structure-cleaners-and-related-trades-workers-level-4,713.,,,,Upper secondary,None,Vocational training,0,,3,Below average,extras_csv,,3,"This craft occupation has low AI exposure. The work is primarily physical and hands-on, requiring manual dexterity, real-time physical coordination, or outdoor work in unpredictable environments. AI's impact is limited to peripheral support functions.",
"713.. (Not more specifically classified) Painters, building structure cleaners and related trades workers (Level 5)",7,713-not-more-specifically-classified-painters-building-structure-cleaners-and-related-trades-workers-level-5,713..,38256,wages_statfin,,Upper secondary,None,Vocational training,0,,3,Below average,extras_csv,,3,"This craft occupation has low AI exposure. The work is primarily physical and hands-on, requiring manual dexterity, real-time physical coordination, or outdoor work in unpredictable environments. AI's impact is limited to peripheral support functions.",
7131 Painters and related workers (Level 4),7,7131-painters-and-related-workers-level-4,7131,39228,wages_statfin,,Upper secondary,None,Vocational training,5385,,3,Stable,extras_csv,,2,"The core duties are highly physical and take place in unpredictable outdoor environments, requiring manual labor, mechanical repair, and real-time physical coordination. AI's impact is limited to peripheral enhancements in fish-finding sonar, GPS navigation, and regulatory data processing, but it cannot replace the physical act of hauling nets, trapping animals, or maintaining vessels.",
7131. Painters and related workers (Level 5),7,7131-painters-and-related-workers-level-5,7131.,39228,wages_statfin,,Upper secondary,None,Vocational training,5385,,3,Stable,extras_csv,,2,"The core duties are highly physical and take place in unpredictable outdoor environments, requiring manual labor, mechanical repair, and real-time physical coordination. AI's impact is limited to peripheral enhancements in fish-finding sonar, GPS navigation, and regulatory data processing, but it cannot replace the physical act of hauling nets, trapping animals, or maintaining vessels.",
7132 Spray painters and varnishers (Level 4),7,7132-spray-painters-and-varnishers-level-4,7132,36900,wages_statfin,,Upper secondary,None,Vocational training,1819,,4,Below average,extras_csv,,1,"The core duties of this occupation are entirely physical, requiring manual dexterity, mobility at heights, and real-time adaptation to unpredictable physical environments. While AI might assist with peripheral business tasks like estimating or scheduling, it cannot perform the labor-intensive tasks of surface preparation and paint application.",
7132. Spray painters and varnishers (Level 5),7,7132-spray-painters-and-varnishers-level-5,7132.,36900,wages_statfin,,Upper secondary,None,Vocational training,1819,,4,Below average,extras_csv,,1,"The core duties of this occupation are entirely physical, requiring manual dexterity, mobility at heights, and real-time adaptation to unpredictable physical environments. While AI might assist with peripheral business tasks like estimating or scheduling, it cannot perform the labor-intensive tasks of surface preparation and paint application.",
7133 Building structure cleaners (Level 4),7,7133-building-structure-cleaners-level-4,7133,36000,wages_statfin,,Upper secondary,None,Vocational training,942,,3,Stable,extras_csv,,1,"The core duties of this occupation are almost entirely physical, involving manual labor in unpredictable and varied environments like schools, hospitals, and construction sites. While AI might assist with minor administrative tasks like supply ordering or scheduling, the primary work of cleaning, disinfecting, and making physical repairs remains a significant barrier to AI and robotic automation.",
7133. Building structure cleaners (Level 5),7,7133-building-structure-cleaners-level-5,7133.,36000,wages_statfin,,Upper secondary,None,Vocational training,942,,3,Stable,extras_csv,,1,"The core duties of this occupation are almost entirely physical, involving manual labor in unpredictable and varied environments like schools, hospitals, and construction sites. While AI might assist with minor administrative tasks like supply ordering or scheduling, the primary work of cleaning, disinfecting, and making physical repairs remains a significant barrier to AI and robotic automation.",
"72 Metal, machinery and related trades workers (Level 2)",7,72-metal-machinery-and-related-trades-workers-level-2,72,40452,wages_statfin,,,,,77269,,,,,,2,"The core duties are highly physical and take place in unpredictable outdoor environments, requiring manual labor, mechanical repair, and real-time physical coordination. AI's impact is limited to peripheral enhancements in fish-finding sonar, GPS navigation, and regulatory data processing, but it cannot replace the physical act of hauling nets, trapping animals, or maintaining vessels.",
"721 Sheet and structural metal workers, moulders and welders, and related workers (Level 3)",7,721-sheet-and-structural-metal-workers-moulders-and-welders-and-related-workers-level-3,721,39924,wages_statfin,,Upper secondary,None,Vocational training,13346,,3,Below average,,,2,"The core duties are highly physical and take place in unpredictable outdoor environments, requiring manual labor, mechanical repair, and real-time physical coordination. AI's impact is limited to peripheral enhancements in fish-finding sonar, GPS navigation, and regulatory data processing, but it cannot replace the physical act of hauling nets, trapping animals, or maintaining vessels.",
"721.  (Not more specifically classified) Sheet and structural metal workers, moulders and welders, and related workers (Level 4)",7,721-not-more-specifically-classified-sheet-and-structural-metal-workers-moulders-and-welders-and-related-workers-level-4,721.,,,,Upper secondary,None,Vocational training,0,,3,Below average,extras_csv,,1,"This craft occupation has minimal AI exposure. The work is almost entirely physical, requiring hands-on skills, manual labor, or real-time physical interaction with the environment. These tasks cannot be meaningfully automated by current or near-term AI technologies.",
"721.. (Not more specifically classified) Sheet and structural metal workers, moulders and welders, and related workers (Level 5)",7,721-not-more-specifically-classified-sheet-and-structural-metal-workers-moulders-and-welders-and-related-workers-level-5,721..,39924,wages_statfin,,Upper secondary,None,Vocational training,0,,3,Below average,extras_csv,,1,"This craft occupation has minimal AI exposure. The work is almost entirely physical, requiring hands-on skills, manual labor, or real-time physical interaction with the environment. These tasks cannot be meaningfully automated by current or near-term AI technologies.",
7211 Metal moulders and coremakers (Level 4),7,7211-metal-moulders-and-coremakers-level-4,7211,38496,wages_statfin,,Upper secondary,None,Vocational training,872,,4,Below average,extras_csv,,4,"The core of the job involves physical dexterity, manual repair, and hands-on craftsmanship that AI cannot replicate. However, AI and automation are significantly impacting the design and appraisal phases through generative CAD tools and automated gemstone grading, contributing to a projected decline in total employment.",
7211. Metal moulders and coremakers (Level 5),7,7211-metal-moulders-and-coremakers-level-5,7211.,38496,wages_statfin,,Upper secondary,None,Vocational training,872,,4,Below average,extras_csv,,4,"The core of the job involves physical dexterity, manual repair, and hands-on craftsmanship that AI cannot replicate. However, AI and automation are significantly impacting the design and appraisal phases through generative CAD tools and automated gemstone grading, contributing to a projected decline in total employment.",
7212 Welders and flamecutters (Level 4),7,7212-welders-and-flamecutters-level-4,7212,39780,wages_statfin,,Upper secondary,None,Vocational training,7212,,3,Stable,extras_csv,,2,"The core of this occupation is highly physical, requiring manual dexterity, physical stamina, and real-time adaptation to unpredictable environments like construction sites or repair shops. While AI and robotics can automate routine assembly-line welding, the specialized, non-routine tasks and the need for physical presence in varied locations provide a strong barrier against AI displacement.",
7212. Welders and flamecutters (Level 5),7,7212-welders-and-flamecutters-level-5,7212.,39780,wages_statfin,,Upper secondary,None,Vocational training,7212,,3,Stable,extras_csv,,2,"The core of this occupation is highly physical, requiring manual dexterity, physical stamina, and real-time adaptation to unpredictable environments like construction sites or repair shops. While AI and robotics can automate routine assembly-line welding, the specialized, non-routine tasks and the need for physical presence in varied locations provide a strong barrier against AI displacement.",
7213 Sheet-metal workers (Level 4),7,7213-sheet-metal-workers-level-4,7213,40800,wages_statfin,,Upper secondary,None,Vocational training,3556,,4,Below average,extras_csv,,3,"The core of this occupation involves physical labor, manual dexterity, and on-site installation in unpredictable construction environments, which are highly resistant to AI. While AI and computer-controlled machinery (CADD, lasers, and automated presses) are increasingly used in the fabrication phase, the majority of the work—including installation, maintenance, and complex physical maneuvering—cannot be performed by digital tools.",
7213. Sheet-metal workers (Level 5),7,7213-sheet-metal-workers-level-5,7213.,40800,wages_statfin,,Upper secondary,None,Vocational training,3556,,4,Below average,extras_csv,,3,"The core of this occupation involves physical labor, manual dexterity, and on-site installation in unpredictable construction environments, which are highly resistant to AI. While AI and computer-controlled machinery (CADD, lasers, and automated presses) are increasingly used in the fabrication phase, the majority of the work—including installation, maintenance, and complex physical maneuvering—cannot be performed by digital tools.",
7214 Structural-metal preparers and erectors (Level 4),7,7214-structural-metal-preparers-and-erectors-level-4,7214,40056,wages_statfin,,Upper secondary,None,Vocational training,1680,,3,Stable,extras_csv,,1,"Ironworking is a highly physical occupation performed in unpredictable, outdoor environments and at great heights, which provides a significant natural barrier to AI and robotics. While AI might assist with peripheral tasks like blueprint analysis or site scheduling, the core duties of manual welding, bolting, and balancing on structural beams require real-time human dexterity and physical presence that cannot be automated with current or near-future technology.",
7214. Structural-metal preparers and erectors (Level 5),7,7214-structural-metal-preparers-and-erectors-level-5,7214.,40056,wages_statfin,,Upper secondary,None,Vocational training,1680,,3,Stable,extras_csv,,1,"Ironworking is a highly physical occupation performed in unpredictable, outdoor environments and at great heights, which provides a significant natural barrier to AI and robotics. While AI might assist with peripheral tasks like blueprint analysis or site scheduling, the core duties of manual welding, bolting, and balancing on structural beams require real-time human dexterity and physical presence that cannot be automated with current or near-future technology.",
7215 Riggers and cable splicers (Level 4),7,7215-riggers-and-cable-splicers-level-4,7215,29844,wages_statfin,,Upper secondary,None,Vocational training,26,,3,Below average,extras_csv,,3,"This craft occupation has low AI exposure. The work is primarily physical and hands-on, requiring manual dexterity, real-time physical coordination, or outdoor work in unpredictable environments. AI's impact is limited to peripheral support functions.",
7215. Riggers and cable splicers (Level 5),7,7215-riggers-and-cable-splicers-level-5,7215.,29844,wages_statfin,,Upper secondary,None,Vocational training,26,,3,Below average,extras_csv,,3,"This craft occupation has low AI exposure. The work is primarily physical and hands-on, requiring manual dexterity, real-time physical coordination, or outdoor work in unpredictable environments. AI's impact is limited to peripheral support functions.",
"722 Blacksmiths, toolmakers and related trades workers (Level 3)",7,722-blacksmiths-toolmakers-and-related-trades-workers-level-3,722,39660,wages_statfin,,Upper secondary,None,Vocational training,19802,,3,Below average,,,2,"The core duties are highly physical and take place in unpredictable outdoor environments, requiring manual labor, mechanical repair, and real-time physical coordination. AI's impact is limited to peripheral enhancements in fish-finding sonar, GPS navigation, and regulatory data processing, but it cannot replace the physical act of hauling nets, trapping animals, or maintaining vessels.",
"722.  (Not more specifically classified) Blacksmiths, toolmakers and related trades workers (Level 4)",7,722-not-more-specifically-classified-blacksmiths-toolmakers-and-related-trades-workers-level-4,722.,,,,Upper secondary,None,Vocational training,0,,3,Below average,extras_csv,,3,"This craft occupation has low AI exposure. The work is primarily physical and hands-on, requiring manual dexterity, real-time physical coordination, or outdoor work in unpredictable environments. AI's impact is limited to peripheral support functions.",
"722.. (Not more specifically classified) Blacksmiths, toolmakers and related trades workers (Level 5)",7,722-not-more-specifically-classified-blacksmiths-toolmakers-and-related-trades-workers-level-5,722..,39660,wages_statfin,,Upper secondary,None,Vocational training,0,,3,Below average,extras_csv,,3,"This craft occupation has low AI exposure. The work is primarily physical and hands-on, requiring manual dexterity, real-time physical coordination, or outdoor work in unpredictable environments. AI's impact is limited to peripheral support functions.",
"7221 Blacksmiths, hammersmiths and forging press workers (Level 4)",7,7221-blacksmiths-hammersmiths-and-forging-press-workers-level-4,7221,40776,wages_statfin,,Upper secondary,None,Vocational training,185,,3,Stable,extras_csv,,2,"The core duties of this occupation are physical and require real-time presence, such as feeding, grooming, cleaning, and physically training animals. AI may assist with peripheral administrative tasks like scheduling or monitoring animal health data, but it cannot replace the manual labor or the empathetic human-animal interaction required for the job.",
"7221. Blacksmiths, hammersmiths and forging press workers (Level 5)",7,7221-blacksmiths-hammersmiths-and-forging-press-workers-level-5,7221.,40776,wages_statfin,,Upper secondary,None,Vocational training,185,,3,Stable,extras_csv,,2,"The core duties of this occupation are physical and require real-time presence, such as feeding, grooming, cleaning, and physically training animals. AI may assist with peripheral administrative tasks like scheduling or monitoring animal health data, but it cannot replace the manual labor or the empathetic human-animal interaction required for the job.",
7222 Toolmakers and related workers (Level 4),7,7222-toolmakers-and-related-workers-level-4,7222,38856,wages_statfin,,Upper secondary,None,Vocational training,4956,,4,Below average,extras_csv,,2,"The core duties are highly physical and take place in unpredictable outdoor environments, requiring manual labor, mechanical repair, and real-time physical coordination. AI's impact is limited to peripheral enhancements in fish-finding sonar, GPS navigation, and regulatory data processing, but it cannot replace the physical act of hauling nets, trapping animals, or maintaining vessels.",
7222. Toolmakers and related workers (Level 5),7,7222-toolmakers-and-related-workers-level-5,7222.,38856,wages_statfin,,Upper secondary,None,Vocational training,4956,,4,Below average,extras_csv,,2,"The core duties are highly physical and take place in unpredictable outdoor environments, requiring manual labor, mechanical repair, and real-time physical coordination. AI's impact is limited to peripheral enhancements in fish-finding sonar, GPS navigation, and regulatory data processing, but it cannot replace the physical act of hauling nets, trapping animals, or maintaining vessels.",
7223 Metal working machine tool setters and operators (Level 4),7,7223-metal-working-machine-tool-setters-and-operators-level-4,7223,40068,wages_statfin,,Upper secondary,None,Vocational training,13735,,3,Stable,extras_csv,,4,"The core of the work is physical and requires presence on a factory floor to handle materials and maintain machinery. However, AI and advanced automation are increasingly capable of handling the digital aspects of the job, such as CNC programming, machine monitoring, and quality inspection, which is already contributing to a projected decline in employment.",
7223. Metal working machine tool setters and operators (Level 5),7,7223-metal-working-machine-tool-setters-and-operators-level-5,7223.,40068,wages_statfin,,Upper secondary,None,Vocational training,13735,,3,Stable,extras_csv,,4,"The core of the work is physical and requires presence on a factory floor to handle materials and maintain machinery. However, AI and advanced automation are increasingly capable of handling the digital aspects of the job, such as CNC programming, machine monitoring, and quality inspection, which is already contributing to a projected decline in employment.",
"7224 Metal polishers, wheel grinders and tool sharpeners (Level 4)",7,7224-metal-polishers-wheel-grinders-and-tool-sharpeners-level-4,7224,37716,wages_statfin,,Upper secondary,None,Vocational training,926,,4,Below average,extras_csv,,4,"The core of the job involves physical dexterity, manual repair, and hands-on craftsmanship that AI cannot replicate. However, AI and automation are significantly impacting the design and appraisal phases through generative CAD tools and automated gemstone grading, contributing to a projected decline in total employment.",
"7224. Metal polishers, wheel grinders and tool sharpeners (Level 5)",7,7224-metal-polishers-wheel-grinders-and-tool-sharpeners-level-5,7224.,37716,wages_statfin,,Upper secondary,None,Vocational training,926,,4,Below average,extras_csv,,4,"The core of the job involves physical dexterity, manual repair, and hands-on craftsmanship that AI cannot replicate. However, AI and automation are significantly impacting the design and appraisal phases through generative CAD tools and automated gemstone grading, contributing to a projected decline in total employment.",
723 Machinery mechanics and repairers (Level 3),7,723-machinery-mechanics-and-repairers-level-3,723,41124,wages_statfin,,Upper secondary,None,Vocational training,44121,,3,Below average,,,3,"The core of this occupation involves physical labor, manual dexterity, and real-time troubleshooting in unpredictable physical environments, which provides a strong barrier against AI automation. While AI will significantly enhance diagnostic capabilities and predictive maintenance scheduling, the actual repair, installation, and physical manipulation of heavy machinery still require human presence and mechanical skill.",
723.  (Not more specifically classified) Machinery mechanics and repairers (Level 4),7,723-not-more-specifically-classified-machinery-mechanics-and-repairers-level-4,723.,,,,Upper secondary,None,Vocational training,0,,3,Below average,extras_csv,,9,"This professional occupation involves extensive digital knowledge work and analytical tasks that are highly susceptible to AI automation and augmentation. The work is primarily computer-based with limited physical requirements, making it highly exposed to AI capabilities.",
723.. (Not more specifically classified) Machinery mechanics and repairers (Level 5),7,723-not-more-specifically-classified-machinery-mechanics-and-repairers-level-5,723..,41124,wages_statfin,,Upper secondary,None,Vocational training,0,,3,Below average,extras_csv,,9,"This professional occupation involves extensive digital knowledge work and analytical tasks that are highly susceptible to AI automation and augmentation. The work is primarily computer-based with limited physical requirements, making it highly exposed to AI capabilities.",
7231 Motor vehicle mechanics and repairers (Level 4),7,7231-motor-vehicle-mechanics-and-repairers-level-4,7231,38796,wages_statfin,,Upper secondary,None,Vocational training,24073,,3,Stable,extras_csv,,3,"The core of this occupation involves physical labor, manual dexterity, and real-time troubleshooting in a physical environment, which provides a strong barrier against AI automation. While AI will significantly enhance diagnostic capabilities, predictive maintenance, and the interpretation of flight data, the actual repair, assembly, and FAA-regulated physical inspections must still be performed by human technicians.",
7231. Motor vehicle mechanics and repairers (Level 5),7,7231-motor-vehicle-mechanics-and-repairers-level-5,7231.,38796,wages_statfin,,Upper secondary,None,Vocational training,24073,,3,Stable,extras_csv,,3,"The core of this occupation involves physical labor, manual dexterity, and real-time troubleshooting in a physical environment, which provides a strong barrier against AI automation. While AI will significantly enhance diagnostic capabilities, predictive maintenance, and the interpretation of flight data, the actual repair, assembly, and FAA-regulated physical inspections must still be performed by human technicians.",
7232 Aircraft engine mechanics and repairers (Level 4),7,7232-aircraft-engine-mechanics-and-repairers-level-4,7232,49272,wages_statfin,,Upper secondary,None,Vocational training,1086,,4,Below average,extras_csv,,3,"The core of this occupation involves physical labor, manual dexterity, and real-time troubleshooting in a physical environment, which provides a strong barrier against AI automation. While AI will significantly enhance diagnostic capabilities, predictive maintenance, and the interpretation of flight data, the actual repair, assembly, and FAA-regulated physical inspections must still be performed by human technicians.",
7232. Aircraft engine mechanics and repairers (Level 5),7,7232-aircraft-engine-mechanics-and-repairers-level-5,7232.,49272,wages_statfin,,Upper secondary,None,Vocational training,1086,,4,Below average,extras_csv,,3,"The core of this occupation involves physical labor, manual dexterity, and real-time troubleshooting in a physical environment, which provides a strong barrier against AI automation. While AI will significantly enhance diagnostic capabilities, predictive maintenance, and the interpretation of flight data, the actual repair, assembly, and FAA-regulated physical inspections must still be performed by human technicians.",
7233 Agricultural and industrial machinery mechanics and repairers (Level 4),7,7233-agricultural-and-industrial-machinery-mechanics-and-repairers-level-4,7233,43116,wages_statfin,,Upper secondary,None,Vocational training,18713,,3,Below average,extras_csv,,3,"The core of this occupation involves physical labor, manual dexterity, and real-time troubleshooting in unpredictable physical environments, which provides a strong barrier against AI automation. While AI will significantly enhance diagnostic capabilities and predictive maintenance scheduling, the actual repair, installation, and physical manipulation of heavy machinery still require human presence and mechanical skill.",
7233. Agricultural and industrial machinery mechanics and repairers (Level 5),7,7233-agricultural-and-industrial-machinery-mechanics-and-repairers-level-5,7233.,43116,wages_statfin,,Upper secondary,None,Vocational training,18713,,3,Below average,extras_csv,,3,"The core of this occupation involves physical labor, manual dexterity, and real-time troubleshooting in unpredictable physical environments, which provides a strong barrier against AI automation. While AI will significantly enhance diagnostic capabilities and predictive maintenance scheduling, the actual repair, installation, and physical manipulation of heavy machinery still require human presence and mechanical skill.",
7234 Bicycle and related repairers (Level 4),7,7234-bicycle-and-related-repairers-level-4,7234,30948,wages_statfin,,Upper secondary,None,Vocational training,249,,3,Below average,extras_csv,,2,"The core tasks are highly physical, involving manual dexterity, welding, and the use of pneumatic tools in unpredictable repair environments that are difficult to automate. AI's primary impact is limited to peripheral administrative tasks like cost estimation and damage assessment via computer vision, but the physical restoration of vehicles remains a human-centric trade.",
7234. Bicycle and related repairers (Level 5),7,7234-bicycle-and-related-repairers-level-5,7234.,30948,wages_statfin,,Upper secondary,None,Vocational training,249,,3,Below average,extras_csv,,2,"The core tasks are highly physical, involving manual dexterity, welding, and the use of pneumatic tools in unpredictable repair environments that are difficult to automate. AI's primary impact is limited to peripheral administrative tasks like cost estimation and damage assessment via computer vision, but the physical restoration of vehicles remains a human-centric trade.",
73 Handicraft and printing workers (Level 2),7,73-handicraft-and-printing-workers-level-2,73,36240,wages_statfin,,,,,4796,,,,,,2,"The core duties of this occupation are physical and require real-time presence, such as feeding, grooming, cleaning, and physically training animals. AI may assist with peripheral administrative tasks like scheduling or monitoring animal health data, but it cannot replace the manual labor or the empathetic human-animal interaction required for the job.",
731 Handicraft workers (Level 3),7,731-handicraft-workers-level-3,731,35580,wages_statfin,,Upper secondary,None,Vocational training,1636,,3,Below average,,,1,"This craft occupation has minimal AI exposure. The work is almost entirely physical, requiring hands-on skills, manual labor, or real-time physical interaction with the environment. These tasks cannot be meaningfully automated by current or near-term AI technologies.",
731.  (Not more specifically classified) Handicraft workers (Level 4),7,731-not-more-specifically-classified-handicraft-workers-level-4,731.,,,,Upper secondary,None,Vocational training,0,,3,Below average,extras_csv,,1,"This craft occupation has minimal AI exposure. The work is almost entirely physical, requiring hands-on skills, manual labor, or real-time physical interaction with the environment. These tasks cannot be meaningfully automated by current or near-term AI technologies.",
731.. (Not more specifically classified) Handicraft workers (Level 5),7,731-not-more-specifically-classified-handicraft-workers-level-5,731..,35580,wages_statfin,,Upper secondary,None,Vocational training,0,,3,Below average,extras_csv,,1,"This craft occupation has minimal AI exposure. The work is almost entirely physical, requiring hands-on skills, manual labor, or real-time physical interaction with the environment. These tasks cannot be meaningfully automated by current or near-term AI technologies.",
7311 Precision-instrument makers and repairers (Level 4),7,7311-precision-instrument-makers-and-repairers-level-4,7311,38316,wages_statfin,,Upper secondary,None,Vocational training,644,,3,Stable,extras_csv,,2,"The core tasks are highly physical, involving manual dexterity, welding, and the use of pneumatic tools in unpredictable repair environments that are difficult to automate. AI's primary impact is limited to peripheral administrative tasks like cost estimation and damage assessment via computer vision, but the physical restoration of vehicles remains a human-centric trade.",
7311. Precision-instrument makers and repairers (Level 5),7,7311-precision-instrument-makers-and-repairers-level-5,7311.,38316,wages_statfin,,Upper secondary,None,Vocational training,644,,3,Stable,extras_csv,,2,"The core tasks are highly physical, involving manual dexterity, welding, and the use of pneumatic tools in unpredictable repair environments that are difficult to automate. AI's primary impact is limited to peripheral administrative tasks like cost estimation and damage assessment via computer vision, but the physical restoration of vehicles remains a human-centric trade.",
7312 Musical instrument makers and tuners (Level 4),7,7312-musical-instrument-makers-and-tuners-level-4,7312,35580,inferred,,Upper secondary,None,Vocational training,122,,4,Below average,extras_csv,,4,"The role involves a significant physical component, including manual dexterity, machine setup, and material handling in a factory environment. However, AI and advanced automation are increasingly capable of optimizing CNC programming, interpreting CAD designs, and monitoring machine health, which increases worker productivity and reduces the demand for traditional tool and die making skills.",
7312. Musical instrument makers and tuners (Level 5),7,7312-musical-instrument-makers-and-tuners-level-5,7312.,,,,Upper secondary,None,Vocational training,122,,4,Below average,extras_csv,,4,"The role involves a significant physical component, including manual dexterity, machine setup, and material handling in a factory environment. However, AI and advanced automation are increasingly capable of optimizing CNC programming, interpreting CAD designs, and monitoring machine health, which increases worker productivity and reduces the demand for traditional tool and die making skills.",
7313 Jewellery and precious-metal workers (Level 4),7,7313-jewellery-and-precious-metal-workers-level-4,7313,35736,wages_statfin,,Upper secondary,None,Vocational training,460,,3,Stable,extras_csv,,4,"The core of the job involves physical dexterity, manual repair, and hands-on craftsmanship that AI cannot replicate. However, AI and automation are significantly impacting the design and appraisal phases through generative CAD tools and automated gemstone grading, contributing to a projected decline in total employment.",
7313. Jewellery and precious-metal workers (Level 5),7,7313-jewellery-and-precious-metal-workers-level-5,7313.,35736,wages_statfin,,Upper secondary,None,Vocational training,460,,3,Stable,extras_csv,,4,"The core of the job involves physical dexterity, manual repair, and hands-on craftsmanship that AI cannot replicate. However, AI and automation are significantly impacting the design and appraisal phases through generative CAD tools and automated gemstone grading, contributing to a projected decline in total employment.",
7314 Potters and related workers (Level 4),7,7314-potters-and-related-workers-level-4,7314,35580,inferred,,Upper secondary,None,Vocational training,45,,4,Below average,extras_csv,,2,"The core duties are highly physical and take place in unpredictable outdoor environments, requiring manual labor, mechanical repair, and real-time physical coordination. AI's impact is limited to peripheral enhancements in fish-finding sonar, GPS navigation, and regulatory data processing, but it cannot replace the physical act of hauling nets, trapping animals, or maintaining vessels.",
7314. Potters and related workers (Level 5),7,7314-potters-and-related-workers-level-5,7314.,,,,Upper secondary,None,Vocational training,45,,4,Below average,extras_csv,,2,"The core duties are highly physical and take place in unpredictable outdoor environments, requiring manual labor, mechanical repair, and real-time physical coordination. AI's impact is limited to peripheral enhancements in fish-finding sonar, GPS navigation, and regulatory data processing, but it cannot replace the physical act of hauling nets, trapping animals, or maintaining vessels.",
"7315 Glass makers, cutters, grinders and finishers (Level 4)",7,7315-glass-makers-cutters-grinders-and-finishers-level-4,7315,35904,wages_statfin,,Upper secondary,None,Vocational training,151,,3,Stable,extras_csv,,2,"The core tasks are highly physical, involving manual dexterity, welding, and the use of pneumatic tools in unpredictable repair environments that are difficult to automate. AI's primary impact is limited to peripheral administrative tasks like cost estimation and damage assessment via computer vision, but the physical restoration of vehicles remains a human-centric trade.",
"7315. Glass makers, cutters, grinders and finishers (Level 5)",7,7315-glass-makers-cutters-grinders-and-finishers-level-5,7315.,35904,wages_statfin,,Upper secondary,None,Vocational training,151,,3,Stable,extras_csv,,2,"The core tasks are highly physical, involving manual dexterity, welding, and the use of pneumatic tools in unpredictable repair environments that are difficult to automate. AI's primary impact is limited to peripheral administrative tasks like cost estimation and damage assessment via computer vision, but the physical restoration of vehicles remains a human-centric trade.",
"7316 Sign writers, decorative painters, engravers and etchers (Level 4)",7,7316-sign-writers-decorative-painters-engravers-and-etchers-level-4,7316,36624,wages_statfin,,Upper secondary,None,Vocational training,29,,4,Below average,extras_csv,,2,"This craft occupation has low AI exposure. The work is primarily physical and hands-on, requiring manual dexterity, real-time physical coordination, or outdoor work in unpredictable environments. AI's impact is limited to peripheral support functions.",
"7316. Sign writers, decorative painters, engravers and etchers (Level 5)",7,7316-sign-writers-decorative-painters-engravers-and-etchers-level-5,7316.,36624,wages_statfin,,Upper secondary,None,Vocational training,29,,4,Below average,extras_csv,,2,"This craft occupation has low AI exposure. The work is primarily physical and hands-on, requiring manual dexterity, real-time physical coordination, or outdoor work in unpredictable environments. AI's impact is limited to peripheral support functions.",
"7317 Handicraft workers in wood, basketry and related materials (Level 4)",7,7317-handicraft-workers-in-wood-basketry-and-related-materials-level-4,7317,35580,inferred,,Upper secondary,None,Vocational training,46,,3,Stable,extras_csv,,2,"The core duties are highly physical and take place in unpredictable outdoor environments, requiring manual labor, mechanical repair, and real-time physical coordination. AI's impact is limited to peripheral enhancements in fish-finding sonar, GPS navigation, and regulatory data processing, but it cannot replace the physical act of hauling nets, trapping animals, or maintaining vessels.",
"7317. Handicraft workers in wood, basketry and related materials (Level 5)",7,7317-handicraft-workers-in-wood-basketry-and-related-materials-level-5,7317.,,,,Upper secondary,None,Vocational training,46,,3,Stable,extras_csv,,2,"The core duties are highly physical and take place in unpredictable outdoor environments, requiring manual labor, mechanical repair, and real-time physical coordination. AI's impact is limited to peripheral enhancements in fish-finding sonar, GPS navigation, and regulatory data processing, but it cannot replace the physical act of hauling nets, trapping animals, or maintaining vessels.",
"7318 Handicraft workers in textile, leather and related materials (Level 4)",7,7318-handicraft-workers-in-textile-leather-and-related-materials-level-4,7318,29796,wages_statfin,,Upper secondary,None,Vocational training,86,,4,Below average,extras_csv,,2,"The core duties are highly physical and take place in unpredictable outdoor environments, requiring manual labor, mechanical repair, and real-time physical coordination. AI's impact is limited to peripheral enhancements in fish-finding sonar, GPS navigation, and regulatory data processing, but it cannot replace the physical act of hauling nets, trapping animals, or maintaining vessels.",
"7318. Handicraft workers in textile, leather and related materials (Level 5)",7,7318-handicraft-workers-in-textile-leather-and-related-materials-level-5,7318.,29796,wages_statfin,,Upper secondary,None,Vocational training,86,,4,Below average,extras_csv,,2,"The core duties are highly physical and take place in unpredictable outdoor environments, requiring manual labor, mechanical repair, and real-time physical coordination. AI's impact is limited to peripheral enhancements in fish-finding sonar, GPS navigation, and regulatory data processing, but it cannot replace the physical act of hauling nets, trapping animals, or maintaining vessels.",
7319 Handicraft workers not elsewhere classified (Level 4),7,7319-handicraft-workers-not-elsewhere-classified-level-4,7319,29844,wages_statfin,,Upper secondary,None,Vocational training,53,,3,Stable,extras_csv,,1,"This craft occupation has minimal AI exposure. The work is almost entirely physical, requiring hands-on skills, manual labor, or real-time physical interaction with the environment. These tasks cannot be meaningfully automated by current or near-term AI technologies.",
7319. Handicraft workers not elsewhere classified (Level 5),7,7319-handicraft-workers-not-elsewhere-classified-level-5,7319.,29844,wages_statfin,,Upper secondary,None,Vocational training,53,,3,Stable,extras_csv,,1,"This craft occupation has minimal AI exposure. The work is almost entirely physical, requiring hands-on skills, manual labor, or real-time physical interaction with the environment. These tasks cannot be meaningfully automated by current or near-term AI technologies.",
732 Printing trades workers (Level 3),7,732-printing-trades-workers-level-3,732,36468,wages_statfin,,Upper secondary,None,Vocational training,3160,,3,Below average,,,3,"This craft occupation has low AI exposure. The work is primarily physical and hands-on, requiring manual dexterity, real-time physical coordination, or outdoor work in unpredictable environments. AI's impact is limited to peripheral support functions.",
732.  (Not more specifically classified) Printing trades workers (Level 4),7,732-not-more-specifically-classified-printing-trades-workers-level-4,732.,,,,Upper secondary,None,Vocational training,0,,3,Below average,extras_csv,,3,"This craft occupation has low AI exposure. The work is primarily physical and hands-on, requiring manual dexterity, real-time physical coordination, or outdoor work in unpredictable environments. AI's impact is limited to peripheral support functions.",
732.. (Not more specifically classified) Printing trades workers (Level 5),7,732-not-more-specifically-classified-printing-trades-workers-level-5,732..,36468,wages_statfin,,Upper secondary,None,Vocational training,0,,3,Below average,extras_csv,,3,"This craft occupation has low AI exposure. The work is primarily physical and hands-on, requiring manual dexterity, real-time physical coordination, or outdoor work in unpredictable environments. AI's impact is limited to peripheral support functions.",
7321 Pre-press technicians (Level 4),7,7321-pre-press-technicians-level-4,7321,36084,wages_statfin,,Upper secondary,None,Vocational training,579,,3,Stable,extras_csv,,3,"This craft occupation has low AI exposure. The work is primarily physical and hands-on, requiring manual dexterity, real-time physical coordination, or outdoor work in unpredictable environments. AI's impact is limited to peripheral support functions.",
7321. Pre-press technicians (Level 5),7,7321-pre-press-technicians-level-5,7321.,36084,wages_statfin,,Upper secondary,None,Vocational training,579,,3,Stable,extras_csv,,3,"This craft occupation has low AI exposure. The work is primarily physical and hands-on, requiring manual dexterity, real-time physical coordination, or outdoor work in unpredictable environments. AI's impact is limited to peripheral support functions.",
7322 Printers (Level 4),7,7322-printers-level-4,7322,37848,wages_statfin,,Upper secondary,None,Vocational training,1822,,4,Below average,extras_csv,,3,"This craft occupation has low AI exposure. The work is primarily physical and hands-on, requiring manual dexterity, real-time physical coordination, or outdoor work in unpredictable environments. AI's impact is limited to peripheral support functions.",
7322. Printers (Level 5),7,7322-printers-level-5,7322.,37848,wages_statfin,,Upper secondary,None,Vocational training,1822,,4,Below average,extras_csv,,3,"This craft occupation has low AI exposure. The work is primarily physical and hands-on, requiring manual dexterity, real-time physical coordination, or outdoor work in unpredictable environments. AI's impact is limited to peripheral support functions.",
7323 Print finishing and binding workers (Level 4),7,7323-print-finishing-and-binding-workers-level-4,7323,34464,wages_statfin,,Upper secondary,None,Vocational training,759,,3,Stable,extras_csv,,2,"The core duties of this occupation are physical and require real-time presence, such as feeding, grooming, cleaning, and physically training animals. AI may assist with peripheral administrative tasks like scheduling or monitoring animal health data, but it cannot replace the manual labor or the empathetic human-animal interaction required for the job.",
7323. Print finishing and binding workers (Level 5),7,7323-print-finishing-and-binding-workers-level-5,7323.,34464,wages_statfin,,Upper secondary,None,Vocational training,759,,3,Stable,extras_csv,,2,"The core duties of this occupation are physical and require real-time presence, such as feeding, grooming, cleaning, and physically training animals. AI may assist with peripheral administrative tasks like scheduling or monitoring animal health data, but it cannot replace the manual labor or the empathetic human-animal interaction required for the job.",
74 Electrical and electronic trades workers (Level 2),7,74-electrical-and-electronic-trades-workers-level-2,74,43980,wages_statfin,,,,,35518,,,,,,2,"The core duties of this occupation are physical and require real-time presence, such as feeding, grooming, cleaning, and physically training animals. AI may assist with peripheral administrative tasks like scheduling or monitoring animal health data, but it cannot replace the manual labor or the empathetic human-animal interaction required for the job.",
741 Electrical equipment installers and repairers (Level 3),7,741-electrical-equipment-installers-and-repairers-level-3,741,44400,wages_statfin,,Upper secondary,None,Vocational training,26589,,3,Below average,,,3,"The core of this occupation involves physical manipulation of hardware, manual troubleshooting in unpredictable environments, and the use of hand tools, which are highly resistant to AI automation. While AI can significantly enhance diagnostic software and predictive maintenance schedules, the physical acts of disassembling, repairing, and reassembling complex electrical components require human dexterity and presence.",
741.  (Not more specifically classified) Electrical equipment installers and repairers (Level 4),7,741-not-more-specifically-classified-electrical-equipment-installers-and-repairers-level-4,741.,,,,Upper secondary,None,Vocational training,0,,3,Below average,extras_csv,,3,"The core of this occupation involves physical manipulation of hardware, manual troubleshooting in unpredictable environments, and the use of hand tools, which are highly resistant to AI automation. While AI can significantly enhance diagnostic software and predictive maintenance schedules, the physical acts of disassembling, repairing, and reassembling complex electrical components require human dexterity and presence.",
741.. (Not more specifically classified) Electrical equipment installers and repairers (Level 5),7,741-not-more-specifically-classified-electrical-equipment-installers-and-repairers-level-5,741..,44400,wages_statfin,,Upper secondary,None,Vocational training,0,,3,Below average,extras_csv,,3,"The core of this occupation involves physical manipulation of hardware, manual troubleshooting in unpredictable environments, and the use of hand tools, which are highly resistant to AI automation. While AI can significantly enhance diagnostic software and predictive maintenance schedules, the physical acts of disassembling, repairing, and reassembling complex electrical components require human dexterity and presence.",
7411 Building and related electricians (Level 4),7,7411-building-and-related-electricians-level-4,7411,44400,wages_statfin,,Upper secondary,None,Vocational training,14801,,4,Below average,extras_csv,,2,"The core work of an electrician is highly physical, involving manual installation, repair, and navigation of complex, unpredictable physical environments like construction sites and crawl spaces. While AI may assist with peripheral tasks like blueprint analysis, diagnostic calculations, or scheduling, it cannot perform the tactile labor or real-time physical problem-solving required for the job.",
7411. Building and related electricians (Level 5),7,7411-building-and-related-electricians-level-5,7411.,44400,wages_statfin,,Upper secondary,None,Vocational training,14801,,4,Below average,extras_csv,,2,"The core work of an electrician is highly physical, involving manual installation, repair, and navigation of complex, unpredictable physical environments like construction sites and crawl spaces. While AI may assist with peripheral tasks like blueprint analysis, diagnostic calculations, or scheduling, it cannot perform the tactile labor or real-time physical problem-solving required for the job.",
7412 Electrical mechanics and fitters (Level 4),7,7412-electrical-mechanics-and-fitters-level-4,7412,43956,wages_statfin,,Upper secondary,None,Vocational training,9681,,3,Stable,extras_csv,,3,"The core of this occupation involves physical labor, manual dexterity, and real-time troubleshooting in a physical environment, which provides a strong barrier against AI automation. While AI will significantly enhance diagnostic capabilities, predictive maintenance, and the interpretation of flight data, the actual repair, assembly, and FAA-regulated physical inspections must still be performed by human technicians.",
7412. Electrical mechanics and fitters (Level 5),7,7412-electrical-mechanics-and-fitters-level-5,7412.,43956,wages_statfin,,Upper secondary,None,Vocational training,9681,,3,Stable,extras_csv,,3,"The core of this occupation involves physical labor, manual dexterity, and real-time troubleshooting in a physical environment, which provides a strong barrier against AI automation. While AI will significantly enhance diagnostic capabilities, predictive maintenance, and the interpretation of flight data, the actual repair, assembly, and FAA-regulated physical inspections must still be performed by human technicians.",
7413 Electrical line installers and repairers (Level 4),7,7413-electrical-line-installers-and-repairers-level-4,7413,46392,wages_statfin,,Upper secondary,None,Vocational training,2107,,3,Below average,extras_csv,,3,"The core of this occupation involves physical manipulation of hardware, manual troubleshooting in unpredictable environments, and the use of hand tools, which are highly resistant to AI automation. While AI can significantly enhance diagnostic software and predictive maintenance schedules, the physical acts of disassembling, repairing, and reassembling complex electrical components require human dexterity and presence.",
7413. Electrical line installers and repairers (Level 5),7,7413-electrical-line-installers-and-repairers-level-5,7413.,46392,wages_statfin,,Upper secondary,None,Vocational training,2107,,3,Below average,extras_csv,,3,"The core of this occupation involves physical manipulation of hardware, manual troubleshooting in unpredictable environments, and the use of hand tools, which are highly resistant to AI automation. While AI can significantly enhance diagnostic software and predictive maintenance schedules, the physical acts of disassembling, repairing, and reassembling complex electrical components require human dexterity and presence.",
742 Electronics and telecommunications installers and repairers (Level 3),7,742-electronics-and-telecommunications-installers-and-repairers-level-3,742,42516,wages_statfin,,Upper secondary,None,Vocational training,8929,,3,Below average,,,3,"The core of this occupation involves physical manipulation of hardware, manual troubleshooting in unpredictable environments, and the use of hand tools, which are highly resistant to AI automation. While AI can significantly enhance diagnostic software and predictive maintenance schedules, the physical acts of disassembling, repairing, and reassembling complex electrical components require human dexterity and presence.",
742.  (Not more specifically classified) Electronics and telecommunications installers and repairers (Level 4),7,742-not-more-specifically-classified-electronics-and-telecommunications-installers-and-repairers-level-4,742.,,,,Upper secondary,None,Vocational training,0,,3,Below average,extras_csv,,3,"The core of this occupation involves physical manipulation of hardware, manual troubleshooting in unpredictable environments, and the use of hand tools, which are highly resistant to AI automation. While AI can significantly enhance diagnostic software and predictive maintenance schedules, the physical acts of disassembling, repairing, and reassembling complex electrical components require human dexterity and presence.",
742.. (Not more specifically classified) Electronics and telecommunications installers and repairers (Level 5),7,742-not-more-specifically-classified-electronics-and-telecommunications-installers-and-repairers-level-5,742..,42516,wages_statfin,,Upper secondary,None,Vocational training,0,,3,Below average,extras_csv,,3,"The core of this occupation involves physical manipulation of hardware, manual troubleshooting in unpredictable environments, and the use of hand tools, which are highly resistant to AI automation. While AI can significantly enhance diagnostic software and predictive maintenance schedules, the physical acts of disassembling, repairing, and reassembling complex electrical components require human dexterity and presence.",
7421 Electronics mechanics and servicers (Level 4),7,7421-electronics-mechanics-and-servicers-level-4,7421,41412,wages_statfin,,Upper secondary,None,Vocational training,4767,,3,Stable,extras_csv,,3,"The core of this occupation involves physical labor, manual dexterity, and real-time troubleshooting in a physical environment, which provides a strong barrier against AI automation. While AI will significantly enhance diagnostic capabilities, predictive maintenance, and the interpretation of flight data, the actual repair, assembly, and FAA-regulated physical inspections must still be performed by human technicians.",
7421. (Not more specifically classified) Electronics mechanics and servicers (Level 5),7,7421-not-more-specifically-classified-electronics-mechanics-and-servicers-level-5,7421.,41412,wages_statfin,,Upper secondary,None,Vocational training,0,,3,Stable,extras_csv,,9,"This professional occupation involves extensive digital knowledge work and analytical tasks that are highly susceptible to AI automation and augmentation. The work is primarily computer-based with limited physical requirements, making it highly exposed to AI capabilities.",
74211 Electronics installers and repairers (Level 5),7,74211-electronics-installers-and-repairers-level-5,74211,38088,wages_statfin,,Upper secondary,None,Vocational training,2126,,3,Below average,extras_csv,,3,"The core of this occupation involves physical manipulation of hardware, manual troubleshooting in unpredictable environments, and the use of hand tools, which are highly resistant to AI automation. While AI can significantly enhance diagnostic software and predictive maintenance schedules, the physical acts of disassembling, repairing, and reassembling complex electrical components require human dexterity and presence.",
74212 Automation installers and repairers (Level 5),7,74212-automation-installers-and-repairers-level-5,74212,44364,wages_statfin,,Upper secondary,None,Vocational training,2641,,3,Below average,extras_csv,,3,"The core of this occupation involves physical manipulation of hardware, manual troubleshooting in unpredictable environments, and the use of hand tools, which are highly resistant to AI automation. While AI can significantly enhance diagnostic software and predictive maintenance schedules, the physical acts of disassembling, repairing, and reassembling complex electrical components require human dexterity and presence.",
7422 Information and communications technology installers and servicers (Level 4),7,7422-information-and-communications-technology-installers-and-servicers-level-4,7422,44040,wages_statfin,,Upper secondary,None,Vocational training,4162,,4,Below average,extras_csv,,9,"This occupation is fundamentally digital, involving high-level coding, algorithm design, and data analysis—all areas where AI is rapidly advancing. While these scientists are the ones building AI, the tools they create are increasingly capable of automating their own core tasks, such as writing code, simplifying algorithms, and analyzing experimental results, leading to extreme productivity gains and role restructuring.",
7422. Information and communications technology installers and servicers (Level 5),7,7422-information-and-communications-technology-installers-and-servicers-level-5,7422.,44040,wages_statfin,,Upper secondary,None,Vocational training,4162,,4,Below average,extras_csv,,9,"This occupation is fundamentally digital, involving high-level coding, algorithm design, and data analysis—all areas where AI is rapidly advancing. While these scientists are the ones building AI, the tools they create are increasingly capable of automating their own core tasks, such as writing code, simplifying algorithms, and analyzing experimental results, leading to extreme productivity gains and role restructuring.",
"75 Food processing, wood working, garment and other craft and related trades workers (Level 2)",7,75-food-processing-wood-working-garment-and-other-craft-and-related-trades-workers-level-2,75,36216,wages_statfin,,,,,14520,,,,,,3,"The core of this occupation involves physical labor, such as clearing tables, carrying heavy trays, and cleaning, which are difficult to automate with current robotics. However, AI is increasingly handling digital peripheral tasks like order-taking via kiosks or voice-AI drive-thrus and managing reservations, which reduces the need for human staff in front-of-house roles.",
751 Food processing and related trades workers (Level 3),7,751-food-processing-and-related-trades-workers-level-3,751,38940,wages_statfin,,,,,5288,,,,,,3,"The core of this occupation involves physical labor, such as clearing tables, carrying heavy trays, and cleaning, which are difficult to automate with current robotics. However, AI is increasingly handling digital peripheral tasks like order-taking via kiosks or voice-AI drive-thrus and managing reservations, which reduces the need for human staff in front-of-house roles.",
"7511 Butchers, fishmongers and related food preparers (Level 4)",7,7511-butchers-fishmongers-and-related-food-preparers-level-4,7511,45096,wages_statfin,,Upper secondary,None,Vocational training,2568,,3,Below average,extras_csv,,2,"The core of this occupation involves manual dexterity, physical strength, and real-time interaction with physical products in a cold, unpredictable environment. While AI can assist with peripheral tasks like inventory tracking and sales forecasting, the primary duties of cutting, deboning, and handling meat are resistant to digital automation and require specialized robotics rather than AI software.",
"7511. Butchers, fishmongers and related food preparers (Level 5)",7,7511-butchers-fishmongers-and-related-food-preparers-level-5,7511.,45096,wages_statfin,,Upper secondary,None,Vocational training,2568,,3,Below average,extras_csv,,2,"The core of this occupation involves manual dexterity, physical strength, and real-time interaction with physical products in a cold, unpredictable environment. While AI can assist with peripheral tasks like inventory tracking and sales forecasting, the primary duties of cutting, deboning, and handling meat are resistant to digital automation and require specialized robotics rather than AI software.",
"7512 Bakers, pastry-cooks and confectionery makers (Level 4)",7,7512-bakers-pastry-cooks-and-confectionery-makers-level-4,7512,33288,wages_statfin,,Upper secondary,None,Vocational training,2438,,3,Below average,extras_csv,,2,"The core duties of a baker are physical and sensory, involving manual dexterity for shaping dough and real-time monitoring of physical products in high-heat environments. While AI can optimize recipes or assist with inventory management and scheduling, the fundamental work of kneading, decorating, and handling equipment remains a physical task resistant to digital automation.",
"7512. Bakers, pastry-cooks and confectionery makers (Level 5)",7,7512-bakers-pastry-cooks-and-confectionery-makers-level-5,7512.,33288,wages_statfin,,Upper secondary,None,Vocational training,2438,,3,Below average,extras_csv,,2,"The core duties of a baker are physical and sensory, involving manual dexterity for shaping dough and real-time monitoring of physical products in high-heat environments. While AI can optimize recipes or assist with inventory management and scheduling, the fundamental work of kneading, decorating, and handling equipment remains a physical task resistant to digital automation.",
7513 Dairy-products makers (Level 4),7,7513-dairy-products-makers-level-4,7513,48696,wages_statfin,,Upper secondary,None,Vocational training,91,,3,Below average,extras_csv,,3,"This craft occupation has low AI exposure. The work is primarily physical and hands-on, requiring manual dexterity, real-time physical coordination, or outdoor work in unpredictable environments. AI's impact is limited to peripheral support functions.",
7513. Dairy-products makers (Level 5),7,7513-dairy-products-makers-level-5,7513.,48696,wages_statfin,,Upper secondary,None,Vocational training,91,,3,Below average,extras_csv,,3,"This craft occupation has low AI exposure. The work is primarily physical and hands-on, requiring manual dexterity, real-time physical coordination, or outdoor work in unpredictable environments. AI's impact is limited to peripheral support functions.",
"7514 Fruit, vegetable and related preservers (Level 4)",7,7514-fruit-vegetable-and-related-preservers-level-4,7514,31836,wages_statfin,,Upper secondary,None,Vocational training,169,,3,Below average,extras_csv,,2,"The core duties are highly physical and take place in unpredictable outdoor environments, requiring manual labor, mechanical repair, and real-time physical coordination. AI's impact is limited to peripheral enhancements in fish-finding sonar, GPS navigation, and regulatory data processing, but it cannot replace the physical act of hauling nets, trapping animals, or maintaining vessels.",
"7514. Fruit, vegetable and related preservers (Level 5)",7,7514-fruit-vegetable-and-related-preservers-level-5,7514.,31836,wages_statfin,,Upper secondary,None,Vocational training,169,,3,Below average,extras_csv,,2,"The core duties are highly physical and take place in unpredictable outdoor environments, requiring manual labor, mechanical repair, and real-time physical coordination. AI's impact is limited to peripheral enhancements in fish-finding sonar, GPS navigation, and regulatory data processing, but it cannot replace the physical act of hauling nets, trapping animals, or maintaining vessels.",
7515 Food and beverage tasters and graders (Level 4),7,7515-food-and-beverage-tasters-and-graders-level-4,7515,41340,wages_statfin,,Upper secondary,None,Vocational training,22,,3,Below average,extras_csv,,3,"The core of this occupation involves physical labor, such as clearing tables, carrying heavy trays, and cleaning, which are difficult to automate with current robotics. However, AI is increasingly handling digital peripheral tasks like order-taking via kiosks or voice-AI drive-thrus and managing reservations, which reduces the need for human staff in front-of-house roles.",
7515. Food and beverage tasters and graders (Level 5),7,7515-food-and-beverage-tasters-and-graders-level-5,7515.,41340,wages_statfin,,Upper secondary,None,Vocational training,22,,3,Below average,extras_csv,,3,"The core of this occupation involves physical labor, such as clearing tables, carrying heavy trays, and cleaning, which are difficult to automate with current robotics. However, AI is increasingly handling digital peripheral tasks like order-taking via kiosks or voice-AI drive-thrus and managing reservations, which reduces the need for human staff in front-of-house roles.",
"752 Wood treaters, cabinet-makers and related trades workers (Level 3)",7,752-wood-treaters-cabinet-makers-and-related-trades-workers-level-3,752,34524,wages_statfin,,Upper secondary,None,Vocational training,4640,,3,Below average,,,2,"The core duties are highly physical and take place in unpredictable outdoor environments, requiring manual labor, mechanical repair, and real-time physical coordination. AI's impact is limited to peripheral enhancements in fish-finding sonar, GPS navigation, and regulatory data processing, but it cannot replace the physical act of hauling nets, trapping animals, or maintaining vessels.",
"752.  (Not more specifically classified) Wood treaters, cabinet-makers and related trades workers (Level 4)",7,752-not-more-specifically-classified-wood-treaters-cabinet-makers-and-related-trades-workers-level-4,752.,,,,Upper secondary,None,Vocational training,0,,3,Below average,extras_csv,,3,"This craft occupation has low AI exposure. The work is primarily physical and hands-on, requiring manual dexterity, real-time physical coordination, or outdoor work in unpredictable environments. AI's impact is limited to peripheral support functions.",
"752.. (Not more specifically classified) Wood treaters, cabinet-makers and related trades workers (Level 5)",7,752-not-more-specifically-classified-wood-treaters-cabinet-makers-and-related-trades-workers-level-5,752..,34524,wages_statfin,,Upper secondary,None,Vocational training,0,,3,Below average,extras_csv,,3,"This craft occupation has low AI exposure. The work is primarily physical and hands-on, requiring manual dexterity, real-time physical coordination, or outdoor work in unpredictable environments. AI's impact is limited to peripheral support functions.",
7521 Wood treaters (Level 4),7,7521-wood-treaters-level-4,7521,36672,wages_statfin,,Upper secondary,None,Vocational training,632,,3,Stable,extras_csv,,3,"This craft occupation has low AI exposure. The work is primarily physical and hands-on, requiring manual dexterity, real-time physical coordination, or outdoor work in unpredictable environments. AI's impact is limited to peripheral support functions.",
7521. Wood treaters (Level 5),7,7521-wood-treaters-level-5,7521.,36672,wages_statfin,,Upper secondary,None,Vocational training,632,,3,Stable,extras_csv,,3,"This craft occupation has low AI exposure. The work is primarily physical and hands-on, requiring manual dexterity, real-time physical coordination, or outdoor work in unpredictable environments. AI's impact is limited to peripheral support functions.",
7522 Cabinet-makers and related workers (Level 4),7,7522-cabinet-makers-and-related-workers-level-4,7522,34392,wages_statfin,,Upper secondary,None,Vocational training,2518,,4,Below average,extras_csv,,2,"The core duties are highly physical and take place in unpredictable outdoor environments, requiring manual labor, mechanical repair, and real-time physical coordination. AI's impact is limited to peripheral enhancements in fish-finding sonar, GPS navigation, and regulatory data processing, but it cannot replace the physical act of hauling nets, trapping animals, or maintaining vessels.",
7522. Cabinet-makers and related workers (Level 5),7,7522-cabinet-makers-and-related-workers-level-5,7522.,34392,wages_statfin,,Upper secondary,None,Vocational training,2518,,4,Below average,extras_csv,,2,"The core duties are highly physical and take place in unpredictable outdoor environments, requiring manual labor, mechanical repair, and real-time physical coordination. AI's impact is limited to peripheral enhancements in fish-finding sonar, GPS navigation, and regulatory data processing, but it cannot replace the physical act of hauling nets, trapping animals, or maintaining vessels.",
7523 Woodworking-machine tool setters and operators (Level 4),7,7523-woodworking-machine-tool-setters-and-operators-level-4,7523,34020,wages_statfin,,Upper secondary,None,Vocational training,1490,,3,Stable,extras_csv,,7,"This occupation is a hybrid of physical camera operation and digital video editing. While camera operators have a physical barrier to AI due to the need for on-site equipment management and real-world positioning, editors work entirely in digital environments where AI is rapidly automating tasks like color grading, sound syncing, and even rough-cut generation. The rise of generative video and AI-driven post-production tools significantly increases the productivity of each worker, potentially reducing the total number of editors needed for complex projects.",
7523. Woodworking-machine tool setters and operators (Level 5),7,7523-woodworking-machine-tool-setters-and-operators-level-5,7523.,34020,wages_statfin,,Upper secondary,None,Vocational training,1490,,3,Stable,extras_csv,,7,"This occupation is a hybrid of physical camera operation and digital video editing. While camera operators have a physical barrier to AI due to the need for on-site equipment management and real-world positioning, editors work entirely in digital environments where AI is rapidly automating tasks like color grading, sound syncing, and even rough-cut generation. The rise of generative video and AI-driven post-production tools significantly increases the productivity of each worker, potentially reducing the total number of editors needed for complex projects.",
753 Garment and related trades workers (Level 3),7,753-garment-and-related-trades-workers-level-3,753,32352,wages_statfin,,Upper secondary,None,Vocational training,2995,,3,Below average,,,2,"The core duties are highly physical and take place in unpredictable outdoor environments, requiring manual labor, mechanical repair, and real-time physical coordination. AI's impact is limited to peripheral enhancements in fish-finding sonar, GPS navigation, and regulatory data processing, but it cannot replace the physical act of hauling nets, trapping animals, or maintaining vessels.",
753.  (Not more specifically classified) Garment and related trades workers (Level 4),7,753-not-more-specifically-classified-garment-and-related-trades-workers-level-4,753.,,,,Upper secondary,None,Vocational training,0,,3,Below average,extras_csv,,3,"This craft occupation has low AI exposure. The work is primarily physical and hands-on, requiring manual dexterity, real-time physical coordination, or outdoor work in unpredictable environments. AI's impact is limited to peripheral support functions.",
753.. (Not more specifically classified) Garment and related trades workers (Level 5),7,753-not-more-specifically-classified-garment-and-related-trades-workers-level-5,753..,32352,wages_statfin,,Upper secondary,None,Vocational training,0,,3,Below average,extras_csv,,3,"This craft occupation has low AI exposure. The work is primarily physical and hands-on, requiring manual dexterity, real-time physical coordination, or outdoor work in unpredictable environments. AI's impact is limited to peripheral support functions.",
"7531 Tailors, dressmakers, furriers and hatters (Level 4)",7,7531-tailors-dressmakers-furriers-and-hatters-level-4,7531,33768,wages_statfin,,Upper secondary,None,Vocational training,991,,3,Stable,extras_csv,,3,"This craft occupation has low AI exposure. The work is primarily physical and hands-on, requiring manual dexterity, real-time physical coordination, or outdoor work in unpredictable environments. AI's impact is limited to peripheral support functions.",
"7531. Tailors, dressmakers, furriers and hatters (Level 5)",7,7531-tailors-dressmakers-furriers-and-hatters-level-5,7531.,33768,wages_statfin,,Upper secondary,None,Vocational training,991,,3,Stable,extras_csv,,3,"This craft occupation has low AI exposure. The work is primarily physical and hands-on, requiring manual dexterity, real-time physical coordination, or outdoor work in unpredictable environments. AI's impact is limited to peripheral support functions.",
7532 Garment and related pattern-makers and cutters (Level 4),7,7532-garment-and-related-pattern-makers-and-cutters-level-4,7532,32352,inferred,,Upper secondary,None,Vocational training,81,,4,Below average,extras_csv,,2,"The core of this occupation involves manual dexterity, physical strength, and real-time interaction with physical products in a cold, unpredictable environment. While AI can assist with peripheral tasks like inventory tracking and sales forecasting, the primary duties of cutting, deboning, and handling meat are resistant to digital automation and require specialized robotics rather than AI software.",
7532. Garment and related pattern-makers and cutters (Level 5),7,7532-garment-and-related-pattern-makers-and-cutters-level-5,7532.,,,,Upper secondary,None,Vocational training,81,,4,Below average,extras_csv,,2,"The core of this occupation involves manual dexterity, physical strength, and real-time interaction with physical products in a cold, unpredictable environment. While AI can assist with peripheral tasks like inventory tracking and sales forecasting, the primary duties of cutting, deboning, and handling meat are resistant to digital automation and require specialized robotics rather than AI software.",
"7533 Sewing, embroidery and related workers (Level 4)",7,7533-sewing-embroidery-and-related-workers-level-4,7533,29940,wages_statfin,,Upper secondary,None,Vocational training,821,,3,Stable,extras_csv,,2,"The core duties are highly physical and take place in unpredictable outdoor environments, requiring manual labor, mechanical repair, and real-time physical coordination. AI's impact is limited to peripheral enhancements in fish-finding sonar, GPS navigation, and regulatory data processing, but it cannot replace the physical act of hauling nets, trapping animals, or maintaining vessels.",
"7533. Sewing, embroidery and related workers (Level 5)",7,7533-sewing-embroidery-and-related-workers-level-5,7533.,29940,wages_statfin,,Upper secondary,None,Vocational training,821,,3,Stable,extras_csv,,2,"The core duties are highly physical and take place in unpredictable outdoor environments, requiring manual labor, mechanical repair, and real-time physical coordination. AI's impact is limited to peripheral enhancements in fish-finding sonar, GPS navigation, and regulatory data processing, but it cannot replace the physical act of hauling nets, trapping animals, or maintaining vessels.",
7534 Upholsterers and related workers (Level 4),7,7534-upholsterers-and-related-workers-level-4,7534,32100,wages_statfin,,Upper secondary,None,Vocational training,762,,4,Below average,extras_csv,,2,"The core duties are highly physical and take place in unpredictable outdoor environments, requiring manual labor, mechanical repair, and real-time physical coordination. AI's impact is limited to peripheral enhancements in fish-finding sonar, GPS navigation, and regulatory data processing, but it cannot replace the physical act of hauling nets, trapping animals, or maintaining vessels.",
7534. Upholsterers and related workers (Level 5),7,7534-upholsterers-and-related-workers-level-5,7534.,32100,wages_statfin,,Upper secondary,None,Vocational training,762,,4,Below average,extras_csv,,2,"The core duties are highly physical and take place in unpredictable outdoor environments, requiring manual labor, mechanical repair, and real-time physical coordination. AI's impact is limited to peripheral enhancements in fish-finding sonar, GPS navigation, and regulatory data processing, but it cannot replace the physical act of hauling nets, trapping animals, or maintaining vessels.",
"7535 Pelt dressers, tanners and fellmongers (Level 4)",7,7535-pelt-dressers-tanners-and-fellmongers-level-4,7535,32352,inferred,,Upper secondary,None,Vocational training,104,,3,Stable,extras_csv,,3,"This craft occupation has low AI exposure. The work is primarily physical and hands-on, requiring manual dexterity, real-time physical coordination, or outdoor work in unpredictable environments. AI's impact is limited to peripheral support functions.",
"7535. Pelt dressers, tanners and fellmongers (Level 5)",7,7535-pelt-dressers-tanners-and-fellmongers-level-5,7535.,,,,Upper secondary,None,Vocational training,104,,3,Stable,extras_csv,,3,"This craft occupation has low AI exposure. The work is primarily physical and hands-on, requiring manual dexterity, real-time physical coordination, or outdoor work in unpredictable environments. AI's impact is limited to peripheral support functions.",
7536 Shoemakers and related workers (Level 4),7,7536-shoemakers-and-related-workers-level-4,7536,34116,wages_statfin,,Upper secondary,None,Vocational training,236,,4,Below average,extras_csv,,2,"The core duties are highly physical and take place in unpredictable outdoor environments, requiring manual labor, mechanical repair, and real-time physical coordination. AI's impact is limited to peripheral enhancements in fish-finding sonar, GPS navigation, and regulatory data processing, but it cannot replace the physical act of hauling nets, trapping animals, or maintaining vessels.",
7536. Shoemakers and related workers (Level 5),7,7536-shoemakers-and-related-workers-level-5,7536.,34116,wages_statfin,,Upper secondary,None,Vocational training,236,,4,Below average,extras_csv,,2,"The core duties are highly physical and take place in unpredictable outdoor environments, requiring manual labor, mechanical repair, and real-time physical coordination. AI's impact is limited to peripheral enhancements in fish-finding sonar, GPS navigation, and regulatory data processing, but it cannot replace the physical act of hauling nets, trapping animals, or maintaining vessels.",
754 Other craft and related workers (Level 3),7,754-other-craft-and-related-workers-level-3,754,40488,wages_statfin,,,,,1597,,,,,,2,"The core duties are highly physical and take place in unpredictable outdoor environments, requiring manual labor, mechanical repair, and real-time physical coordination. AI's impact is limited to peripheral enhancements in fish-finding sonar, GPS navigation, and regulatory data processing, but it cannot replace the physical act of hauling nets, trapping animals, or maintaining vessels.",
7541 Underwater divers (Level 4),7,7541-underwater-divers-level-4,7541,40488,inferred,,Upper secondary,None,Vocational training,26,,3,Stable,extras_csv,,3,"This craft occupation has low AI exposure. The work is primarily physical and hands-on, requiring manual dexterity, real-time physical coordination, or outdoor work in unpredictable environments. AI's impact is limited to peripheral support functions.",
7541. Underwater divers (Level 5),7,7541-underwater-divers-level-5,7541.,,,,Upper secondary,None,Vocational training,26,,3,Stable,extras_csv,,3,"This craft occupation has low AI exposure. The work is primarily physical and hands-on, requiring manual dexterity, real-time physical coordination, or outdoor work in unpredictable environments. AI's impact is limited to peripheral support functions.",
7542 Shotfirers and blasters (Level 4),7,7542-shotfirers-and-blasters-level-4,7542,48816,wages_statfin,,Upper secondary,None,Vocational training,169,,4,Below average,extras_csv,,3,"This craft occupation has low AI exposure. The work is primarily physical and hands-on, requiring manual dexterity, real-time physical coordination, or outdoor work in unpredictable environments. AI's impact is limited to peripheral support functions.",
7542. Shotfirers and blasters (Level 5),7,7542-shotfirers-and-blasters-level-5,7542.,48816,wages_statfin,,Upper secondary,None,Vocational training,169,,4,Below average,extras_csv,,3,"This craft occupation has low AI exposure. The work is primarily physical and hands-on, requiring manual dexterity, real-time physical coordination, or outdoor work in unpredictable environments. AI's impact is limited to peripheral support functions.",
7543 Product graders and testers (excluding foods and beverages) (Level 4),7,7543-product-graders-and-testers-excluding-foods-and-beverages-level-4,7543,40176,wages_statfin,,Upper secondary,None,Vocational training,1276,,3,Stable,extras_csv,,3,"This craft occupation has low AI exposure. The work is primarily physical and hands-on, requiring manual dexterity, real-time physical coordination, or outdoor work in unpredictable environments. AI's impact is limited to peripheral support functions.",
7543. Product graders and testers (excluding foods and beverages) (Level 5),7,7543-product-graders-and-testers-excluding-foods-and-beverages-level-5,7543.,40176,wages_statfin,,Upper secondary,None,Vocational training,1276,,3,Stable,extras_csv,,3,"This craft occupation has low AI exposure. The work is primarily physical and hands-on, requiring manual dexterity, real-time physical coordination, or outdoor work in unpredictable environments. AI's impact is limited to peripheral support functions.",
7544 Fumigators and other pest and weed controllers (Level 4),7,7544-fumigators-and-other-pest-and-weed-controllers-level-4,7544,40488,inferred,,Upper secondary,None,Vocational training,80,,4,Below average,extras_csv,,4,"The role involves a significant amount of physical labor, equipment maintenance, and real-time management of biological systems that cannot be digitized. However, AI will heavily impact the management side of the job, including crop yield prediction, financial planning, and automated resource allocation, making individual managers significantly more productive and contributing to further farm consolidation.",
7544. Fumigators and other pest and weed controllers (Level 5),7,7544-fumigators-and-other-pest-and-weed-controllers-level-5,7544.,,,,Upper secondary,None,Vocational training,80,,4,Below average,extras_csv,,4,"The role involves a significant amount of physical labor, equipment maintenance, and real-time management of biological systems that cannot be digitized. However, AI will heavily impact the management side of the job, including crop yield prediction, financial planning, and automated resource allocation, making individual managers significantly more productive and contributing to further farm consolidation.",
7549 Craft and related workers not elsewhere classified (Level 4),7,7549-craft-and-related-workers-not-elsewhere-classified-level-4,7549,37080,wages_statfin,,Upper secondary,None,Vocational training,46,,3,Stable,extras_csv,,9,"This clerical occupation involves extensive digital knowledge work and analytical tasks that are highly susceptible to AI automation and augmentation. The work is primarily computer-based with limited physical requirements, making it highly exposed to AI capabilities.",
7549. Craft and related workers not elsewhere classified (Level 5),7,7549-craft-and-related-workers-not-elsewhere-classified-level-5,7549.,37080,wages_statfin,,Upper secondary,None,Vocational training,46,,3,Stable,extras_csv,,9,"This clerical occupation involves extensive digital knowledge work and analytical tasks that are highly susceptible to AI automation and augmentation. The work is primarily computer-based with limited physical requirements, making it highly exposed to AI capabilities.",
"8  Plant and machine operators, and assemblers (Level 1)",8,8-plant-and-machine-operators-and-assemblers-level-1,8,40584,wages_statfin,,,,,190769,,,,,,3,"The core of this occupation involves physical manipulation, manual dexterity, and real-time adjustments in a physical environment, which provides a significant buffer against AI. While AI and robotics are increasing efficiency and automating some repetitive tasks, a substantial portion of the work—especially in complex assembly, prototyping, and custom fabrication—still requires human presence and tactile skill.",
81 Stationary plant and machine operators (Level 2),8,81-stationary-plant-and-machine-operators-level-2,81,40260,wages_statfin,,,,,67404,,,,,,6,"The core tasks of monitoring data, adjusting power flows, and responding to system abnormalities are increasingly digital and data-driven, making them highly susceptible to AI-driven automation and smart-grid optimization. While the high-stakes nature of power infrastructure and the need for physical equipment inspections provide a buffer, the BLS already projects a 10% decline in employment due to technological advances and automated control rooms.",
811 Mining and mineral processing plant operators (Level 3),8,811-mining-and-mineral-processing-plant-operators-level-3,811,44640,wages_statfin,,,,,6203,,,,,,6,"The core tasks of monitoring data, adjusting power flows, and responding to system abnormalities are increasingly digital and data-driven, making them highly susceptible to AI-driven automation and smart-grid optimization. While the high-stakes nature of power infrastructure and the need for physical equipment inspections provide a buffer, the BLS already projects a 10% decline in employment due to technological advances and automated control rooms.",
8111 Miners and quarriers (Level 4),8,8111-miners-and-quarriers-level-4,8111,50280,wages_statfin,,Upper secondary,None,Vocational training,1177,,3,Stable,extras_csv,,5,"This machine operation occupation has moderate AI exposure. While some tasks (particularly administrative and routine aspects) are susceptible to automation, the role requires physical presence, manual skills, or interpersonal interaction that provides a buffer against full automation.",
8111. Miners and quarriers (Level 5),8,8111-miners-and-quarriers-level-5,8111.,50280,wages_statfin,,Upper secondary,None,Vocational training,1177,,3,Stable,extras_csv,,5,"This machine operation occupation has moderate AI exposure. While some tasks (particularly administrative and routine aspects) are susceptible to automation, the role requires physical presence, manual skills, or interpersonal interaction that provides a buffer against full automation.",
8112 Mineral and stone processing plant operators (Level 4),8,8112-mineral-and-stone-processing-plant-operators-level-4,8112,49500,wages_statfin,,Upper secondary,None,Vocational training,1066,,4,Below average,extras_csv,,6,"The core tasks of monitoring data, adjusting power flows, and responding to system abnormalities are increasingly digital and data-driven, making them highly susceptible to AI-driven automation and smart-grid optimization. While the high-stakes nature of power infrastructure and the need for physical equipment inspections provide a buffer, the BLS already projects a 10% decline in employment due to technological advances and automated control rooms.",
8112. Mineral and stone processing plant operators (Level 5),8,8112-mineral-and-stone-processing-plant-operators-level-5,8112.,49500,wages_statfin,,Upper secondary,None,Vocational training,1066,,4,Below average,extras_csv,,6,"The core tasks of monitoring data, adjusting power flows, and responding to system abnormalities are increasingly digital and data-driven, making them highly susceptible to AI-driven automation and smart-grid optimization. While the high-stakes nature of power infrastructure and the need for physical equipment inspections provide a buffer, the BLS already projects a 10% decline in employment due to technological advances and automated control rooms.",
8113 Well drillers and borers and related workers (Level 4),8,8113-well-drillers-and-borers-and-related-workers-level-4,8113,50736,wages_statfin,,Upper secondary,None,Vocational training,1024,,3,Stable,extras_csv,,2,"The core duties are highly physical and take place in unpredictable outdoor environments, requiring manual labor, mechanical repair, and real-time physical coordination. AI's impact is limited to peripheral enhancements in fish-finding sonar, GPS navigation, and regulatory data processing, but it cannot replace the physical act of hauling nets, trapping animals, or maintaining vessels.",
8113. Well drillers and borers and related workers (Level 5),8,8113-well-drillers-and-borers-and-related-workers-level-5,8113.,50736,wages_statfin,,Upper secondary,None,Vocational training,1024,,3,Stable,extras_csv,,2,"The core duties are highly physical and take place in unpredictable outdoor environments, requiring manual labor, mechanical repair, and real-time physical coordination. AI's impact is limited to peripheral enhancements in fish-finding sonar, GPS navigation, and regulatory data processing, but it cannot replace the physical act of hauling nets, trapping animals, or maintaining vessels.",
"8114 Cement, stone and other mineral products machine operators (Level 4)",8,8114-cement-stone-and-other-mineral-products-machine-operators-level-4,8114,41784,wages_statfin,,Upper secondary,None,Vocational training,2936,,4,Below average,extras_csv,,4,"The role involves a significant amount of physical labor, equipment maintenance, and real-time management of biological systems that cannot be digitized. However, AI will heavily impact the management side of the job, including crop yield prediction, financial planning, and automated resource allocation, making individual managers significantly more productive and contributing to further farm consolidation.",
"8114. Cement, stone and other mineral products machine operators (Level 5)",8,8114-cement-stone-and-other-mineral-products-machine-operators-level-5,8114.,41784,wages_statfin,,Upper secondary,None,Vocational training,2936,,4,Below average,extras_csv,,4,"The role involves a significant amount of physical labor, equipment maintenance, and real-time management of biological systems that cannot be digitized. However, AI will heavily impact the management side of the job, including crop yield prediction, financial planning, and automated resource allocation, making individual managers significantly more productive and contributing to further farm consolidation.",
812 Metal processing and finishing plant operators (Level 3),8,812-metal-processing-and-finishing-plant-operators-level-3,812,41724,wages_statfin,,Upper secondary,None,Vocational training,4992,,3,Below average,,,6,"The core tasks of monitoring data, adjusting power flows, and responding to system abnormalities are increasingly digital and data-driven, making them highly susceptible to AI-driven automation and smart-grid optimization. While the high-stakes nature of power infrastructure and the need for physical equipment inspections provide a buffer, the BLS already projects a 10% decline in employment due to technological advances and automated control rooms.",
812.  (Not more specifically classified) Metal processing and finishing plant operators (Level 4),8,812-not-more-specifically-classified-metal-processing-and-finishing-plant-operators-level-4,812.,,,,Upper secondary,None,Vocational training,0,,3,Below average,extras_csv,,9,"This professional occupation involves extensive digital knowledge work and analytical tasks that are highly susceptible to AI automation and augmentation. The work is primarily computer-based with limited physical requirements, making it highly exposed to AI capabilities.",
812.. (Not more specifically classified) Metal processing and finishing plant operators (Level 5),8,812-not-more-specifically-classified-metal-processing-and-finishing-plant-operators-level-5,812..,41724,wages_statfin,,Upper secondary,None,Vocational training,0,,3,Below average,extras_csv,,9,"This professional occupation involves extensive digital knowledge work and analytical tasks that are highly susceptible to AI automation and augmentation. The work is primarily computer-based with limited physical requirements, making it highly exposed to AI capabilities.",
8121 Metal processing plant operators (Level 4),8,8121-metal-processing-plant-operators-level-4,8121,43968,wages_statfin,,Upper secondary,None,Vocational training,3433,,3,Stable,extras_csv,,6,"The core tasks of monitoring data, adjusting power flows, and responding to system abnormalities are increasingly digital and data-driven, making them highly susceptible to AI-driven automation and smart-grid optimization. While the high-stakes nature of power infrastructure and the need for physical equipment inspections provide a buffer, the BLS already projects a 10% decline in employment due to technological advances and automated control rooms.",
8121. Metal processing plant operators (Level 5),8,8121-metal-processing-plant-operators-level-5,8121.,43968,wages_statfin,,Upper secondary,None,Vocational training,3433,,3,Stable,extras_csv,,6,"The core tasks of monitoring data, adjusting power flows, and responding to system abnormalities are increasingly digital and data-driven, making them highly susceptible to AI-driven automation and smart-grid optimization. While the high-stakes nature of power infrastructure and the need for physical equipment inspections provide a buffer, the BLS already projects a 10% decline in employment due to technological advances and automated control rooms.",
"8122 Metal finishing, plating and coating machine operators (Level 4)",8,8122-metal-finishing-plating-and-coating-machine-operators-level-4,8122,37764,wages_statfin,,Upper secondary,None,Vocational training,1559,,4,Below average,extras_csv,,4,"The core of the work is physical and requires presence on a factory floor to handle materials and maintain machinery. However, AI and advanced automation are increasingly capable of handling the digital aspects of the job, such as CNC programming, machine monitoring, and quality inspection, which is already contributing to a projected decline in employment.",
"8122. Metal finishing, plating and coating machine operators (Level 5)",8,8122-metal-finishing-plating-and-coating-machine-operators-level-5,8122.,37764,wages_statfin,,Upper secondary,None,Vocational training,1559,,4,Below average,extras_csv,,4,"The core of the work is physical and requires presence on a factory floor to handle materials and maintain machinery. However, AI and advanced automation are increasingly capable of handling the digital aspects of the job, such as CNC programming, machine monitoring, and quality inspection, which is already contributing to a projected decline in employment.",
813 Chemical and photographic products plant and machine operators (Level 3),8,813-chemical-and-photographic-products-plant-and-machine-operators-level-3,813,42912,wages_statfin,,Upper secondary,None,Vocational training,7117,,3,Below average,,,6,"The core tasks of monitoring data, adjusting power flows, and responding to system abnormalities are increasingly digital and data-driven, making them highly susceptible to AI-driven automation and smart-grid optimization. While the high-stakes nature of power infrastructure and the need for physical equipment inspections provide a buffer, the BLS already projects a 10% decline in employment due to technological advances and automated control rooms.",
813.  (Not more specifically classified) Chemical and photographic products plant and machine operators (Level 4),8,813-not-more-specifically-classified-chemical-and-photographic-products-plant-and-machine-operators-level-4,813.,,,,Upper secondary,None,Vocational training,0,,3,Below average,extras_csv,,9,"This professional occupation involves extensive digital knowledge work and analytical tasks that are highly susceptible to AI automation and augmentation. The work is primarily computer-based with limited physical requirements, making it highly exposed to AI capabilities.",
813.. (Not more specifically classified) Chemical and photographic products plant and machine operators (Level 5),8,813-not-more-specifically-classified-chemical-and-photographic-products-plant-and-machine-operators-level-5,813..,42912,wages_statfin,,Upper secondary,None,Vocational training,0,,3,Below average,extras_csv,,9,"This professional occupation involves extensive digital knowledge work and analytical tasks that are highly susceptible to AI automation and augmentation. The work is primarily computer-based with limited physical requirements, making it highly exposed to AI capabilities.",
8131 Chemical products plant and machine operators (Level 4),8,8131-chemical-products-plant-and-machine-operators-level-4,8131,43080,wages_statfin,,Upper secondary,None,Vocational training,7045,,3,Stable,extras_csv,,6,"The core tasks of monitoring data, adjusting power flows, and responding to system abnormalities are increasingly digital and data-driven, making them highly susceptible to AI-driven automation and smart-grid optimization. While the high-stakes nature of power infrastructure and the need for physical equipment inspections provide a buffer, the BLS already projects a 10% decline in employment due to technological advances and automated control rooms.",
8131. Chemical products plant and machine operators (Level 5),8,8131-chemical-products-plant-and-machine-operators-level-5,8131.,43080,wages_statfin,,Upper secondary,None,Vocational training,7045,,3,Stable,extras_csv,,6,"The core tasks of monitoring data, adjusting power flows, and responding to system abnormalities are increasingly digital and data-driven, making them highly susceptible to AI-driven automation and smart-grid optimization. While the high-stakes nature of power infrastructure and the need for physical equipment inspections provide a buffer, the BLS already projects a 10% decline in employment due to technological advances and automated control rooms.",
8132 Photographic products machine operators (Level 4),8,8132-photographic-products-machine-operators-level-4,8132,30396,wages_statfin,,Upper secondary,None,Vocational training,72,,4,Below average,extras_csv,,4,"The core of the job is physical operation of heavy machinery in dynamic environments like warehouses and construction sites, which provides a buffer against full automation. However, AI-driven computer vision and autonomous navigation are increasingly being integrated into forklifts and conveyor systems, leading to moderate exposure as these technologies augment or replace human operators in structured settings.",
8132. Photographic products machine operators (Level 5),8,8132-photographic-products-machine-operators-level-5,8132.,30396,wages_statfin,,Upper secondary,None,Vocational training,72,,4,Below average,extras_csv,,4,"The core of the job is physical operation of heavy machinery in dynamic environments like warehouses and construction sites, which provides a buffer against full automation. However, AI-driven computer vision and autonomous navigation are increasingly being integrated into forklifts and conveyor systems, leading to moderate exposure as these technologies augment or replace human operators in structured settings.",
"814 Rubber, plastic and paper products machine operators (Level 3)",8,814-rubber-plastic-and-paper-products-machine-operators-level-3,814,39852,wages_statfin,,,,,9056,,,,,,4,"The core of the work is physical and requires presence on a factory floor to handle materials and maintain machinery. However, AI and advanced automation are increasingly capable of handling the digital aspects of the job, such as CNC programming, machine monitoring, and quality inspection, which is already contributing to a projected decline in employment.",
8141 Rubber products machine operators (Level 4),8,8141-rubber-products-machine-operators-level-4,8141,49140,wages_statfin,,Upper secondary,None,Vocational training,1022,,3,Stable,extras_csv,,4,"The core of the job is physical operation of heavy machinery in dynamic environments like warehouses and construction sites, which provides a buffer against full automation. However, AI-driven computer vision and autonomous navigation are increasingly being integrated into forklifts and conveyor systems, leading to moderate exposure as these technologies augment or replace human operators in structured settings.",
8141. Rubber products machine operators (Level 5),8,8141-rubber-products-machine-operators-level-5,8141.,49140,wages_statfin,,Upper secondary,None,Vocational training,1022,,3,Stable,extras_csv,,4,"The core of the job is physical operation of heavy machinery in dynamic environments like warehouses and construction sites, which provides a buffer against full automation. However, AI-driven computer vision and autonomous navigation are increasingly being integrated into forklifts and conveyor systems, leading to moderate exposure as these technologies augment or replace human operators in structured settings.",
8142 Plastic products machine operators (Level 4),8,8142-plastic-products-machine-operators-level-4,8142,38064,wages_statfin,,Upper secondary,None,Vocational training,6488,,4,Below average,extras_csv,,4,"The core of the job is physical operation of heavy machinery in dynamic environments like warehouses and construction sites, which provides a buffer against full automation. However, AI-driven computer vision and autonomous navigation are increasingly being integrated into forklifts and conveyor systems, leading to moderate exposure as these technologies augment or replace human operators in structured settings.",
8142. Plastic products machine operators (Level 5),8,8142-plastic-products-machine-operators-level-5,8142.,38064,wages_statfin,,Upper secondary,None,Vocational training,6488,,4,Below average,extras_csv,,4,"The core of the job is physical operation of heavy machinery in dynamic environments like warehouses and construction sites, which provides a buffer against full automation. However, AI-driven computer vision and autonomous navigation are increasingly being integrated into forklifts and conveyor systems, leading to moderate exposure as these technologies augment or replace human operators in structured settings.",
8143 Paper products machine operators (Level 4),8,8143-paper-products-machine-operators-level-4,8143,47232,wages_statfin,,Upper secondary,None,Vocational training,1546,,3,Below average,extras_csv,,4,"The core of the job is physical operation of heavy machinery in dynamic environments like warehouses and construction sites, which provides a buffer against full automation. However, AI-driven computer vision and autonomous navigation are increasingly being integrated into forklifts and conveyor systems, leading to moderate exposure as these technologies augment or replace human operators in structured settings.",
8143. Paper products machine operators (Level 5),8,8143-paper-products-machine-operators-level-5,8143.,47232,wages_statfin,,Upper secondary,None,Vocational training,1546,,3,Below average,extras_csv,,4,"The core of the job is physical operation of heavy machinery in dynamic environments like warehouses and construction sites, which provides a buffer against full automation. However, AI-driven computer vision and autonomous navigation are increasingly being integrated into forklifts and conveyor systems, leading to moderate exposure as these technologies augment or replace human operators in structured settings.",
"815 Textile, fur and leather products machine operators (Level 3)",8,815-textile-fur-and-leather-products-machine-operators-level-3,815,29304,wages_statfin,,,,,5518,,,,,,7,"This occupation is a hybrid of physical camera operation and digital video editing. While camera operators have a physical barrier to AI due to the need for on-site equipment management and real-world positioning, editors work entirely in digital environments where AI is rapidly automating tasks like color grading, sound syncing, and even rough-cut generation. The rise of generative video and AI-driven post-production tools significantly increases the productivity of each worker, potentially reducing the total number of editors needed for complex projects.",
"8151 Fibre preparing, spinning and winding machine operators (Level 4)",8,8151-fibre-preparing-spinning-and-winding-machine-operators-level-4,8151,37968,wages_statfin,,Upper secondary,None,Vocational training,89,,3,Stable,extras_csv,,7,"This occupation is a hybrid of physical camera operation and digital video editing. While camera operators have a physical barrier to AI due to the need for on-site equipment management and real-world positioning, editors work entirely in digital environments where AI is rapidly automating tasks like color grading, sound syncing, and even rough-cut generation. The rise of generative video and AI-driven post-production tools significantly increases the productivity of each worker, potentially reducing the total number of editors needed for complex projects.",
"8151. Fibre preparing, spinning and winding machine operators (Level 5)",8,8151-fibre-preparing-spinning-and-winding-machine-operators-level-5,8151.,37968,wages_statfin,,Upper secondary,None,Vocational training,89,,3,Stable,extras_csv,,7,"This occupation is a hybrid of physical camera operation and digital video editing. While camera operators have a physical barrier to AI due to the need for on-site equipment management and real-world positioning, editors work entirely in digital environments where AI is rapidly automating tasks like color grading, sound syncing, and even rough-cut generation. The rise of generative video and AI-driven post-production tools significantly increases the productivity of each worker, potentially reducing the total number of editors needed for complex projects.",
8152 Weaving and knitting machine operators (Level 4),8,8152-weaving-and-knitting-machine-operators-level-4,8152,36840,wages_statfin,,Upper secondary,None,Vocational training,378,,4,Below average,extras_csv,,7,"This occupation is a hybrid of physical camera operation and digital video editing. While camera operators have a physical barrier to AI due to the need for on-site equipment management and real-world positioning, editors work entirely in digital environments where AI is rapidly automating tasks like color grading, sound syncing, and even rough-cut generation. The rise of generative video and AI-driven post-production tools significantly increases the productivity of each worker, potentially reducing the total number of editors needed for complex projects.",
8152. Weaving and knitting machine operators (Level 5),8,8152-weaving-and-knitting-machine-operators-level-5,8152.,36840,wages_statfin,,Upper secondary,None,Vocational training,378,,4,Below average,extras_csv,,7,"This occupation is a hybrid of physical camera operation and digital video editing. While camera operators have a physical barrier to AI due to the need for on-site equipment management and real-world positioning, editors work entirely in digital environments where AI is rapidly automating tasks like color grading, sound syncing, and even rough-cut generation. The rise of generative video and AI-driven post-production tools significantly increases the productivity of each worker, potentially reducing the total number of editors needed for complex projects.",
8153 Sewing machine operators (Level 4),8,8153-sewing-machine-operators-level-4,8153,28956,wages_statfin,,Upper secondary,None,Vocational training,1098,,3,Stable,extras_csv,,4,"The core of the job is physical operation of heavy machinery in dynamic environments like warehouses and construction sites, which provides a buffer against full automation. However, AI-driven computer vision and autonomous navigation are increasingly being integrated into forklifts and conveyor systems, leading to moderate exposure as these technologies augment or replace human operators in structured settings.",
8153. Sewing machine operators (Level 5),8,8153-sewing-machine-operators-level-5,8153.,28956,wages_statfin,,Upper secondary,None,Vocational training,1098,,3,Stable,extras_csv,,4,"The core of the job is physical operation of heavy machinery in dynamic environments like warehouses and construction sites, which provides a buffer against full automation. However, AI-driven computer vision and autonomous navigation are increasingly being integrated into forklifts and conveyor systems, leading to moderate exposure as these technologies augment or replace human operators in structured settings.",
"8154 Bleaching, dyeing and fabric cleaning machine operators (Level 4)",8,8154-bleaching-dyeing-and-fabric-cleaning-machine-operators-level-4,8154,29304,inferred,,Upper secondary,None,Vocational training,54,,4,Below average,extras_csv,,7,"This occupation is a hybrid of physical camera operation and digital video editing. While camera operators have a physical barrier to AI due to the need for on-site equipment management and real-world positioning, editors work entirely in digital environments where AI is rapidly automating tasks like color grading, sound syncing, and even rough-cut generation. The rise of generative video and AI-driven post-production tools significantly increases the productivity of each worker, potentially reducing the total number of editors needed for complex projects.",
"8154. Bleaching, dyeing and fabric cleaning machine operators (Level 5)",8,8154-bleaching-dyeing-and-fabric-cleaning-machine-operators-level-5,8154.,,,,Upper secondary,None,Vocational training,54,,4,Below average,extras_csv,,7,"This occupation is a hybrid of physical camera operation and digital video editing. While camera operators have a physical barrier to AI due to the need for on-site equipment management and real-world positioning, editors work entirely in digital environments where AI is rapidly automating tasks like color grading, sound syncing, and even rough-cut generation. The rise of generative video and AI-driven post-production tools significantly increases the productivity of each worker, potentially reducing the total number of editors needed for complex projects.",
8155 Fur and leather preparing machine operators (Level 4),8,8155-fur-and-leather-preparing-machine-operators-level-4,8155,29304,inferred,,Upper secondary,None,Vocational training,22,,3,Stable,extras_csv,,7,"This occupation is a hybrid of physical camera operation and digital video editing. While camera operators have a physical barrier to AI due to the need for on-site equipment management and real-world positioning, editors work entirely in digital environments where AI is rapidly automating tasks like color grading, sound syncing, and even rough-cut generation. The rise of generative video and AI-driven post-production tools significantly increases the productivity of each worker, potentially reducing the total number of editors needed for complex projects.",
8155. Fur and leather preparing machine operators (Level 5),8,8155-fur-and-leather-preparing-machine-operators-level-5,8155.,,,,Upper secondary,None,Vocational training,22,,3,Stable,extras_csv,,7,"This occupation is a hybrid of physical camera operation and digital video editing. While camera operators have a physical barrier to AI due to the need for on-site equipment management and real-world positioning, editors work entirely in digital environments where AI is rapidly automating tasks like color grading, sound syncing, and even rough-cut generation. The rise of generative video and AI-driven post-production tools significantly increases the productivity of each worker, potentially reducing the total number of editors needed for complex projects.",
8156 Shoemaking and related machine operators (Level 4),8,8156-shoemaking-and-related-machine-operators-level-4,8156,33084,wages_statfin,,Upper secondary,None,Vocational training,585,,4,Below average,extras_csv,,7,"This occupation is a hybrid of physical camera operation and digital video editing. While camera operators have a physical barrier to AI due to the need for on-site equipment management and real-world positioning, editors work entirely in digital environments where AI is rapidly automating tasks like color grading, sound syncing, and even rough-cut generation. The rise of generative video and AI-driven post-production tools significantly increases the productivity of each worker, potentially reducing the total number of editors needed for complex projects.",
8156. Shoemaking and related machine operators (Level 5),8,8156-shoemaking-and-related-machine-operators-level-5,8156.,33084,wages_statfin,,Upper secondary,None,Vocational training,585,,4,Below average,extras_csv,,7,"This occupation is a hybrid of physical camera operation and digital video editing. While camera operators have a physical barrier to AI due to the need for on-site equipment management and real-world positioning, editors work entirely in digital environments where AI is rapidly automating tasks like color grading, sound syncing, and even rough-cut generation. The rise of generative video and AI-driven post-production tools significantly increases the productivity of each worker, potentially reducing the total number of editors needed for complex projects.",
8157 Laundry machine operators (Level 4),8,8157-laundry-machine-operators-level-4,8157,28392,wages_statfin,,Upper secondary,None,Vocational training,3102,,3,Stable,extras_csv,,4,"The core of the job is physical operation of heavy machinery in dynamic environments like warehouses and construction sites, which provides a buffer against full automation. However, AI-driven computer vision and autonomous navigation are increasingly being integrated into forklifts and conveyor systems, leading to moderate exposure as these technologies augment or replace human operators in structured settings.",
8157. Laundry machine operators (Level 5),8,8157-laundry-machine-operators-level-5,8157.,28392,wages_statfin,,Upper secondary,None,Vocational training,3102,,3,Stable,extras_csv,,4,"The core of the job is physical operation of heavy machinery in dynamic environments like warehouses and construction sites, which provides a buffer against full automation. However, AI-driven computer vision and autonomous navigation are increasingly being integrated into forklifts and conveyor systems, leading to moderate exposure as these technologies augment or replace human operators in structured settings.",
"8159 Textile, fur and leather products machine operators not elsewhere classified (Level 4)",8,8159-textile-fur-and-leather-products-machine-operators-not-elsewhere-classified-level-4,8159,31008,wages_statfin,,Upper secondary,None,Vocational training,190,,3,Stable,extras_csv,,10,"This professional occupation involves extensive digital knowledge work and analytical tasks that are highly susceptible to AI automation and augmentation. The work is primarily computer-based with limited physical requirements, making it highly exposed to AI capabilities.",
"8159. Textile, fur and leather products machine operators not elsewhere classified (Level 5)",8,8159-textile-fur-and-leather-products-machine-operators-not-elsewhere-classified-level-5,8159.,31008,wages_statfin,,Upper secondary,None,Vocational training,190,,3,Stable,extras_csv,,10,"This professional occupation involves extensive digital knowledge work and analytical tasks that are highly susceptible to AI automation and augmentation. The work is primarily computer-based with limited physical requirements, making it highly exposed to AI capabilities.",
816 Food and related products machine operators (Level 3),8,816-food-and-related-products-machine-operators-level-3,816,37068,wages_statfin,,,,,14814,,,,,,3,"The core of this occupation involves physical labor, such as clearing tables, carrying heavy trays, and cleaning, which are difficult to automate with current robotics. However, AI is increasingly handling digital peripheral tasks like order-taking via kiosks or voice-AI drive-thrus and managing reservations, which reduces the need for human staff in front-of-house roles.",
8160 Food and related products machine operators (Level 4),8,8160-food-and-related-products-machine-operators-level-4,8160,37068,wages_statfin,,Upper secondary,None,Vocational training,14814,,3,Below average,extras_csv,,3,"The core of this occupation involves physical labor, such as clearing tables, carrying heavy trays, and cleaning, which are difficult to automate with current robotics. However, AI is increasingly handling digital peripheral tasks like order-taking via kiosks or voice-AI drive-thrus and managing reservations, which reduces the need for human staff in front-of-house roles.",
8160. Food and related products machine operators (Level 5),8,8160-food-and-related-products-machine-operators-level-5,8160.,37068,wages_statfin,,Upper secondary,None,Vocational training,14814,,3,Below average,extras_csv,,3,"The core of this occupation involves physical labor, such as clearing tables, carrying heavy trays, and cleaning, which are difficult to automate with current robotics. However, AI is increasingly handling digital peripheral tasks like order-taking via kiosks or voice-AI drive-thrus and managing reservations, which reduces the need for human staff in front-of-house roles.",
817 Wood processing and papermaking plant operators (Level 3),8,817-wood-processing-and-papermaking-plant-operators-level-3,817,47712,wages_statfin,,,,,11372,,,,,,6,"The core tasks of monitoring data, adjusting power flows, and responding to system abnormalities are increasingly digital and data-driven, making them highly susceptible to AI-driven automation and smart-grid optimization. While the high-stakes nature of power infrastructure and the need for physical equipment inspections provide a buffer, the BLS already projects a 10% decline in employment due to technological advances and automated control rooms.",
8171 Pulp and papermaking plant operators (Level 4),8,8171-pulp-and-papermaking-plant-operators-level-4,8171,59664,wages_statfin,,Upper secondary,None,Vocational training,6230,,3,Stable,extras_csv,,6,"The core tasks of monitoring data, adjusting power flows, and responding to system abnormalities are increasingly digital and data-driven, making them highly susceptible to AI-driven automation and smart-grid optimization. While the high-stakes nature of power infrastructure and the need for physical equipment inspections provide a buffer, the BLS already projects a 10% decline in employment due to technological advances and automated control rooms.",
8171. Pulp and papermaking plant operators (Level 5),8,8171-pulp-and-papermaking-plant-operators-level-5,8171.,59664,wages_statfin,,Upper secondary,None,Vocational training,6230,,3,Stable,extras_csv,,6,"The core tasks of monitoring data, adjusting power flows, and responding to system abnormalities are increasingly digital and data-driven, making them highly susceptible to AI-driven automation and smart-grid optimization. While the high-stakes nature of power infrastructure and the need for physical equipment inspections provide a buffer, the BLS already projects a 10% decline in employment due to technological advances and automated control rooms.",
8172 Wood processing plant operators (Level 4),8,8172-wood-processing-plant-operators-level-4,8172,38340,wages_statfin,,Upper secondary,None,Vocational training,5142,,4,Below average,extras_csv,,6,"The core tasks of monitoring data, adjusting power flows, and responding to system abnormalities are increasingly digital and data-driven, making them highly susceptible to AI-driven automation and smart-grid optimization. While the high-stakes nature of power infrastructure and the need for physical equipment inspections provide a buffer, the BLS already projects a 10% decline in employment due to technological advances and automated control rooms.",
8172. Wood processing plant operators (Level 5),8,8172-wood-processing-plant-operators-level-5,8172.,38340,wages_statfin,,Upper secondary,None,Vocational training,5142,,4,Below average,extras_csv,,6,"The core tasks of monitoring data, adjusting power flows, and responding to system abnormalities are increasingly digital and data-driven, making them highly susceptible to AI-driven automation and smart-grid optimization. While the high-stakes nature of power infrastructure and the need for physical equipment inspections provide a buffer, the BLS already projects a 10% decline in employment due to technological advances and automated control rooms.",
818 Other stationary plant and machine operators (Level 3),8,818-other-stationary-plant-and-machine-operators-level-3,818,39276,wages_statfin,,,,,8332,,,,,,6,"The core tasks of monitoring data, adjusting power flows, and responding to system abnormalities are increasingly digital and data-driven, making them highly susceptible to AI-driven automation and smart-grid optimization. While the high-stakes nature of power infrastructure and the need for physical equipment inspections provide a buffer, the BLS already projects a 10% decline in employment due to technological advances and automated control rooms.",
8181 Glass and ceramics plant operators (Level 4),8,8181-glass-and-ceramics-plant-operators-level-4,8181,39216,wages_statfin,,Upper secondary,None,Vocational training,1317,,4,Below average,extras_csv,,6,"The core tasks of monitoring data, adjusting power flows, and responding to system abnormalities are increasingly digital and data-driven, making them highly susceptible to AI-driven automation and smart-grid optimization. While the high-stakes nature of power infrastructure and the need for physical equipment inspections provide a buffer, the BLS already projects a 10% decline in employment due to technological advances and automated control rooms.",
8181. Glass and ceramics plant operators (Level 5),8,8181-glass-and-ceramics-plant-operators-level-5,8181.,39216,wages_statfin,,Upper secondary,None,Vocational training,1317,,4,Below average,extras_csv,,6,"The core tasks of monitoring data, adjusting power flows, and responding to system abnormalities are increasingly digital and data-driven, making them highly susceptible to AI-driven automation and smart-grid optimization. While the high-stakes nature of power infrastructure and the need for physical equipment inspections provide a buffer, the BLS already projects a 10% decline in employment due to technological advances and automated control rooms.",
8182 Steam engine and boiler operators (Level 4),8,8182-steam-engine-and-boiler-operators-level-4,8182,49140,wages_statfin,,Upper secondary,None,Vocational training,2027,,3,Stable,extras_csv,,3,"The core of this occupation involves physical maintenance, manual repairs, and hands-on troubleshooting of heavy mechanical equipment in unpredictable physical environments. While AI and automated control systems can enhance monitoring and data logging, they cannot perform the physical tasks of overhauling valves, lubricating parts, or crawling inside boilers for inspections.",
8182. (Not more specifically classified) Steam engine and boiler operators (Level 5),8,8182-not-more-specifically-classified-steam-engine-and-boiler-operators-level-5,8182.,49140,wages_statfin,,Upper secondary,None,Vocational training,0,,3,Stable,extras_csv,,9,"This professional occupation involves extensive digital knowledge work and analytical tasks that are highly susceptible to AI automation and augmentation. The work is primarily computer-based with limited physical requirements, making it highly exposed to AI capabilities.",
81821 Power-production and waste treatment plant workers (Level 5),8,81821-power-production-and-waste-treatment-plant-workers-level-5,81821,50280,wages_statfin,,Upper secondary,None,Vocational training,1697,,3,Below average,extras_csv,,6,"The core tasks of monitoring data, adjusting power flows, and responding to system abnormalities are increasingly digital and data-driven, making them highly susceptible to AI-driven automation and smart-grid optimization. While the high-stakes nature of power infrastructure and the need for physical equipment inspections provide a buffer, the BLS already projects a 10% decline in employment due to technological advances and automated control rooms.",
"81822 Other plant workers, etc. (Level 5)",8,81822-other-plant-workers-etc-level-5,81822,43224,wages_statfin,,Upper secondary,None,Vocational training,330,,3,Below average,extras_csv,,,,
"8183 Packing, bottling and labelling machine operators (Level 4)",8,8183-packing-bottling-and-labelling-machine-operators-level-4,8183,37104,wages_statfin,,Upper secondary,None,Vocational training,4071,,4,Below average,extras_csv,,7,"This occupation is a hybrid of physical camera operation and digital video editing. While camera operators have a physical barrier to AI due to the need for on-site equipment management and real-world positioning, editors work entirely in digital environments where AI is rapidly automating tasks like color grading, sound syncing, and even rough-cut generation. The rise of generative video and AI-driven post-production tools significantly increases the productivity of each worker, potentially reducing the total number of editors needed for complex projects.",
"8183. Packing, bottling and labelling machine operators (Level 5)",8,8183-packing-bottling-and-labelling-machine-operators-level-5,8183.,37104,wages_statfin,,Upper secondary,None,Vocational training,4071,,4,Below average,extras_csv,,7,"This occupation is a hybrid of physical camera operation and digital video editing. While camera operators have a physical barrier to AI due to the need for on-site equipment management and real-world positioning, editors work entirely in digital environments where AI is rapidly automating tasks like color grading, sound syncing, and even rough-cut generation. The rise of generative video and AI-driven post-production tools significantly increases the productivity of each worker, potentially reducing the total number of editors needed for complex projects.",
8189 Stationary plant and machine operators not elsewhere classified (Level 4),8,8189-stationary-plant-and-machine-operators-not-elsewhere-classified-level-4,8189,39252,wages_statfin,,Upper secondary,None,Vocational training,917,,4,Below average,extras_csv,,6,"The core tasks of monitoring data, adjusting power flows, and responding to system abnormalities are increasingly digital and data-driven, making them highly susceptible to AI-driven automation and smart-grid optimization. While the high-stakes nature of power infrastructure and the need for physical equipment inspections provide a buffer, the BLS already projects a 10% decline in employment due to technological advances and automated control rooms.",
8189. Stationary plant and machine operators not elsewhere classified (Level 5),8,8189-stationary-plant-and-machine-operators-not-elsewhere-classified-level-5,8189.,39252,wages_statfin,,Upper secondary,None,Vocational training,917,,4,Below average,extras_csv,,6,"The core tasks of monitoring data, adjusting power flows, and responding to system abnormalities are increasingly digital and data-driven, making them highly susceptible to AI-driven automation and smart-grid optimization. While the high-stakes nature of power infrastructure and the need for physical equipment inspections provide a buffer, the BLS already projects a 10% decline in employment due to technological advances and automated control rooms.",
82 Assemblers (Level 2),8,82-assemblers-level-2,82,35916,wages_statfin,,,,,23361,,,,,,3,"The core of this occupation involves physical manipulation, manual dexterity, and real-time adjustments in a physical environment, which provides a significant buffer against AI. While AI and robotics are increasing efficiency and automating some repetitive tasks, a substantial portion of the work—especially in complex assembly, prototyping, and custom fabrication—still requires human presence and tactile skill.",
821 Assemblers (Level 3),8,821-assemblers-level-3,821,35916,wages_statfin,,,,,23361,,,,,,3,"The core of this occupation involves physical manipulation, manual dexterity, and real-time adjustments in a physical environment, which provides a significant buffer against AI. While AI and robotics are increasing efficiency and automating some repetitive tasks, a substantial portion of the work—especially in complex assembly, prototyping, and custom fabrication—still requires human presence and tactile skill.",
8211 Mechanical machinery assemblers (Level 4),8,8211-mechanical-machinery-assemblers-level-4,8211,36960,wages_statfin,,Upper secondary,None,Vocational training,12173,,3,Stable,extras_csv,,4,"This machine operation occupation has moderate AI exposure. While some tasks (particularly administrative and routine aspects) are susceptible to automation, the role requires physical presence, manual skills, or interpersonal interaction that provides a buffer against full automation.",
8211. Mechanical machinery assemblers (Level 5),8,8211-mechanical-machinery-assemblers-level-5,8211.,36960,wages_statfin,,Upper secondary,None,Vocational training,12173,,3,Stable,extras_csv,,4,"This machine operation occupation has moderate AI exposure. While some tasks (particularly administrative and routine aspects) are susceptible to automation, the role requires physical presence, manual skills, or interpersonal interaction that provides a buffer against full automation.",
8212 Electrical and electronic equipment assemblers (Level 4),8,8212-electrical-and-electronic-equipment-assemblers-level-4,8212,35328,wages_statfin,,Upper secondary,None,Vocational training,7832,,4,Below average,extras_csv,,3,"The core of this occupation involves physical labor, manual dexterity, and real-time troubleshooting in a physical environment, which provides a strong barrier against AI automation. While AI will significantly enhance diagnostic capabilities, predictive maintenance, and the interpretation of flight data, the actual repair, assembly, and FAA-regulated physical inspections must still be performed by human technicians.",
8212. Electrical and electronic equipment assemblers (Level 5),8,8212-electrical-and-electronic-equipment-assemblers-level-5,8212.,35328,wages_statfin,,Upper secondary,None,Vocational training,7832,,4,Below average,extras_csv,,3,"The core of this occupation involves physical labor, manual dexterity, and real-time troubleshooting in a physical environment, which provides a strong barrier against AI automation. While AI will significantly enhance diagnostic capabilities, predictive maintenance, and the interpretation of flight data, the actual repair, assembly, and FAA-regulated physical inspections must still be performed by human technicians.",
8219 Assemblers not elsewhere classified (Level 4),8,8219-assemblers-not-elsewhere-classified-level-4,8219,34152,wages_statfin,,Upper secondary,None,Vocational training,3356,,3,Stable,extras_csv,,5,"This machine operation occupation has moderate AI exposure. While some tasks (particularly administrative and routine aspects) are susceptible to automation, the role requires physical presence, manual skills, or interpersonal interaction that provides a buffer against full automation.",
8219. Assemblers not elsewhere classified (Level 5),8,8219-assemblers-not-elsewhere-classified-level-5,8219.,34152,wages_statfin,,Upper secondary,None,Vocational training,3356,,3,Stable,extras_csv,,5,"This machine operation occupation has moderate AI exposure. While some tasks (particularly administrative and routine aspects) are susceptible to automation, the role requires physical presence, manual skills, or interpersonal interaction that provides a buffer against full automation.",
83 Drivers and mobile plant operators (Level 2),8,83-drivers-and-mobile-plant-operators-level-2,83,42216,wages_statfin,,Upper secondary,None,Vocational training,100004,,3,Below average,,,6,"The core tasks of monitoring data, adjusting power flows, and responding to system abnormalities are increasingly digital and data-driven, making them highly susceptible to AI-driven automation and smart-grid optimization. While the high-stakes nature of power infrastructure and the need for physical equipment inspections provide a buffer, the BLS already projects a 10% decline in employment due to technological advances and automated control rooms.",
83. (Not more specifically classified) Drivers and mobile plant operators (Level 3),8,83-not-more-specifically-classified-drivers-and-mobile-plant-operators-level-3,83.,,,,,,,25,,,,,,9,"This professional occupation involves extensive digital knowledge work and analytical tasks that are highly susceptible to AI automation and augmentation. The work is primarily computer-based with limited physical requirements, making it highly exposed to AI capabilities.",
83..  (Not more specifically classified) Drivers and mobile plant operators (Level 4),8,83-not-more-specifically-classified-drivers-and-mobile-plant-operators-level-4,83..,,,,Upper secondary,None,Vocational training,25,,3,Below average,extras_csv,,9,"This professional occupation involves extensive digital knowledge work and analytical tasks that are highly susceptible to AI automation and augmentation. The work is primarily computer-based with limited physical requirements, making it highly exposed to AI capabilities.",
83... (Not more specifically classified) Drivers and mobile plant operators (Level 5),8,83-not-more-specifically-classified-drivers-and-mobile-plant-operators-level-5,83...,42216,wages_statfin,,Upper secondary,None,Vocational training,25,,3,Below average,extras_csv,,9,"This professional occupation involves extensive digital knowledge work and analytical tasks that are highly susceptible to AI automation and augmentation. The work is primarily computer-based with limited physical requirements, making it highly exposed to AI capabilities.",
831 Locomotive engine drivers and related workers (Level 3),8,831-locomotive-engine-drivers-and-related-workers-level-3,831,58560,wages_statfin,,Upper secondary,None,Vocational training,2088,,3,Below average,,,3,"While AI and autonomous vehicle technology are advancing, the core of this job involves significant physical labor, such as loading/unloading cargo and navigating unpredictable 'last-mile' environments. AI may optimize routing and assist with sales communication, but the physical requirement to move goods from a vehicle to a customer's door remains a major barrier to full automation.",
831.  (Not more specifically classified) Locomotive engine drivers and related workers (Level 4),8,831-not-more-specifically-classified-locomotive-engine-drivers-and-related-workers-level-4,831.,,,,Upper secondary,None,Vocational training,0,,3,Below average,extras_csv,,1,"This craft occupation has minimal AI exposure. The work is almost entirely physical, requiring hands-on skills, manual labor, or real-time physical interaction with the environment. These tasks cannot be meaningfully automated by current or near-term AI technologies.",
831.. (Not more specifically classified) Locomotive engine drivers and related workers (Level 5),8,831-not-more-specifically-classified-locomotive-engine-drivers-and-related-workers-level-5,831..,58560,wages_statfin,,Upper secondary,None,Vocational training,0,,3,Below average,extras_csv,,1,"This craft occupation has minimal AI exposure. The work is almost entirely physical, requiring hands-on skills, manual labor, or real-time physical interaction with the environment. These tasks cannot be meaningfully automated by current or near-term AI technologies.",
8311 Locomotive engine drivers (Level 4),8,8311-locomotive-engine-drivers-level-4,8311,58560,inferred,,Upper secondary,None,Vocational training,1431,,3,Stable,extras_csv,,4,"This machine operation occupation has moderate AI exposure. While some tasks (particularly administrative and routine aspects) are susceptible to automation, the role requires physical presence, manual skills, or interpersonal interaction that provides a buffer against full automation.",
8311. Locomotive engine drivers (Level 5),8,8311-locomotive-engine-drivers-level-5,8311.,,,,Upper secondary,None,Vocational training,1431,,3,Stable,extras_csv,,4,"This machine operation occupation has moderate AI exposure. While some tasks (particularly administrative and routine aspects) are susceptible to automation, the role requires physical presence, manual skills, or interpersonal interaction that provides a buffer against full automation.",
"8312 Railway brake, signal and switch operators (Level 4)",8,8312-railway-brake-signal-and-switch-operators-level-4,8312,58560,inferred,,Upper secondary,None,Vocational training,657,,4,Below average,extras_csv,,7,"This occupation is a hybrid of physical camera operation and digital video editing. While camera operators have a physical barrier to AI due to the need for on-site equipment management and real-world positioning, editors work entirely in digital environments where AI is rapidly automating tasks like color grading, sound syncing, and even rough-cut generation. The rise of generative video and AI-driven post-production tools significantly increases the productivity of each worker, potentially reducing the total number of editors needed for complex projects.",
"8312. Railway brake, signal and switch operators (Level 5)",8,8312-railway-brake-signal-and-switch-operators-level-5,8312.,,,,Upper secondary,None,Vocational training,657,,4,Below average,extras_csv,,7,"This occupation is a hybrid of physical camera operation and digital video editing. While camera operators have a physical barrier to AI due to the need for on-site equipment management and real-world positioning, editors work entirely in digital environments where AI is rapidly automating tasks like color grading, sound syncing, and even rough-cut generation. The rise of generative video and AI-driven post-production tools significantly increases the productivity of each worker, potentially reducing the total number of editors needed for complex projects.",
"832 Car, van and motorcycle drivers (Level 3)",8,832-car-van-and-motorcycle-drivers-level-3,832,33120,wages_statfin,,Upper secondary,None,Vocational training,18009,,3,Below average,,,3,"While AI and autonomous vehicle technology are advancing, the core of this job involves significant physical labor, such as loading/unloading cargo and navigating unpredictable 'last-mile' environments. AI may optimize routing and assist with sales communication, but the physical requirement to move goods from a vehicle to a customer's door remains a major barrier to full automation.",
"832.  (Not more specifically classified) Car, van and motorcycle drivers (Level 4)",8,832-not-more-specifically-classified-car-van-and-motorcycle-drivers-level-4,832.,,,,Upper secondary,None,Vocational training,0,,3,Below average,extras_csv,,9,"This professional occupation involves extensive digital knowledge work and analytical tasks that are highly susceptible to AI automation and augmentation. The work is primarily computer-based with limited physical requirements, making it highly exposed to AI capabilities.",
"832.. (Not more specifically classified) Car, van and motorcycle drivers (Level 5)",8,832-not-more-specifically-classified-car-van-and-motorcycle-drivers-level-5,832..,33120,wages_statfin,,Upper secondary,None,Vocational training,0,,3,Below average,extras_csv,,9,"This professional occupation involves extensive digital knowledge work and analytical tasks that are highly susceptible to AI automation and augmentation. The work is primarily computer-based with limited physical requirements, making it highly exposed to AI capabilities.",
8321 Motorcycle drivers (Level 4),8,8321-motorcycle-drivers-level-4,8321,33120,inferred,,Upper secondary,None,Vocational training,4,,3,Stable,extras_csv,,4,"This machine operation occupation has moderate AI exposure. While some tasks (particularly administrative and routine aspects) are susceptible to automation, the role requires physical presence, manual skills, or interpersonal interaction that provides a buffer against full automation.",
8321. Motorcycle drivers (Level 5),8,8321-motorcycle-drivers-level-5,8321.,,,,Upper secondary,None,Vocational training,4,,3,Stable,extras_csv,,4,"This machine operation occupation has moderate AI exposure. While some tasks (particularly administrative and routine aspects) are susceptible to automation, the role requires physical presence, manual skills, or interpersonal interaction that provides a buffer against full automation.",
"8322 Car, taxi and van drivers (Level 4)",8,8322-car-taxi-and-van-drivers-level-4,8322,33120,inferred,,Upper secondary,None,Vocational training,18005,,4,Below average,extras_csv,,5,"While the core task of driving is highly susceptible to automation through autonomous vehicle technology (AI), the job currently requires significant physical presence for tasks like loading luggage, assisting passengers with disabilities, and performing vehicle maintenance. The transition to fully driverless fleets faces regulatory and technical hurdles in complex environments, but the long-term trajectory for this digital-adjacent physical task is one of high potential displacement.",
"8322. Car, taxi and van drivers (Level 5)",8,8322-car-taxi-and-van-drivers-level-5,8322.,,,,Upper secondary,None,Vocational training,18005,,4,Below average,extras_csv,,5,"While the core task of driving is highly susceptible to automation through autonomous vehicle technology (AI), the job currently requires significant physical presence for tasks like loading luggage, assisting passengers with disabilities, and performing vehicle maintenance. The transition to fully driverless fleets faces regulatory and technical hurdles in complex environments, but the long-term trajectory for this digital-adjacent physical task is one of high potential displacement.",
833 Heavy truck and bus drivers (Level 3),8,833-heavy-truck-and-bus-drivers-level-3,833,42432,wages_statfin,,,,,51662,,,,,,4,"While autonomous driving technology is a direct long-term threat to the core task of vehicle operation, the role involves significant physical and interpersonal responsibilities that AI cannot yet replicate. School bus drivers must manage student behavior and safety, while transit and charter drivers assist passengers with disabilities and handle physical luggage, creating a substantial barrier to full automation in the near term.",
8331 Bus and tram drivers (Level 4),8,8331-bus-and-tram-drivers-level-4,8331,41988,wages_statfin,,Upper secondary,None,Vocational training,11005,,3,Stable,extras_csv,,4,"While autonomous driving technology is a direct long-term threat to the core task of vehicle operation, the role involves significant physical and interpersonal responsibilities that AI cannot yet replicate. School bus drivers must manage student behavior and safety, while transit and charter drivers assist passengers with disabilities and handle physical luggage, creating a substantial barrier to full automation in the near term.",
8331. Bus and tram drivers (Level 5),8,8331-bus-and-tram-drivers-level-5,8331.,41988,wages_statfin,,Upper secondary,None,Vocational training,11005,,3,Stable,extras_csv,,4,"While autonomous driving technology is a direct long-term threat to the core task of vehicle operation, the role involves significant physical and interpersonal responsibilities that AI cannot yet replicate. School bus drivers must manage student behavior and safety, while transit and charter drivers assist passengers with disabilities and handle physical luggage, creating a substantial barrier to full automation in the near term.",
8332 Heavy truck and lorry drivers (Level 4),8,8332-heavy-truck-and-lorry-drivers-level-4,8332,42588,wages_statfin,,Upper secondary,None,Vocational training,40657,,4,Below average,extras_csv,,5,"While the core task of driving is physical and occurs in a complex real-world environment, it is a primary target for autonomous vehicle AI, which could eventually automate long-haul highway segments. However, the job still requires significant physical presence for non-driving tasks like securing cargo, conducting inspections, and navigating 'last-mile' urban environments that remain challenging for current AI.",
8332. Heavy truck and lorry drivers (Level 5),8,8332-heavy-truck-and-lorry-drivers-level-5,8332.,42588,wages_statfin,,Upper secondary,None,Vocational training,40657,,4,Below average,extras_csv,,5,"While the core task of driving is physical and occurs in a complex real-world environment, it is a primary target for autonomous vehicle AI, which could eventually automate long-haul highway segments. However, the job still requires significant physical presence for non-driving tasks like securing cargo, conducting inspections, and navigating 'last-mile' urban environments that remain challenging for current AI.",
834 Mobile plant operators (Level 3),8,834-mobile-plant-operators-level-3,834,43440,wages_statfin,,,,,26908,,,,,,6,"The core tasks of monitoring data, adjusting power flows, and responding to system abnormalities are increasingly digital and data-driven, making them highly susceptible to AI-driven automation and smart-grid optimization. While the high-stakes nature of power infrastructure and the need for physical equipment inspections provide a buffer, the BLS already projects a 10% decline in employment due to technological advances and automated control rooms.",
8341 Mobile farm and forestry plant operators (Level 4),8,8341-mobile-farm-and-forestry-plant-operators-level-4,8341,40764,wages_statfin,,Upper secondary,None,Vocational training,7723,,3,Stable,extras_csv,,6,"The core tasks of monitoring data, adjusting power flows, and responding to system abnormalities are increasingly digital and data-driven, making them highly susceptible to AI-driven automation and smart-grid optimization. While the high-stakes nature of power infrastructure and the need for physical equipment inspections provide a buffer, the BLS already projects a 10% decline in employment due to technological advances and automated control rooms.",
8341. Mobile farm and forestry plant operators (Level 5),8,8341-mobile-farm-and-forestry-plant-operators-level-5,8341.,40764,wages_statfin,,Upper secondary,None,Vocational training,7723,,3,Stable,extras_csv,,6,"The core tasks of monitoring data, adjusting power flows, and responding to system abnormalities are increasingly digital and data-driven, making them highly susceptible to AI-driven automation and smart-grid optimization. While the high-stakes nature of power infrastructure and the need for physical equipment inspections provide a buffer, the BLS already projects a 10% decline in employment due to technological advances and automated control rooms.",
8342 Earthmoving and related plant operators (Level 4),8,8342-earthmoving-and-related-plant-operators-level-4,8342,42588,wages_statfin,,Upper secondary,None,Vocational training,13584,,4,Below average,extras_csv,,6,"The core tasks of monitoring data, adjusting power flows, and responding to system abnormalities are increasingly digital and data-driven, making them highly susceptible to AI-driven automation and smart-grid optimization. While the high-stakes nature of power infrastructure and the need for physical equipment inspections provide a buffer, the BLS already projects a 10% decline in employment due to technological advances and automated control rooms.",
8342. Earthmoving and related plant operators (Level 5),8,8342-earthmoving-and-related-plant-operators-level-5,8342.,42588,wages_statfin,,Upper secondary,None,Vocational training,13584,,4,Below average,extras_csv,,6,"The core tasks of monitoring data, adjusting power flows, and responding to system abnormalities are increasingly digital and data-driven, making them highly susceptible to AI-driven automation and smart-grid optimization. While the high-stakes nature of power infrastructure and the need for physical equipment inspections provide a buffer, the BLS already projects a 10% decline in employment due to technological advances and automated control rooms.",
"8343 Crane, hoist and related plant operators (Level 4)",8,8343-crane-hoist-and-related-plant-operators-level-4,8343,50244,wages_statfin,,Upper secondary,None,Vocational training,1754,,3,Stable,extras_csv,,6,"The core tasks of monitoring data, adjusting power flows, and responding to system abnormalities are increasingly digital and data-driven, making them highly susceptible to AI-driven automation and smart-grid optimization. While the high-stakes nature of power infrastructure and the need for physical equipment inspections provide a buffer, the BLS already projects a 10% decline in employment due to technological advances and automated control rooms.",
"8343. Crane, hoist and related plant operators (Level 5)",8,8343-crane-hoist-and-related-plant-operators-level-5,8343.,50244,wages_statfin,,Upper secondary,None,Vocational training,1754,,3,Stable,extras_csv,,6,"The core tasks of monitoring data, adjusting power flows, and responding to system abnormalities are increasingly digital and data-driven, making them highly susceptible to AI-driven automation and smart-grid optimization. While the high-stakes nature of power infrastructure and the need for physical equipment inspections provide a buffer, the BLS already projects a 10% decline in employment due to technological advances and automated control rooms.",
8344 Lifting truck operators (Level 4),8,8344-lifting-truck-operators-level-4,8344,48960,wages_statfin,,Upper secondary,None,Vocational training,3847,,4,Below average,extras_csv,,5,"This machine operation occupation has moderate AI exposure. While some tasks (particularly administrative and routine aspects) are susceptible to automation, the role requires physical presence, manual skills, or interpersonal interaction that provides a buffer against full automation.",
8344. (Not more specifically classified) Lifting truck operators (Level 5),8,8344-not-more-specifically-classified-lifting-truck-operators-level-5,8344.,48960,wages_statfin,,Upper secondary,None,Vocational training,3,,4,Below average,extras_csv,,9,"This professional occupation involves extensive digital knowledge work and analytical tasks that are highly susceptible to AI automation and augmentation. The work is primarily computer-based with limited physical requirements, making it highly exposed to AI capabilities.",
83441 Stevedores (Level 5),8,83441-stevedores-level-5,83441,57372,wages_statfin,,Upper secondary,None,Vocational training,1896,,3,Below average,extras_csv,,,,
"83442 Lifting-truck operators, etc. (Level 5)",8,83442-lifting-truck-operators-etc-level-5,83442,42216,wages_statfin,,Upper secondary,None,Vocational training,1948,,3,Below average,extras_csv,,5,"This machine operation occupation has moderate AI exposure. While some tasks (particularly administrative and routine aspects) are susceptible to automation, the role requires physical presence, manual skills, or interpersonal interaction that provides a buffer against full automation.",
835 Ships' deck crews and related workers (Level 3),8,835-ships-deck-crews-and-related-workers-level-3,835,48732,wages_statfin,,,,,1312,,,,,,2,"The core duties are highly physical and take place in unpredictable outdoor environments, requiring manual labor, mechanical repair, and real-time physical coordination. AI's impact is limited to peripheral enhancements in fish-finding sonar, GPS navigation, and regulatory data processing, but it cannot replace the physical act of hauling nets, trapping animals, or maintaining vessels.",
8350 Ships' deck crews and related workers (Level 4),8,8350-ships-deck-crews-and-related-workers-level-4,8350,48732,wages_statfin,,Upper secondary,None,Vocational training,1312,,3,Stable,extras_csv,,2,"The core duties are highly physical and take place in unpredictable outdoor environments, requiring manual labor, mechanical repair, and real-time physical coordination. AI's impact is limited to peripheral enhancements in fish-finding sonar, GPS navigation, and regulatory data processing, but it cannot replace the physical act of hauling nets, trapping animals, or maintaining vessels.",
8350. Ships' deck crews and related workers (Level 5),8,8350-ships-deck-crews-and-related-workers-level-5,8350.,48732,wages_statfin,,Upper secondary,None,Vocational training,1312,,3,Stable,extras_csv,,2,"The core duties are highly physical and take place in unpredictable outdoor environments, requiring manual labor, mechanical repair, and real-time physical coordination. AI's impact is limited to peripheral enhancements in fish-finding sonar, GPS navigation, and regulatory data processing, but it cannot replace the physical act of hauling nets, trapping animals, or maintaining vessels.",
9  Elementary occupations (Level 1),9,9-elementary-occupations-level-1,9,30588,wages_statfin,,,,,154973,,,,,,,,
91 Cleaners and helpers (Level 2),9,91-cleaners-and-helpers-level-2,91,28488,wages_statfin,,,,,71529,,,,,,1,"The core duties of this occupation are almost entirely physical, involving manual labor, tool operation, and site preparation in unpredictable outdoor environments. While AI might assist with peripheral tasks like scheduling or specialized robotic equipment control, the vast majority of the work requires human presence, physical strength, and real-time adaptation to physical obstacles.",
"911 Domestic, hotel and office cleaners and helpers (Level 3)",9,911-domestic-hotel-and-office-cleaners-and-helpers-level-3,911,28464,wages_statfin,,,,,70944,,,,,,1,"The core duties of this occupation are almost entirely physical, involving manual labor, tool operation, and site preparation in unpredictable outdoor environments. While AI might assist with peripheral tasks like scheduling or specialized robotic equipment control, the vast majority of the work requires human presence, physical strength, and real-time adaptation to physical obstacles.",
9111 Domestic cleaners and helpers (Level 4),9,9111-domestic-cleaners-and-helpers-level-4,9111,24756,wages_statfin,,Basic education,None,On-the-job training,1096,,-5,Labor surplus,extras_csv,,1,"The core duties of this occupation are almost entirely physical, involving manual labor, tool operation, and site preparation in unpredictable outdoor environments. While AI might assist with peripheral tasks like scheduling or specialized robotic equipment control, the vast majority of the work requires human presence, physical strength, and real-time adaptation to physical obstacles.",
9111. Domestic cleaners and helpers (Level 5),9,9111-domestic-cleaners-and-helpers-level-5,9111.,24756,wages_statfin,,Basic education,None,On-the-job training,1096,,-5,Labor surplus,extras_csv,,1,"The core duties of this occupation are almost entirely physical, involving manual labor, tool operation, and site preparation in unpredictable outdoor environments. While AI might assist with peripheral tasks like scheduling or specialized robotic equipment control, the vast majority of the work requires human presence, physical strength, and real-time adaptation to physical obstacles.",
"9112 Cleaners and helpers in offices, hotels and other establishments (Level 4)",9,9112-cleaners-and-helpers-in-offices-hotels-and-other-establishments-level-4,9112,28500,wages_statfin,,Basic education,None,On-the-job training,69848,,-5,Labor surplus,extras_csv,,1,"The core duties of this occupation are almost entirely physical, involving manual labor, tool operation, and site preparation in unpredictable outdoor environments. While AI might assist with peripheral tasks like scheduling or specialized robotic equipment control, the vast majority of the work requires human presence, physical strength, and real-time adaptation to physical obstacles.",
"91121 Office cleaners, etc. (Level 5)",9,91121-office-cleaners-etc-level-5,91121,27432,wages_statfin,,Basic education,None,On-the-job training,38598,,-5,Labor surplus,extras_csv,,,,
91122 Hotel cleaners (Level 5),9,91122-hotel-cleaners-level-5,91122,28932,wages_statfin,,Basic education,None,On-the-job training,1240,,-5,Labor surplus,extras_csv,,,,
91123 Hospital and institutional helpers (Level 5),9,91123-hospital-and-institutional-helpers-level-5,91123,31344,wages_statfin,,Basic education,None,On-the-job training,21651,,-5,Labor surplus,extras_csv,,1,"The core duties of this occupation are almost entirely physical, involving manual labor, tool operation, and site preparation in unpredictable outdoor environments. While AI might assist with peripheral tasks like scheduling or specialized robotic equipment control, the vast majority of the work requires human presence, physical strength, and real-time adaptation to physical obstacles.",
91124 Kindergarten assistants (Level 5),9,91124-kindergarten-assistants-level-5,91124,27096,wages_statfin,,Basic education,None,On-the-job training,5070,,-5,Labor surplus,extras_csv,,,,
91129 Other cleaners not elsewhere classified (Level 5),9,91129-other-cleaners-not-elsewhere-classified-level-5,91129,30108,wages_statfin,,Basic education,None,On-the-job training,3289,,-5,Labor surplus,extras_csv,,10,"This professional occupation involves extensive digital knowledge work and analytical tasks that are highly susceptible to AI automation and augmentation. The work is primarily computer-based with limited physical requirements, making it highly exposed to AI capabilities.",
"912 Vehicle, window, laundry and other hand cleaning workers (Level 3)",9,912-vehicle-window-laundry-and-other-hand-cleaning-workers-level-3,912,30420,wages_statfin,,Basic education,None,On-the-job training,585,,-5,Labor surplus,,,1,"This elementary occupation has minimal AI exposure. The work is almost entirely physical, requiring hands-on skills, manual labor, or real-time physical interaction with the environment. These tasks cannot be meaningfully automated by current or near-term AI technologies.",
"912.  (Not more specifically classified) Vehicle, window, laundry and other hand cleaning workers (Level 4)",9,912-not-more-specifically-classified-vehicle-window-laundry-and-other-hand-cleaning-workers-level-4,912.,,,,Basic education,None,On-the-job training,0,,-5,Labor surplus,extras_csv,,9,"This professional occupation involves extensive digital knowledge work and analytical tasks that are highly susceptible to AI automation and augmentation. The work is primarily computer-based with limited physical requirements, making it highly exposed to AI capabilities.",
"912.. (Not more specifically classified) Vehicle, window, laundry and other hand cleaning workers (Level 5)",9,912-not-more-specifically-classified-vehicle-window-laundry-and-other-hand-cleaning-workers-level-5,912..,30420,wages_statfin,,Basic education,None,On-the-job training,0,,-5,Labor surplus,extras_csv,,9,"This professional occupation involves extensive digital knowledge work and analytical tasks that are highly susceptible to AI automation and augmentation. The work is primarily computer-based with limited physical requirements, making it highly exposed to AI capabilities.",
9122 Vehicle cleaners (Level 4),9,9122-vehicle-cleaners-level-4,9122,30552,wages_statfin,,Basic education,None,On-the-job training,397,,-5,Labor surplus,extras_csv,,0,"This elementary occupation has minimal AI exposure. The work is almost entirely physical, requiring hands-on skills, manual labor, or real-time physical interaction with the environment. These tasks cannot be meaningfully automated by current or near-term AI technologies.",
9122. Vehicle cleaners (Level 5),9,9122-vehicle-cleaners-level-5,9122.,30552,wages_statfin,,Basic education,None,On-the-job training,397,,-5,Labor surplus,extras_csv,,0,"This elementary occupation has minimal AI exposure. The work is almost entirely physical, requiring hands-on skills, manual labor, or real-time physical interaction with the environment. These tasks cannot be meaningfully automated by current or near-term AI technologies.",
9123 Window cleaners (Level 4),9,9123-window-cleaners-level-4,9123,30420,inferred,,Basic education,None,On-the-job training,40,,-5,Labor surplus,extras_csv,,0,"This elementary occupation has minimal AI exposure. The work is almost entirely physical, requiring hands-on skills, manual labor, or real-time physical interaction with the environment. These tasks cannot be meaningfully automated by current or near-term AI technologies.",
9123. Window cleaners (Level 5),9,9123-window-cleaners-level-5,9123.,,,,Basic education,None,On-the-job training,40,,-5,Labor surplus,extras_csv,,0,"This elementary occupation has minimal AI exposure. The work is almost entirely physical, requiring hands-on skills, manual labor, or real-time physical interaction with the environment. These tasks cannot be meaningfully automated by current or near-term AI technologies.",
9129 Other cleaning workers (Level 4),9,9129-other-cleaning-workers-level-4,9129,30420,inferred,,Basic education,None,On-the-job training,148,,-5,Labor surplus,extras_csv,,1,"This elementary occupation has minimal AI exposure. The work is almost entirely physical, requiring hands-on skills, manual labor, or real-time physical interaction with the environment. These tasks cannot be meaningfully automated by current or near-term AI technologies.",
9129. Other cleaning workers (Level 5),9,9129-other-cleaning-workers-level-5,9129.,,,,Basic education,None,On-the-job training,148,,-5,Labor surplus,extras_csv,,1,"This elementary occupation has minimal AI exposure. The work is almost entirely physical, requiring hands-on skills, manual labor, or real-time physical interaction with the environment. These tasks cannot be meaningfully automated by current or near-term AI technologies.",
"92 Agricultural, forestry and fishery labourers (Level 2)",9,92-agricultural-forestry-and-fishery-labourers-level-2,92,25344,wages_statfin,,,,,1187,,,,,,0,"This elementary occupation has minimal AI exposure. The work is almost entirely physical, requiring hands-on skills, manual labor, or real-time physical interaction with the environment. These tasks cannot be meaningfully automated by current or near-term AI technologies.",
"921 Agricultural, forestry and fishery labourers (Level 3)",9,921-agricultural-forestry-and-fishery-labourers-level-3,921,25344,wages_statfin,,Basic education,None,On-the-job training,1187,,-5,Labor surplus,,,0,"This elementary occupation has minimal AI exposure. The work is almost entirely physical, requiring hands-on skills, manual labor, or real-time physical interaction with the environment. These tasks cannot be meaningfully automated by current or near-term AI technologies.",
"921.  (Not more specifically classified) Agricultural, forestry and fishery labourers (Level 4)",9,921-not-more-specifically-classified-agricultural-forestry-and-fishery-labourers-level-4,921.,,,,Basic education,None,On-the-job training,0,,-5,Labor surplus,extras_csv,,0,"This elementary occupation has minimal AI exposure. The work is almost entirely physical, requiring hands-on skills, manual labor, or real-time physical interaction with the environment. These tasks cannot be meaningfully automated by current or near-term AI technologies.",
"921.. (Not more specifically classified) Agricultural, forestry and fishery labourers (Level 5)",9,921-not-more-specifically-classified-agricultural-forestry-and-fishery-labourers-level-5,921..,25344,wages_statfin,,Basic education,None,On-the-job training,0,,-5,Labor surplus,extras_csv,,0,"This elementary occupation has minimal AI exposure. The work is almost entirely physical, requiring hands-on skills, manual labor, or real-time physical interaction with the environment. These tasks cannot be meaningfully automated by current or near-term AI technologies.",
9211 Crop farm labourers (Level 4),9,9211-crop-farm-labourers-level-4,9211,23880,wages_statfin,,Basic education,None,On-the-job training,571,,-6,Declining significantly,extras_csv,,1,"This elementary occupation has minimal AI exposure. The work is almost entirely physical, requiring hands-on skills, manual labor, or real-time physical interaction with the environment. These tasks cannot be meaningfully automated by current or near-term AI technologies.",
9211. Crop farm labourers (Level 5),9,9211-crop-farm-labourers-level-5,9211.,23880,wages_statfin,,Basic education,None,On-the-job training,571,,-6,Declining significantly,extras_csv,,1,"This elementary occupation has minimal AI exposure. The work is almost entirely physical, requiring hands-on skills, manual labor, or real-time physical interaction with the environment. These tasks cannot be meaningfully automated by current or near-term AI technologies.",
9212 Livestock farm labourers (Level 4),9,9212-livestock-farm-labourers-level-4,9212,25344,inferred,,Basic education,None,On-the-job training,22,,-5,Labor surplus,extras_csv,,1,"This elementary occupation has minimal AI exposure. The work is almost entirely physical, requiring hands-on skills, manual labor, or real-time physical interaction with the environment. These tasks cannot be meaningfully automated by current or near-term AI technologies.",
9212. Livestock farm labourers (Level 5),9,9212-livestock-farm-labourers-level-5,9212.,,,,Basic education,None,On-the-job training,22,,-5,Labor surplus,extras_csv,,1,"This elementary occupation has minimal AI exposure. The work is almost entirely physical, requiring hands-on skills, manual labor, or real-time physical interaction with the environment. These tasks cannot be meaningfully automated by current or near-term AI technologies.",
9213 Mixed crop and livestock farm labourers (Level 4),9,9213-mixed-crop-and-livestock-farm-labourers-level-4,9213,25920,wages_statfin,,Basic education,None,On-the-job training,11,,-5,Labor surplus,extras_csv,,1,"This elementary occupation has minimal AI exposure. The work is almost entirely physical, requiring hands-on skills, manual labor, or real-time physical interaction with the environment. These tasks cannot be meaningfully automated by current or near-term AI technologies.",
9213. Mixed crop and livestock farm labourers (Level 5),9,9213-mixed-crop-and-livestock-farm-labourers-level-5,9213.,25920,wages_statfin,,Basic education,None,On-the-job training,11,,-5,Labor surplus,extras_csv,,1,"This elementary occupation has minimal AI exposure. The work is almost entirely physical, requiring hands-on skills, manual labor, or real-time physical interaction with the environment. These tasks cannot be meaningfully automated by current or near-term AI technologies.",
9214 Garden and horticultural labourers (Level 4),9,9214-garden-and-horticultural-labourers-level-4,9214,25308,wages_statfin,,Basic education,None,On-the-job training,265,,-5,Labor surplus,extras_csv,,1,"This elementary occupation has minimal AI exposure. The work is almost entirely physical, requiring hands-on skills, manual labor, or real-time physical interaction with the environment. These tasks cannot be meaningfully automated by current or near-term AI technologies.",
9214. Garden and horticultural labourers (Level 5),9,9214-garden-and-horticultural-labourers-level-5,9214.,25308,wages_statfin,,Basic education,None,On-the-job training,265,,-5,Labor surplus,extras_csv,,1,"This elementary occupation has minimal AI exposure. The work is almost entirely physical, requiring hands-on skills, manual labor, or real-time physical interaction with the environment. These tasks cannot be meaningfully automated by current or near-term AI technologies.",
9215 Forestry labourers (Level 4),9,9215-forestry-labourers-level-4,9215,31968,wages_statfin,,Basic education,None,On-the-job training,314,,-5,Labor surplus,extras_csv,,1,"This elementary occupation has minimal AI exposure. The work is almost entirely physical, requiring hands-on skills, manual labor, or real-time physical interaction with the environment. These tasks cannot be meaningfully automated by current or near-term AI technologies.",
9215. Forestry labourers (Level 5),9,9215-forestry-labourers-level-5,9215.,31968,wages_statfin,,Basic education,None,On-the-job training,314,,-5,Labor surplus,extras_csv,,1,"This elementary occupation has minimal AI exposure. The work is almost entirely physical, requiring hands-on skills, manual labor, or real-time physical interaction with the environment. These tasks cannot be meaningfully automated by current or near-term AI technologies.",
9216 Fishery and aquaculture labourers (Level 4),9,9216-fishery-and-aquaculture-labourers-level-4,9216,25344,inferred,,Basic education,None,On-the-job training,4,,-5,Labor surplus,extras_csv,,0,"This elementary occupation has minimal AI exposure. The work is almost entirely physical, requiring hands-on skills, manual labor, or real-time physical interaction with the environment. These tasks cannot be meaningfully automated by current or near-term AI technologies.",
9216. Fishery and aquaculture labourers (Level 5),9,9216-fishery-and-aquaculture-labourers-level-5,9216.,,,,Basic education,None,On-the-job training,4,,-5,Labor surplus,extras_csv,,0,"This elementary occupation has minimal AI exposure. The work is almost entirely physical, requiring hands-on skills, manual labor, or real-time physical interaction with the environment. These tasks cannot be meaningfully automated by current or near-term AI technologies.",
"93 Labourers in mining, construction, manufacturing and transport (Level 2)",9,93-labourers-in-mining-construction-manufacturing-and-transport-level-2,93,35568,wages_statfin,,,,,49626,,,,,,7,"This occupation is heavily focused on information processing, communication, and data analysis, all of which are highly susceptible to AI enhancement and automation. While high-stakes B2B negotiations and physical trade shows provide a buffer, AI can now handle lead generation, personalized outreach, price optimization, and technical product explanations, significantly increasing individual productivity and reducing the total number of representatives needed.",
931 Mining and construction labourers (Level 3),9,931-mining-and-construction-labourers-level-3,931,38472,wages_statfin,,Basic education,None,On-the-job training,7548,,-5,Labor surplus,,,5,"The occupation is a hybrid of physical site visits and digital knowledge work. AI and computer vision can significantly automate the 'plans examiner' and report-writing functions, while remote inspection technology is already projected to reduce labor demand. However, the core requirement for physical presence to navigate tight spaces, use manual testing equipment, and verify real-world conditions provides a substantial barrier to full automation.",
931.  (Not more specifically classified) Mining and construction labourers (Level 4),9,931-not-more-specifically-classified-mining-and-construction-labourers-level-4,931.,,,,Basic education,None,On-the-job training,0,,-5,Labor surplus,extras_csv,,0,"This elementary occupation has minimal AI exposure. The work is almost entirely physical, requiring hands-on skills, manual labor, or real-time physical interaction with the environment. These tasks cannot be meaningfully automated by current or near-term AI technologies.",
931.. (Not more specifically classified) Mining and construction labourers (Level 5),9,931-not-more-specifically-classified-mining-and-construction-labourers-level-5,931..,38472,wages_statfin,,Basic education,None,On-the-job training,0,,-5,Labor surplus,extras_csv,,0,"This elementary occupation has minimal AI exposure. The work is almost entirely physical, requiring hands-on skills, manual labor, or real-time physical interaction with the environment. These tasks cannot be meaningfully automated by current or near-term AI technologies.",
9311 Mining and quarrying labourers (Level 4),9,9311-mining-and-quarrying-labourers-level-4,9311,38472,inferred,,Basic education,None,On-the-job training,4,,-6,Declining significantly,extras_csv,,6,"Mining and geological engineering involves a significant amount of digital knowledge work, including mine design, technical reporting, and data analysis, which are highly susceptible to AI-driven productivity gains. However, the role also requires substantial physical presence for site evaluations, safety inspections, and supervising construction in remote, unpredictable environments, which provides a buffer against full automation.",
9311. Mining and quarrying labourers (Level 5),9,9311-mining-and-quarrying-labourers-level-5,9311.,,,,Basic education,None,On-the-job training,4,,-6,Declining significantly,extras_csv,,6,"Mining and geological engineering involves a significant amount of digital knowledge work, including mine design, technical reporting, and data analysis, which are highly susceptible to AI-driven productivity gains. However, the role also requires substantial physical presence for site evaluations, safety inspections, and supervising construction in remote, unpredictable environments, which provides a buffer against full automation.",
9312 Civil engineering labourers (Level 4),9,9312-civil-engineering-labourers-level-4,9312,40608,wages_statfin,,Basic education,None,On-the-job training,4568,,-5,Labor surplus,extras_csv,,6,"This occupation is a hybrid of digital knowledge work and physical field work. While AI and advanced CAD software are significantly automating drafting, cost estimation, and data analysis tasks, the role still requires physical site visits, material testing, and real-world inspections that AI cannot currently perform.",
9312. Civil engineering labourers (Level 5),9,9312-civil-engineering-labourers-level-5,9312.,40608,wages_statfin,,Basic education,None,On-the-job training,4568,,-5,Labor surplus,extras_csv,,6,"This occupation is a hybrid of digital knowledge work and physical field work. While AI and advanced CAD software are significantly automating drafting, cost estimation, and data analysis tasks, the role still requires physical site visits, material testing, and real-world inspections that AI cannot currently perform.",
9313 Building construction labourers (Level 4),9,9313-building-construction-labourers-level-4,9313,38472,inferred,,Basic education,None,On-the-job training,2976,,-6,Declining significantly,extras_csv,,5,"The occupation is a hybrid of physical site visits and digital knowledge work. AI and computer vision can significantly automate the 'plans examiner' and report-writing functions, while remote inspection technology is already projected to reduce labor demand. However, the core requirement for physical presence to navigate tight spaces, use manual testing equipment, and verify real-world conditions provides a substantial barrier to full automation.",
9313. Building construction labourers (Level 5),9,9313-building-construction-labourers-level-5,9313.,,,,Basic education,None,On-the-job training,2976,,-6,Declining significantly,extras_csv,,5,"The occupation is a hybrid of physical site visits and digital knowledge work. AI and computer vision can significantly automate the 'plans examiner' and report-writing functions, while remote inspection technology is already projected to reduce labor demand. However, the core requirement for physical presence to navigate tight spaces, use manual testing equipment, and verify real-world conditions provides a substantial barrier to full automation.",
932 Manufacturing labourers (Level 3),9,932-manufacturing-labourers-level-3,932,37956,wages_statfin,,Basic education,None,On-the-job training,2320,,-5,Labor surplus,,,1,"This elementary occupation has minimal AI exposure. The work is almost entirely physical, requiring hands-on skills, manual labor, or real-time physical interaction with the environment. These tasks cannot be meaningfully automated by current or near-term AI technologies.",
932.  (Not more specifically classified) Manufacturing labourers (Level 4),9,932-not-more-specifically-classified-manufacturing-labourers-level-4,932.,,,,Basic education,None,On-the-job training,0,,-5,Labor surplus,extras_csv,,1,"This elementary occupation has minimal AI exposure. The work is almost entirely physical, requiring hands-on skills, manual labor, or real-time physical interaction with the environment. These tasks cannot be meaningfully automated by current or near-term AI technologies.",
932.. (Not more specifically classified) Manufacturing labourers (Level 5),9,932-not-more-specifically-classified-manufacturing-labourers-level-5,932..,37956,wages_statfin,,Basic education,None,On-the-job training,0,,-5,Labor surplus,extras_csv,,1,"This elementary occupation has minimal AI exposure. The work is almost entirely physical, requiring hands-on skills, manual labor, or real-time physical interaction with the environment. These tasks cannot be meaningfully automated by current or near-term AI technologies.",
9321 Hand packers (Level 4),9,9321-hand-packers-level-4,9321,31836,wages_statfin,,Basic education,None,On-the-job training,439,,-5,Labor surplus,extras_csv,,0,"This elementary occupation has minimal AI exposure. The work is almost entirely physical, requiring hands-on skills, manual labor, or real-time physical interaction with the environment. These tasks cannot be meaningfully automated by current or near-term AI technologies.",
9321. Hand packers (Level 5),9,9321-hand-packers-level-5,9321.,31836,wages_statfin,,Basic education,None,On-the-job training,439,,-5,Labor surplus,extras_csv,,0,"This elementary occupation has minimal AI exposure. The work is almost entirely physical, requiring hands-on skills, manual labor, or real-time physical interaction with the environment. These tasks cannot be meaningfully automated by current or near-term AI technologies.",
9329 Manufacturing labourers not elsewhere classified (Level 4),9,9329-manufacturing-labourers-not-elsewhere-classified-level-4,9329,39864,wages_statfin,,Basic education,None,On-the-job training,1881,,-5,Labor surplus,extras_csv,,1,"This elementary occupation has minimal AI exposure. The work is almost entirely physical, requiring hands-on skills, manual labor, or real-time physical interaction with the environment. These tasks cannot be meaningfully automated by current or near-term AI technologies.",
9329. Manufacturing labourers not elsewhere classified (Level 5),9,9329-manufacturing-labourers-not-elsewhere-classified-level-5,9329.,39864,wages_statfin,,Basic education,None,On-the-job training,1881,,-5,Labor surplus,extras_csv,,1,"This elementary occupation has minimal AI exposure. The work is almost entirely physical, requiring hands-on skills, manual labor, or real-time physical interaction with the environment. These tasks cannot be meaningfully automated by current or near-term AI technologies.",
933 Transport and storage labourers (Level 3),9,933-transport-and-storage-labourers-level-3,933,34824,wages_statfin,,,,,39758,,,,,,6,"This role involves a significant amount of digital knowledge work, such as logistics planning, budgeting, and supply chain optimization, which are highly susceptible to AI-driven efficiency gains. However, the core job also requires physical presence for facility inspections, safety compliance monitoring, and high-stakes interpersonal leadership in unpredictable environments like warehouses and railyards, providing a buffer against full automation.",
9331 Hand and pedal vehicle drivers (Level 4),9,9331-hand-and-pedal-vehicle-drivers-level-4,9331,34824,inferred,,Basic education,None,On-the-job training,0,,-5,Labor surplus,extras_csv,,3,"While AI and autonomous vehicle technology are advancing, the core of this job involves significant physical labor, such as loading/unloading cargo and navigating unpredictable 'last-mile' environments. AI may optimize routing and assist with sales communication, but the physical requirement to move goods from a vehicle to a customer's door remains a major barrier to full automation.",
9331. Hand and pedal vehicle drivers (Level 4),9,9331-hand-and-pedal-vehicle-drivers-level-4,9331.,,,,Basic education,None,On-the-job training,0,,-5,Labor surplus,extras_csv,,3,"While AI and autonomous vehicle technology are advancing, the core of this job involves significant physical labor, such as loading/unloading cargo and navigating unpredictable 'last-mile' environments. AI may optimize routing and assist with sales communication, but the physical requirement to move goods from a vehicle to a customer's door remains a major barrier to full automation.",
9332 Drivers of animal-drawn vehicles and machinery (Level 4),9,9332-drivers-of-animal-drawn-vehicles-and-machinery-level-4,9332,34824,inferred,,Basic education,None,On-the-job training,12,,-5,Labor surplus,extras_csv,,2,"The core duties of this occupation are physical and require real-time presence, such as feeding, grooming, cleaning, and physically training animals. AI may assist with peripheral administrative tasks like scheduling or monitoring animal health data, but it cannot replace the manual labor or the empathetic human-animal interaction required for the job.",
9332. Drivers of animal-drawn vehicles and machinery (Level 5),9,9332-drivers-of-animal-drawn-vehicles-and-machinery-level-5,9332.,,,,Basic education,None,On-the-job training,12,,-5,Labor surplus,extras_csv,,2,"The core duties of this occupation are physical and require real-time presence, such as feeding, grooming, cleaning, and physically training animals. AI may assist with peripheral administrative tasks like scheduling or monitoring animal health data, but it cannot replace the manual labor or the empathetic human-animal interaction required for the job.",
9333 Freight handlers (Level 4),9,9333-freight-handlers-level-4,9333,34872,wages_statfin,,Basic education,None,On-the-job training,38943,,-6,Declining significantly,extras_csv,,0,"This elementary occupation has minimal AI exposure. The work is almost entirely physical, requiring hands-on skills, manual labor, or real-time physical interaction with the environment. These tasks cannot be meaningfully automated by current or near-term AI technologies.",
9333. Freight handlers (Level 5),9,9333-freight-handlers-level-5,9333.,34872,wages_statfin,,Basic education,None,On-the-job training,38943,,-6,Declining significantly,extras_csv,,0,"This elementary occupation has minimal AI exposure. The work is almost entirely physical, requiring hands-on skills, manual labor, or real-time physical interaction with the environment. These tasks cannot be meaningfully automated by current or near-term AI technologies.",
9334 Shelf fillers (Level 4),9,9334-shelf-fillers-level-4,9334,30708,wages_statfin,,Basic education,None,On-the-job training,803,,-5,Labor surplus,extras_csv,,1,"This elementary occupation has minimal AI exposure. The work is almost entirely physical, requiring hands-on skills, manual labor, or real-time physical interaction with the environment. These tasks cannot be meaningfully automated by current or near-term AI technologies.",
9334. Shelf fillers (Level 5),9,9334-shelf-fillers-level-5,9334.,30708,wages_statfin,,Basic education,None,On-the-job training,803,,-5,Labor surplus,extras_csv,,1,"This elementary occupation has minimal AI exposure. The work is almost entirely physical, requiring hands-on skills, manual labor, or real-time physical interaction with the environment. These tasks cannot be meaningfully automated by current or near-term AI technologies.",
94 Food preparation assistants (Level 2),9,94-food-preparation-assistants-level-2,94,28716,wages_statfin,,,,,24800,,,,,,2,"The core duties are highly physical and require manual dexterity in unpredictable kitchen environments, which are difficult for AI to automate directly. While AI might optimize inventory management or scheduling, the primary tasks of washing, cutting, and preparing food remain resistant to digital replacement, though some labor may be displaced by industrial food processing automation.",
941 Food preparation assistants (Level 3),9,941-food-preparation-assistants-level-3,941,28716,wages_statfin,,,,,24800,,,,,,2,"The core duties are highly physical and require manual dexterity in unpredictable kitchen environments, which are difficult for AI to automate directly. While AI might optimize inventory management or scheduling, the primary tasks of washing, cutting, and preparing food remain resistant to digital replacement, though some labor may be displaced by industrial food processing automation.",
9411 Fast food preparers (Level 4),9,9411-fast-food-preparers-level-4,9411,27792,wages_statfin,,Basic education,None,On-the-job training,6876,,-6,Declining significantly,extras_csv,,1,"This elementary occupation has minimal AI exposure. The work is almost entirely physical, requiring hands-on skills, manual labor, or real-time physical interaction with the environment. These tasks cannot be meaningfully automated by current or near-term AI technologies.",
9411. Fast food preparers (Level 5),9,9411-fast-food-preparers-level-5,9411.,27792,wages_statfin,,Basic education,None,On-the-job training,6876,,-6,Declining significantly,extras_csv,,1,"This elementary occupation has minimal AI exposure. The work is almost entirely physical, requiring hands-on skills, manual labor, or real-time physical interaction with the environment. These tasks cannot be meaningfully automated by current or near-term AI technologies.",
9412 Kitchen helpers (Level 4),9,9412-kitchen-helpers-level-4,9412,28788,wages_statfin,,Basic education,None,On-the-job training,17924,,-5,Labor surplus,extras_csv,,1,"This elementary occupation has minimal AI exposure. The work is almost entirely physical, requiring hands-on skills, manual labor, or real-time physical interaction with the environment. These tasks cannot be meaningfully automated by current or near-term AI technologies.",
9412. Kitchen helpers (Level 5),9,9412-kitchen-helpers-level-5,9412.,28788,wages_statfin,,Basic education,None,On-the-job training,17924,,-5,Labor surplus,extras_csv,,1,"This elementary occupation has minimal AI exposure. The work is almost entirely physical, requiring hands-on skills, manual labor, or real-time physical interaction with the environment. These tasks cannot be meaningfully automated by current or near-term AI technologies.",
95 Street and related sales and service workers (Level 2),9,95-street-and-related-sales-and-service-workers-level-2,95,33624,wages_statfin,,Basic education,None,On-the-job training,1142,,-5,Labor surplus,,,2,"The core duties of this occupation are physical and require real-time presence, such as feeding, grooming, cleaning, and physically training animals. AI may assist with peripheral administrative tasks like scheduling or monitoring animal health data, but it cannot replace the manual labor or the empathetic human-animal interaction required for the job.",
95. (Not more specifically classified) Street and related sales and service workers (Level 3),9,95-not-more-specifically-classified-street-and-related-sales-and-service-workers-level-3,95.,,,,,,,0,,,,,,4,"This service occupation has moderate AI exposure. While some tasks (particularly administrative and routine aspects) are susceptible to automation, the role requires physical presence, manual skills, or interpersonal interaction that provides a buffer against full automation.",
95..  (Not more specifically classified) Street and related sales and service workers (Level 4),9,95-not-more-specifically-classified-street-and-related-sales-and-service-workers-level-4,95..,,,,Basic education,None,On-the-job training,0,,-5,Labor surplus,extras_csv,,4,"This service occupation has moderate AI exposure. While some tasks (particularly administrative and routine aspects) are susceptible to automation, the role requires physical presence, manual skills, or interpersonal interaction that provides a buffer against full automation.",
95... (Not more specifically classified) Street and related sales and service workers (Level 5),9,95-not-more-specifically-classified-street-and-related-sales-and-service-workers-level-5,95...,33624,wages_statfin,,Basic education,None,On-the-job training,0,,-5,Labor surplus,extras_csv,,4,"This service occupation has moderate AI exposure. While some tasks (particularly administrative and routine aspects) are susceptible to automation, the role requires physical presence, manual skills, or interpersonal interaction that provides a buffer against full automation.",
951 Street and related service workers (Level 3),9,951-street-and-related-service-workers-level-3,951,,,,,,,1122,,,,,,2,"The core duties of this occupation are physical and require real-time presence, such as feeding, grooming, cleaning, and physically training animals. AI may assist with peripheral administrative tasks like scheduling or monitoring animal health data, but it cannot replace the manual labor or the empathetic human-animal interaction required for the job.",
9510 Street and related service workers (Level 4),9,9510-street-and-related-service-workers-level-4,9510,30552,inferred,,Basic education,None,On-the-job training,1122,,-5,Labor surplus,extras_csv,,2,"The core duties of this occupation are physical and require real-time presence, such as feeding, grooming, cleaning, and physically training animals. AI may assist with peripheral administrative tasks like scheduling or monitoring animal health data, but it cannot replace the manual labor or the empathetic human-animal interaction required for the job.",
9510. Street and related service workers (Level 5),9,9510-street-and-related-service-workers-level-5,9510.,,,,Basic education,None,On-the-job training,1122,,-5,Labor surplus,extras_csv,,2,"The core duties of this occupation are physical and require real-time presence, such as feeding, grooming, cleaning, and physically training animals. AI may assist with peripheral administrative tasks like scheduling or monitoring animal health data, but it cannot replace the manual labor or the empathetic human-animal interaction required for the job.",
952 Street vendors (excluding food) (Level 3),9,952-street-vendors-excluding-food-level-3,952,,,,,,,20,,,,,,1,"This elementary occupation has minimal AI exposure. The work is almost entirely physical, requiring hands-on skills, manual labor, or real-time physical interaction with the environment. These tasks cannot be meaningfully automated by current or near-term AI technologies.",
9520 Street vendors (excluding food) (Level 4),9,9520-street-vendors-excluding-food-level-4,9520,30552,inferred,,Basic education,None,On-the-job training,20,,-6,Declining significantly,extras_csv,,1,"This elementary occupation has minimal AI exposure. The work is almost entirely physical, requiring hands-on skills, manual labor, or real-time physical interaction with the environment. These tasks cannot be meaningfully automated by current or near-term AI technologies.",
9520. Street vendors (excluding food) (Level 5),9,9520-street-vendors-excluding-food-level-5,9520.,,,,Basic education,None,On-the-job training,20,,-6,Declining significantly,extras_csv,,1,"This elementary occupation has minimal AI exposure. The work is almost entirely physical, requiring hands-on skills, manual labor, or real-time physical interaction with the environment. These tasks cannot be meaningfully automated by current or near-term AI technologies.",
96 Refuse workers and other elementary workers (Level 2),9,96-refuse-workers-and-other-elementary-workers-level-2,96,32352,wages_statfin,,,,,6689,,,,,,2,"The core duties of this occupation are physical and require real-time presence, such as feeding, grooming, cleaning, and physically training animals. AI may assist with peripheral administrative tasks like scheduling or monitoring animal health data, but it cannot replace the manual labor or the empathetic human-animal interaction required for the job.",
961 Refuse workers (Level 3),9,961-refuse-workers-level-3,961,35592,wages_statfin,,Basic education,None,On-the-job training,1836,,-5,Labor surplus,,,1,"This elementary occupation has minimal AI exposure. The work is almost entirely physical, requiring hands-on skills, manual labor, or real-time physical interaction with the environment. These tasks cannot be meaningfully automated by current or near-term AI technologies.",
961.  (Not more specifically classified) Refuse workers (Level 4),9,961-not-more-specifically-classified-refuse-workers-level-4,961.,,,,Basic education,None,On-the-job training,0,,-5,Labor surplus,extras_csv,,1,"This elementary occupation has minimal AI exposure. The work is almost entirely physical, requiring hands-on skills, manual labor, or real-time physical interaction with the environment. These tasks cannot be meaningfully automated by current or near-term AI technologies.",
961.. (Not more specifically classified) Refuse workers (Level 5),9,961-not-more-specifically-classified-refuse-workers-level-5,961..,35592,wages_statfin,,Basic education,None,On-the-job training,0,,-5,Labor surplus,extras_csv,,1,"This elementary occupation has minimal AI exposure. The work is almost entirely physical, requiring hands-on skills, manual labor, or real-time physical interaction with the environment. These tasks cannot be meaningfully automated by current or near-term AI technologies.",
9611 Garbage and recycling collectors (Level 4),9,9611-garbage-and-recycling-collectors-level-4,9611,37140,wages_statfin,,Basic education,None,On-the-job training,504,,-5,Labor surplus,extras_csv,,9,"This occupation is almost entirely digital, consisting of data analysis, skip tracing, and communication via phone or computer. AI and automated systems are already driving a projected 10% decline in employment by handling routine notifications and payment processing, while advanced LLMs are increasingly capable of managing the negotiation and customer service aspects of debt collection.",
9611. Garbage and recycling collectors (Level 5),9,9611-garbage-and-recycling-collectors-level-5,9611.,37140,wages_statfin,,Basic education,None,On-the-job training,504,,-5,Labor surplus,extras_csv,,9,"This occupation is almost entirely digital, consisting of data analysis, skip tracing, and communication via phone or computer. AI and automated systems are already driving a projected 10% decline in employment by handling routine notifications and payment processing, while advanced LLMs are increasingly capable of managing the negotiation and customer service aspects of debt collection.",
9612 Refuse sorters (Level 4),9,9612-refuse-sorters-level-4,9612,34380,wages_statfin,,Basic education,None,On-the-job training,1219,,-6,Declining significantly,extras_csv,,1,"This elementary occupation has minimal AI exposure. The work is almost entirely physical, requiring hands-on skills, manual labor, or real-time physical interaction with the environment. These tasks cannot be meaningfully automated by current or near-term AI technologies.",
9612. Refuse sorters (Level 5),9,9612-refuse-sorters-level-5,9612.,34380,wages_statfin,,Basic education,None,On-the-job training,1219,,-6,Declining significantly,extras_csv,,1,"This elementary occupation has minimal AI exposure. The work is almost entirely physical, requiring hands-on skills, manual labor, or real-time physical interaction with the environment. These tasks cannot be meaningfully automated by current or near-term AI technologies.",
9613 Sweepers and related labourers (Level 4),9,9613-sweepers-and-related-labourers-level-4,9613,28584,wages_statfin,,Basic education,None,On-the-job training,113,,-5,Labor surplus,extras_csv,,2,"The core duties are highly physical and take place in unpredictable outdoor environments, requiring manual labor, mechanical repair, and real-time physical coordination. AI's impact is limited to peripheral enhancements in fish-finding sonar, GPS navigation, and regulatory data processing, but it cannot replace the physical act of hauling nets, trapping animals, or maintaining vessels.",
9613. Sweepers and related labourers (Level 5),9,9613-sweepers-and-related-labourers-level-5,9613.,28584,wages_statfin,,Basic education,None,On-the-job training,113,,-5,Labor surplus,extras_csv,,2,"The core duties are highly physical and take place in unpredictable outdoor environments, requiring manual labor, mechanical repair, and real-time physical coordination. AI's impact is limited to peripheral enhancements in fish-finding sonar, GPS navigation, and regulatory data processing, but it cannot replace the physical act of hauling nets, trapping animals, or maintaining vessels.",
962 Other elementary workers (Level 3),9,962-other-elementary-workers-level-3,962,30612,wages_statfin,,,,,4853,,,,,,1,"This elementary occupation has minimal AI exposure. The work is almost entirely physical, requiring hands-on skills, manual labor, or real-time physical interaction with the environment. These tasks cannot be meaningfully automated by current or near-term AI technologies.",
"9621 Messengers, package deliverers and luggage porters (Level 4)",9,9621-messengers-package-deliverers-and-luggage-porters-level-4,9621,32400,wages_statfin,,Basic education,None,On-the-job training,2916,,-5,Labor surplus,extras_csv,,1,"This elementary occupation has minimal AI exposure. The work is almost entirely physical, requiring hands-on skills, manual labor, or real-time physical interaction with the environment. These tasks cannot be meaningfully automated by current or near-term AI technologies.",
"9621. Messengers, package deliverers and luggage porters (Level 5)",9,9621-messengers-package-deliverers-and-luggage-porters-level-5,9621.,32400,wages_statfin,,Basic education,None,On-the-job training,2916,,-5,Labor surplus,extras_csv,,1,"This elementary occupation has minimal AI exposure. The work is almost entirely physical, requiring hands-on skills, manual labor, or real-time physical interaction with the environment. These tasks cannot be meaningfully automated by current or near-term AI technologies.",
9622 Odd job persons (Level 4),9,9622-odd-job-persons-level-4,9622,27504,wages_statfin,,Basic education,None,On-the-job training,264,,-6,Declining significantly,extras_csv,,1,"This elementary occupation has minimal AI exposure. The work is almost entirely physical, requiring hands-on skills, manual labor, or real-time physical interaction with the environment. These tasks cannot be meaningfully automated by current or near-term AI technologies.",
9622. Odd job persons (Level 5),9,9622-odd-job-persons-level-5,9622.,27504,wages_statfin,,Basic education,None,On-the-job training,264,,-6,Declining significantly,extras_csv,,1,"This elementary occupation has minimal AI exposure. The work is almost entirely physical, requiring hands-on skills, manual labor, or real-time physical interaction with the environment. These tasks cannot be meaningfully automated by current or near-term AI technologies.",
9623 Meter readers and vending-machine collectors (Level 4),9,9623-meter-readers-and-vending-machine-collectors-level-4,9623,29112,wages_statfin,,Basic education,None,On-the-job training,88,,-5,Labor surplus,extras_csv,,9,"This occupation is almost entirely digital, consisting of data analysis, skip tracing, and communication via phone or computer. AI and automated systems are already driving a projected 10% decline in employment by handling routine notifications and payment processing, while advanced LLMs are increasingly capable of managing the negotiation and customer service aspects of debt collection.",
9623. Meter readers and vending-machine collectors (Level 5),9,9623-meter-readers-and-vending-machine-collectors-level-5,9623.,29112,wages_statfin,,Basic education,None,On-the-job training,88,,-5,Labor surplus,extras_csv,,9,"This occupation is almost entirely digital, consisting of data analysis, skip tracing, and communication via phone or computer. AI and automated systems are already driving a projected 10% decline in employment by handling routine notifications and payment processing, while advanced LLMs are increasingly capable of managing the negotiation and customer service aspects of debt collection.",
9624 Water and firewood collectors (Level 4),9,9624-water-and-firewood-collectors-level-4,9624,30612,inferred,,Basic education,None,On-the-job training,0,,-5,Labor surplus,extras_csv,,9,"This occupation is almost entirely digital, consisting of data analysis, skip tracing, and communication via phone or computer. AI and automated systems are already driving a projected 10% decline in employment by handling routine notifications and payment processing, while advanced LLMs are increasingly capable of managing the negotiation and customer service aspects of debt collection.",
9624. Water and firewood collectors (Level 5),9,9624-water-and-firewood-collectors-level-5,9624.,,,,Basic education,None,On-the-job training,0,,-5,Labor surplus,extras_csv,,9,"This occupation is almost entirely digital, consisting of data analysis, skip tracing, and communication via phone or computer. AI and automated systems are already driving a projected 10% decline in employment by handling routine notifications and payment processing, while advanced LLMs are increasingly capable of managing the negotiation and customer service aspects of debt collection.",
9629 Elementary workers not elsewhere classified (Level 4),9,9629-elementary-workers-not-elsewhere-classified-level-4,9629,31428,wages_statfin,,Basic education,None,On-the-job training,1585,,-6,Declining significantly,extras_csv,,1,"This elementary occupation has minimal AI exposure. The work is almost entirely physical, requiring hands-on skills, manual labor, or real-time physical interaction with the environment. These tasks cannot be meaningfully automated by current or near-term AI technologies.",
9629. Elementary workers not elsewhere classified (Level 5),9,9629-elementary-workers-not-elsewhere-classified-level-5,9629.,31428,wages_statfin,,Basic education,None,On-the-job training,1585,,-6,Declining significantly,extras_csv,,1,"This elementary occupation has minimal AI exposure. The work is almost entirely physical, requiring hands-on skills, manual labor, or real-time physical interaction with the environment. These tasks cannot be meaningfully automated by current or near-term AI technologies.",
