title,category,slug,isco_code,median_pay_annual,median_pay_source,median_pay_hourly,entry_education,work_experience,training,num_jobs,employment_year,outlook_pct,outlook_desc,outlook_source,exposure,exposure_rationale,url
Occupational groups total,S,occupational-groups-total,SSSSS,,,,,,,2417365,2023,,,,5,"This represents the entire Finnish labor market, which encompasses a vast spectrum of roles ranging from highly automatable digital tasks to manual, physical labor. Because it is an aggregate of all occupations, the exposure score reflects the weighted average of both high-exposure knowledge work and low-exposure physical or interpersonal service roles.",
0  Armed forces (Level 1),0,0-armed-forces-level-1,0,58488,wages_statfin,,,,,8744,2023,,,,3,"The occupation involves significant physical, tactical, and real-time decision-making tasks that occur in unpredictable, non-digital environments. While AI is increasingly used for logistics, surveillance, and strategic planning, the core functions of military personnel remain fundamentally tied to physical presence and human judgment.",
01 Commissioned armed forces officers (Level 2),0,01-commissioned-armed-forces-officers-level-2,01,66408,wages_statfin,,,,,5129,2023,,,,4,"Commissioned officers perform a mix of high-level strategic planning, which is increasingly supported by AI-driven data analysis, and critical real-time leadership in unpredictable physical environments. While AI can assist with logistics and intelligence processing, the core requirements of command, ethical judgment, and physical presence in the field remain fundamentally human-centric.",
011 Commissioned armed forces officers (Level 3),0,011-commissioned-armed-forces-officers-level-3,011,66408,wages_statfin,,,,,5129,2023,,,,4,"Commissioned officers perform a mix of high-level strategic planning, which is increasingly supported by AI-driven data analysis, and critical real-time leadership in unpredictable physical environments. While AI can assist with logistics and intelligence processing, the core requirements of command, ethical judgment, and physical presence in the field remain fundamentally human-centric.",
0110 Commissioned armed forces officers (Level 4),0,0110-commissioned-armed-forces-officers-level-4,0110,66408,wages_statfin,,Bachelor's degree + military training,None,Military academy,5129,2023,-5,Recruitment difficult,extras_csv,4,"Commissioned officers perform a mix of high-level strategic planning, which is increasingly supported by AI-driven data analysis, and critical real-time leadership in unpredictable physical environments. While AI can assist with logistics and intelligence processing, the core requirements of command, ethical judgment, and physical presence in the field remain fundamentally human-centric.",
0110. Commissioned armed forces officers (Level 5),0,0110-commissioned-armed-forces-officers-level-5,0110.,66408,wages_statfin,,Bachelor's degree + military training,None,Military academy,5129,2023,-5,Recruitment difficult,extras_csv,4,"Commissioned officers perform a mix of high-level strategic planning, which is increasingly supported by AI-driven data analysis, and critical real-time leadership in unpredictable physical environments. While AI can assist with logistics and intelligence processing, the core requirements of command, ethical judgment, and physical presence in the field remain fundamentally human-centric.",
02 Non-commissioned armed forces officers (Level 2),0,02-non-commissioned-armed-forces-officers-level-2,02,51036,wages_statfin,,,,,3439,2023,,,,3,"The role involves significant physical, tactical, and leadership responsibilities in unpredictable environments that require real-time human judgment and presence. While AI may assist in intelligence analysis, logistics, or simulation training, the core functions of military command and field operations remain largely insulated from automation.",
021 Non-commissioned armed forces officers (Level 3),0,021-non-commissioned-armed-forces-officers-level-3,021,51036,wages_statfin,,,,,3439,2023,,,,3,"The role involves significant physical, tactical, and leadership responsibilities in unpredictable environments that require real-time human judgment and presence. While AI may assist in intelligence analysis, logistics, or simulation training, the core functions of military command and field operations remain largely insulated from automation.",
0210 Non-commissioned armed forces officers (Level 4),0,0210-non-commissioned-armed-forces-officers-level-4,0210,51036,wages_statfin,,Bachelor's degree + military training,None,Military academy,3439,2023,-5,Recruitment difficult,extras_csv,3,"The role involves significant physical, tactical, and leadership responsibilities in unpredictable environments that require real-time human judgment and presence. While AI may assist in intelligence analysis, logistics, or simulation training, the core functions of military command and field operations remain largely insulated from automation.",
0210. Non-commissioned armed forces officers (Level 5),0,0210-non-commissioned-armed-forces-officers-level-5,0210.,51036,wages_statfin,,Bachelor's degree + military training,None,Military academy,3439,2023,-5,Recruitment difficult,extras_csv,3,"The role involves significant physical, tactical, and leadership responsibilities in unpredictable environments that require real-time human judgment and presence. While AI may assist in intelligence analysis, logistics, or simulation training, the core functions of military command and field operations remain largely insulated from automation.",
"03 Armed forces occupations, other ranks (Level 2)",0,03-armed-forces-occupations-other-ranks-level-2,03,32616,wages_statfin,,,,,176,2023,,,,2,"Military roles are heavily dependent on physical presence, tactical decision-making in unpredictable environments, and manual skill. While AI may assist in logistics or surveillance, the core functions of the role remain fundamentally physical and require human judgment in high-stakes, real-world scenarios.",
"031 Armded forces occupations, other ranks (Level 3)",0,031-armded-forces-occupations-other-ranks-level-3,031,32616,wages_statfin,,,,,176,2023,,,,2,"Military occupations in this category are primarily physical, requiring real-time human presence, tactical decision-making in unpredictable environments, and manual skill. While AI may assist with logistics or data analysis at higher levels, the core duties of these roles remain largely insulated from automation.",
"0310 Armed forces occupations, other ranks (Level 4)",0,0310-armed-forces-occupations-other-ranks-level-4,0310,32616,wages_statfin,,Upper secondary,None,Military training,176,2023,-5,Recruitment difficult,extras_csv,2,"Military roles are heavily dependent on physical presence, tactical decision-making in unpredictable environments, and manual skill. While AI may assist in logistics or surveillance, the core functions of the role remain fundamentally physical and require human judgment in high-stakes, real-world scenarios.",
"0310. Armed forces occupations, other ranks (Level 5)",0,0310-armed-forces-occupations-other-ranks-level-5,0310.,32616,wages_statfin,,Upper secondary,None,Military training,176,2023,-5,Recruitment difficult,extras_csv,2,"Military roles are heavily dependent on physical presence, tactical decision-making in unpredictable environments, and manual skill. While AI may assist in logistics or surveillance, the core functions of the role remain fundamentally physical and require human judgment in high-stakes, real-world scenarios.",
1  Managers (Level 1),1,1-managers-level-1,1,89772,wages_statfin,,,,,82585,2023,,,,7,"Managers perform predominantly knowledge-based work involving data analysis, communication, and strategic decision-making, all of which are increasingly supported by AI tools. While human judgment, leadership, and interpersonal relationship management remain essential, AI is rapidly automating administrative and analytical tasks, significantly reshaping the role's productivity and structure.",
"11 Chief executives, senior officials and legislators (Level 2)",1,11-chief-executives-senior-officials-and-legislators-level-2,11,105804,wages_statfin,,,,,7212,2023,,,,7,"Chief executives perform high-level knowledge work involving strategy, communication, and complex decision-making, which are increasingly supported by AI-driven data synthesis and predictive analytics. While the role requires human leadership and interpersonal judgment that AI cannot replace, the core information-processing and analytical tasks are highly susceptible to AI-enabled productivity gains.",
111 Legislators and senior officials (Level 3),1,111-legislators-and-senior-officials-level-3,111,87432,wages_statfin,,,,,4173,2023,,,,6,"Legislators and senior officials engage in high-level knowledge work involving complex decision-making, policy analysis, and communication, which are increasingly supported by AI tools for drafting and research. However, the core of the role relies heavily on human judgment, political negotiation, and public accountability, which remain difficult to automate.",
1111 Legislators (Level 4),1,1111-legislators-level-4,1111,87984,wages_statfin,,Master's degree,5+ years,None,286,2023,5,Good prospects,extras_csv,6,"Legislators and senior officials engage in high-level knowledge work involving complex decision-making, policy analysis, and communication, which are increasingly supported by AI tools for drafting and research. However, the core of the role relies heavily on human judgment, political negotiation, and public accountability, which remain difficult to automate.",
1111. Legislators (Level 5),1,1111-legislators-level-5,1111.,87984,wages_statfin,,Master's degree,5+ years,None,286,2023,5,Good prospects,extras_csv,6,"Legislators and senior officials engage in high-level knowledge work involving complex decision-making, policy analysis, and communication, which are increasingly supported by AI tools for drafting and research. However, the core of the role relies heavily on human judgment, political negotiation, and public accountability, which remain difficult to automate.",
1112 Senior government officials (Level 4),1,1112-senior-government-officials-level-4,1112,96024,wages_statfin,,Master's degree,5+ years,None,1670,2023,5,Good prospects,extras_csv,6,"Senior government officials engage in high-level knowledge work involving policy analysis, strategic planning, and complex communication, which are increasingly supported by AI tools for drafting and data synthesis. However, the role remains heavily dependent on human judgment, political negotiation, and stakeholder management, which provide a significant buffer against full automation.",
11121 Senior central government officials (Level 5),1,11121-senior-central-government-officials-level-5,11121,93756,wages_statfin,,Bachelor's degree,3-5 years,None,1107,2023,6,Moderate prospects,extras_csv,7,"This role involves high-level knowledge work, including policy analysis, strategic planning, and complex communication, all of which are increasingly supported by AI tools. While the position requires significant human judgment, political navigation, and interpersonal leadership that AI cannot replace, the core information-processing tasks are highly susceptible to AI-driven productivity gains.",
11122 Senior district and local government officials and senior officials (Level 5),1,11122-senior-district-and-local-government-officials-and-senior-officials-level-5,11122,100644,wages_statfin,,Bachelor's degree,3-5 years,None,563,2023,6,Moderate prospects,extras_csv,6,"This role involves high-level decision-making, policy interpretation, and complex stakeholder management, which require human judgment and political nuance that AI cannot fully replicate. However, the work is predominantly digital, involving extensive report writing, data analysis, and communication, where AI tools can significantly enhance productivity and streamline administrative processes.",
1114 Senior officials of special-interest organizations (Level 4),1,1114-senior-officials-of-special-interest-organizations-level-4,1114,67188,wages_statfin,,Bachelor's degree,3-5 years,None,2217,2023,6,Moderate prospects,extras_csv,6,"This role involves significant knowledge work, including strategic planning, communication, and policy analysis, which are increasingly supported by AI tools. However, the core of the job relies on high-level human judgment, complex stakeholder management, and interpersonal influence, which remain difficult for AI to fully replicate.",
"11141 Senior officials of employers', workers' and other economic-interest organisations (Level 5)",1,11141-senior-officials-of-employers-workers-and-other-economic-interest-organisations-level-5,11141,107808,wages_statfin,,Bachelor's degree,3-5 years,None,551,2023,6,Moderate prospects,extras_csv,6,"This role involves high-level strategic decision-making, complex negotiation, and relationship management, which require human judgment and social intelligence that AI cannot easily replicate. However, the core tasks of analyzing economic data, drafting policy documents, and managing communications are increasingly susceptible to AI-driven productivity gains and automation.",
11142 Senior officials of humanitarian and other special-interest organisations (Level 5),1,11142-senior-officials-of-humanitarian-and-other-special-interest-organisations-level-5,11142,56880,wages_statfin,,Bachelor's degree,3-5 years,None,1666,2023,6,Moderate prospects,extras_csv,6,"This role involves significant knowledge work, including strategic planning, communication, and report writing, which are highly susceptible to AI-driven productivity gains. However, the core of the job requires high-level human judgment, stakeholder management, and physical presence in complex, unpredictable social or political environments, which limits the extent of automation.",
112 Managing directors and chief executives (Level 3),1,112-managing-directors-and-chief-executives-level-3,112,150240,wages_statfin,,,,,3039,2023,,,,7,"Managing directors perform high-level knowledge work involving strategy, communication, and complex decision-making, which are increasingly augmented by AI-driven analytics and generative tools. While human judgment and leadership remain essential, the core tasks of information synthesis, reporting, and operational oversight are highly susceptible to AI-driven productivity gains.",
1120 Managing directors and chief executives (Level 4),1,1120-managing-directors-and-chief-executives-level-4,1120,150240,wages_statfin,,Master's degree,5+ years,None,3039,2023,10,Very good prospects,extras_csv,7,"Managing directors perform high-level knowledge work involving strategy, communication, and complex decision-making, which are increasingly augmented by AI-driven analytics and generative tools. While human judgment and leadership remain essential, the core tasks of information synthesis, reporting, and operational oversight are highly susceptible to AI-driven productivity gains.",
1120. Managing directors and chief executives (Level 5),1,1120-managing-directors-and-chief-executives-level-5,1120.,150240,wages_statfin,,Master's degree,5+ years,None,3039,2023,10,Very good prospects,extras_csv,7,"Managing directors perform high-level knowledge work involving strategy, communication, and complex decision-making, which are increasingly augmented by AI-driven analytics and generative tools. While human judgment and leadership remain essential, the core tasks of information synthesis, reporting, and operational oversight are highly susceptible to AI-driven productivity gains.",
12 Administrative and commercial managers (Level 2),1,12-administrative-and-commercial-managers-level-2,12,94248,wages_statfin,,,,,26399,2023,,,,7,"Administrative and commercial managers perform predominantly knowledge-based work involving data analysis, strategic planning, and communication, all of which are highly susceptible to AI augmentation. While the role requires human judgment and leadership, AI tools are rapidly automating the information-processing and reporting tasks that constitute a significant portion of their daily responsibilities.",
121 Business services and administration managers (Level 3),1,121-business-services-and-administration-managers-level-3,121,97152,wages_statfin,,,,,12537,2023,,,,7,"This role involves high-level knowledge work, including strategic planning, resource allocation, and administrative oversight, which are increasingly supported by AI-driven analytics and decision-support tools. While the job requires human judgment and leadership, the core tasks of processing information, drafting reports, and managing workflows are highly susceptible to automation and AI-assisted productivity gains.",
1211 Finance managers (Level 4),1,1211-finance-managers-level-4,1211,98268,wages_statfin,,Bachelor's degree,3-5 years,None,3857,2023,8,Good prospects,extras_csv,8,"Finance management is a highly digital, knowledge-intensive role centered on data analysis, reporting, and strategic planning, all of which are core domains for AI advancement. While the role requires high-level human judgment and leadership, AI tools are rapidly automating the underlying financial modeling, forecasting, and compliance tasks, leading to significant restructuring of the profession.",
1211. Finance managers (Level 5),1,1211-finance-managers-level-5,1211.,98268,wages_statfin,,Bachelor's degree,3-5 years,None,3857,2023,8,Good prospects,extras_csv,8,"Finance management is a highly digital, knowledge-intensive role centered on data analysis, reporting, and strategic planning, all of which are core domains for AI advancement. While the role requires high-level human judgment and leadership, AI tools are rapidly automating the underlying financial modeling, forecasting, and compliance tasks, leading to significant restructuring of the profession.",
1212 Human resource managers (Level 4),1,1212-human-resource-managers-level-4,1212,98736,wages_statfin,,Bachelor's degree,3-5 years,None,1553,2023,8,Good prospects,extras_csv,7,"Human resource management is predominantly knowledge-based, involving significant amounts of data analysis, communication, and document processing that are highly susceptible to AI automation. While the role requires human judgment for complex interpersonal conflicts and strategic decision-making, AI tools are rapidly transforming core tasks like recruitment screening, policy drafting, and performance analytics.",
1212. Human resource managers (Level 5),1,1212-human-resource-managers-level-5,1212.,98736,wages_statfin,,Bachelor's degree,3-5 years,None,1553,2023,8,Good prospects,extras_csv,7,"Human resource management is predominantly knowledge-based, involving significant amounts of data analysis, communication, and document processing that are highly susceptible to AI automation. While the role requires human judgment for complex interpersonal conflicts and strategic decision-making, AI tools are rapidly transforming core tasks like recruitment screening, policy drafting, and performance analytics.",
1213 Policy and planning managers (Level 4),1,1213-policy-and-planning-managers-level-4,1213,97176,wages_statfin,,Bachelor's degree,3-5 years,None,2589,2023,7,Good prospects,extras_csv,7,"Policy and planning managers perform high-level knowledge work involving complex analysis, report writing, and strategic communication, all of which are increasingly supported by generative AI. While the role requires significant human judgment, stakeholder management, and political navigation, the core information-processing tasks are highly susceptible to AI-driven productivity gains and restructuring.",
1213. Policy and planning managers (Level 5),1,1213-policy-and-planning-managers-level-5,1213.,97176,wages_statfin,,Bachelor's degree,3-5 years,None,2589,2023,7,Good prospects,extras_csv,7,"Policy and planning managers perform high-level knowledge work involving complex analysis, report writing, and strategic communication, all of which are increasingly supported by generative AI. While the role requires significant human judgment, stakeholder management, and political navigation, the core information-processing tasks are highly susceptible to AI-driven productivity gains and restructuring.",
1219 Business services and administration managers not elsewhere classified (Level 4),1,1219-business-services-and-administration-managers-not-elsewhere-classified-level-4,1219,95532,wages_statfin,,Bachelor's degree,3-5 years,None,4538,2023,6,Moderate prospects,extras_csv,7,"This role involves high-level administrative oversight, strategic planning, and complex decision-making, which are increasingly supported by AI-driven analytics and automation tools. While the job requires human judgment and interpersonal leadership, the core tasks of processing business information, reporting, and resource management are highly susceptible to AI-enabled productivity gains.",
1219. Business services and administration managers not elsewhere classified (Level 5),1,1219-business-services-and-administration-managers-not-elsewhere-classified-level-5,1219.,95532,wages_statfin,,Bachelor's degree,3-5 years,None,4538,2023,6,Moderate prospects,extras_csv,7,"This role involves high-level administrative oversight, strategic planning, and complex decision-making, which are increasingly supported by AI-driven analytics and automation tools. While the job requires human judgment and interpersonal leadership, the core tasks of processing business information, reporting, and resource management are highly susceptible to AI-enabled productivity gains.",
"122 Sales, marketing and development managers (Level 3)",1,122-sales-marketing-and-development-managers-level-3,122,91872,wages_statfin,,,,,13862,2023,,,,7,"This role involves high-level knowledge work, strategic planning, and data analysis, all of which are increasingly supported by AI tools for market forecasting and content generation. While the job requires significant human judgment, relationship management, and leadership, the core analytical and administrative tasks are highly susceptible to AI-driven productivity gains.",
1221 Sales and marketing managers (Level 4),1,1221-sales-and-marketing-managers-level-4,1221,91176,wages_statfin,,Bachelor's degree,3-5 years,None,7734,2023,8,Good prospects,extras_csv,7,"This role involves high-level knowledge work, strategic planning, and data analysis, all of which are increasingly supported by AI tools for market forecasting and content generation. While the job requires significant human judgment, relationship management, and leadership, the core analytical and administrative tasks are highly susceptible to AI-driven productivity gains.",
1221. Sales and marketing managers (Level 5),1,1221-sales-and-marketing-managers-level-5,1221.,91176,wages_statfin,,Bachelor's degree,3-5 years,None,7734,2023,8,Good prospects,extras_csv,7,"This role involves high-level knowledge work, strategic planning, and data analysis, all of which are increasingly supported by AI tools for market forecasting and content generation. While the job requires significant human judgment, relationship management, and leadership, the core analytical and administrative tasks are highly susceptible to AI-driven productivity gains.",
1222 Advertising and public relations managers (Level 4),1,1222-advertising-and-public-relations-managers-level-4,1222,90240,wages_statfin,,Bachelor's degree,3-5 years,None,1132,2023,7,Good prospects,extras_csv,7,"Advertising and public relations management is primarily knowledge-based work involving strategy, content creation, and data analysis, all of which are highly susceptible to AI-driven automation and augmentation. While the role requires human judgment, relationship management, and creative oversight, the core tasks of campaign planning and performance analysis are increasingly being reshaped by generative AI tools.",
1222. Advertising and public relations managers (Level 5),1,1222-advertising-and-public-relations-managers-level-5,1222.,90240,wages_statfin,,Bachelor's degree,3-5 years,None,1132,2023,7,Good prospects,extras_csv,7,"Advertising and public relations management is primarily knowledge-based work involving strategy, content creation, and data analysis, all of which are highly susceptible to AI-driven automation and augmentation. While the role requires human judgment, relationship management, and creative oversight, the core tasks of campaign planning and performance analysis are increasingly being reshaped by generative AI tools.",
1223 Research and development managers (Level 4),1,1223-research-and-development-managers-level-4,1223,93216,wages_statfin,,Bachelor's degree,3-5 years,None,4996,2023,7,Good prospects,extras_csv,7,"Research and development management is primarily knowledge-based, involving data analysis, strategic planning, and technical communication, all of which are highly susceptible to AI augmentation. While the role requires high-level human judgment and leadership, AI tools are increasingly capable of accelerating research synthesis, project management, and technical documentation, significantly reshaping the workflow.",
1223. Research and development managers (Level 5),1,1223-research-and-development-managers-level-5,1223.,93216,wages_statfin,,Bachelor's degree,3-5 years,None,4996,2023,7,Good prospects,extras_csv,7,"Research and development management is primarily knowledge-based, involving data analysis, strategic planning, and technical communication, all of which are highly susceptible to AI augmentation. While the role requires high-level human judgment and leadership, AI tools are increasingly capable of accelerating research synthesis, project management, and technical documentation, significantly reshaping the workflow.",
13 Production and specialised services managers (Level 2),1,13-production-and-specialised-services-managers-level-2,13,82104,wages_statfin,,,,,38478,2023,,,,6,"As managers, these professionals primarily engage in knowledge work, decision-making, and communication, which are increasingly supported by AI tools for data analysis, reporting, and strategic planning. While their role requires human judgment, leadership, and interpersonal coordination that AI cannot replace, their core tasks are highly susceptible to augmentation and efficiency gains through AI-driven management systems.",
"131 Production managers in agriculture, forestry and fisheries (Level 3)",1,131-production-managers-in-agriculture-forestry-and-fisheries-level-3,131,88104,wages_statfin,,,,,1226,2023,,,,4,"This role involves a significant amount of physical oversight, site-specific decision-making, and management of biological processes that are difficult to fully automate. While AI can assist with data-driven planning, resource optimization, and administrative tasks, the core of the job requires physical presence and real-time human judgment in unpredictable natural environments.",
1311 Agricultural and forestry production managers (Level 4),1,1311-agricultural-and-forestry-production-managers-level-4,1311,,,,Bachelor's degree,2-4 years,None,1211,2023,8,Good prospects,extras_csv,4,"This role involves a mix of strategic knowledge work, such as planning and resource management, and physical oversight of agricultural operations. While AI can optimize crop management and logistics, the core requirement for on-site physical presence and real-time decision-making in unpredictable natural environments limits the extent of automation.",
1311. Agricultural and forestry production managers (Level 5),1,1311-agricultural-and-forestry-production-managers-level-5,1311.,,,,Bachelor's degree,2-4 years,None,1211,2023,8,Good prospects,extras_csv,4,"This role involves a mix of strategic knowledge work, such as planning and resource management, and physical oversight of agricultural operations. While AI can optimize crop management and logistics, the core requirement for on-site physical presence and real-time decision-making in unpredictable natural environments limits the extent of automation.",
1312 Aquaculture and fisheries production managers (Level 4),1,1312-aquaculture-and-fisheries-production-managers-level-4,1312,,,,Bachelor's degree,2-4 years,None,15,2023,7,Good prospects,extras_csv,4,"This role involves significant physical management of aquaculture sites and biological systems, which limits AI's ability to automate core tasks. While AI can optimize data-driven aspects like water quality monitoring, feeding schedules, and inventory management, the job requires substantial on-site presence and physical oversight.",
1312. Aquaculture and fisheries production managers (Level 5),1,1312-aquaculture-and-fisheries-production-managers-level-5,1312.,,,,Bachelor's degree,2-4 years,None,15,2023,7,Good prospects,extras_csv,4,"This role involves significant physical management of aquaculture sites and biological systems, which limits AI's ability to automate core tasks. While AI can optimize data-driven aspects like water quality monitoring, feeding schedules, and inventory management, the job requires substantial on-site presence and physical oversight.",
"132 Manufacturing, mining, construction, and distribution managers (Level 3)",1,132-manufacturing-mining-construction-and-distribution-managers-level-3,132,93192,wages_statfin,,,,,17504,2023,,,,6,"This role involves significant knowledge work, including strategic planning, resource allocation, and data-driven decision-making, which are increasingly supported by AI analytics and automation tools. However, the position also requires physical presence, complex human management, and coordination of real-world operations, which act as a buffer against full automation.",
1321 Manufacturing managers (Level 4),1,1321-manufacturing-managers-level-4,1321,96000,wages_statfin,,Bachelor's degree,2-4 years,None,6680,2023,8,Good prospects,extras_csv,6,"Manufacturing managers perform knowledge-intensive work involving planning, resource allocation, and data analysis, which are increasingly supported by AI-driven predictive maintenance and supply chain optimization tools. However, the role requires significant human judgment, on-site coordination, and interpersonal leadership that remains difficult for AI to fully automate.",
1321. Manufacturing managers (Level 5),1,1321-manufacturing-managers-level-5,1321.,96000,wages_statfin,,Bachelor's degree,2-4 years,None,6680,2023,8,Good prospects,extras_csv,6,"Manufacturing managers perform knowledge-intensive work involving planning, resource allocation, and data analysis, which are increasingly supported by AI-driven predictive maintenance and supply chain optimization tools. However, the role requires significant human judgment, on-site coordination, and interpersonal leadership that remains difficult for AI to fully automate.",
1322 Mining managers (Level 4),1,1322-mining-managers-level-4,1322,105000,wages_statfin,,Bachelor's degree,2-4 years,None,145,2023,7,Good prospects,extras_csv,5,"Mining management involves a mix of high-level strategic decision-making, on-site operational oversight, and safety management in physical environments. While AI can significantly optimize logistics, resource extraction, and predictive maintenance, the role requires substantial physical presence and complex human-in-the-loop judgment that remains difficult to fully automate.",
1322. Mining managers (Level 5),1,1322-mining-managers-level-5,1322.,105000,wages_statfin,,Bachelor's degree,2-4 years,None,145,2023,7,Good prospects,extras_csv,5,"Mining management involves a mix of high-level strategic decision-making, on-site operational oversight, and safety management in physical environments. While AI can significantly optimize logistics, resource extraction, and predictive maintenance, the role requires substantial physical presence and complex human-in-the-loop judgment that remains difficult to fully automate.",
1323 Construction managers (Level 4),1,1323-construction-managers-level-4,1323,88404,wages_statfin,,Bachelor's degree,2-4 years,None,7302,2023,6,Moderate prospects,extras_csv,6,"Construction management involves significant digital coordination, planning, and documentation, which are increasingly susceptible to AI-driven scheduling and optimization tools. However, the role requires substantial physical presence, on-site problem solving, and complex human coordination that acts as a significant buffer against full automation.",
1323. Construction managers (Level 5),1,1323-construction-managers-level-5,1323.,88404,wages_statfin,,Bachelor's degree,2-4 years,None,7302,2023,6,Moderate prospects,extras_csv,6,"Construction management involves significant digital coordination, planning, and documentation, which are increasingly susceptible to AI-driven scheduling and optimization tools. However, the role requires substantial physical presence, on-site problem solving, and complex human coordination that acts as a significant buffer against full automation.",
"1324 Supply, distribution and related managers (Level 4)",1,1324-supply-distribution-and-related-managers-level-4,1324,93312,wages_statfin,,Bachelor's degree,2-4 years,None,3377,2023,6,Moderate prospects,extras_csv,7,"This role involves significant knowledge work, including data analysis, logistics planning, and supply chain optimization, all of which are highly susceptible to AI-driven predictive modeling and automation. While the job requires human judgment for strategic decision-making and stakeholder management, the core analytical tasks are increasingly being handled by AI tools, leading to high potential for restructuring.",
"1324. Supply, distribution and related managers (Level 5)",1,1324-supply-distribution-and-related-managers-level-5,1324.,93312,wages_statfin,,Bachelor's degree,2-4 years,None,3377,2023,6,Moderate prospects,extras_csv,7,"This role involves significant knowledge work, including data analysis, logistics planning, and supply chain optimization, all of which are highly susceptible to AI-driven predictive modeling and automation. While the job requires human judgment for strategic decision-making and stakeholder management, the core analytical tasks are increasingly being handled by AI tools, leading to high potential for restructuring.",
133 Information and communications technology service managers (Level 3),1,133-information-and-communications-technology-service-managers-level-3,133,99996,wages_statfin,,,,,4012,2023,,,,8,"This role is almost entirely digital, involving the management of complex information systems and technical strategies that are increasingly subject to AI-driven automation and optimization. While human leadership and strategic decision-making remain necessary, the core tasks of monitoring, analyzing, and optimizing IT services are highly susceptible to AI integration.",
1330 Information and communications technology service managers (Level 4),1,1330-information-and-communications-technology-service-managers-level-4,1330,99996,wages_statfin,,Bachelor's degree,2-4 years,None,4012,2023,7,Good prospects,extras_csv,8,"This role is almost entirely digital, involving the management of complex information systems and technical strategies that are increasingly subject to AI-driven automation and optimization. While human leadership and strategic decision-making remain necessary, the core tasks of monitoring, analyzing, and optimizing IT services are highly susceptible to AI integration.",
1330. Information and communications technology service managers (Level 5),1,1330-information-and-communications-technology-service-managers-level-5,1330.,99996,wages_statfin,,Bachelor's degree,2-4 years,None,4012,2023,7,Good prospects,extras_csv,8,"This role is almost entirely digital, involving the management of complex information systems and technical strategies that are increasingly subject to AI-driven automation and optimization. While human leadership and strategic decision-making remain necessary, the core tasks of monitoring, analyzing, and optimizing IT services are highly susceptible to AI integration.",
134 Professional services managers (Level 3),1,134-professional-services-managers-level-3,134,71460,wages_statfin,,,,,15736,2023,,,,7,"Professional services managers primarily engage in knowledge-based work involving strategy, resource allocation, and communication, all of which are increasingly supported by AI tools. While the role requires human judgment and leadership, the core tasks of analyzing reports, drafting communications, and managing workflows are highly susceptible to AI-driven productivity gains and restructuring.",
1341 Child care services managers (Level 4),1,1341-child-care-services-managers-level-4,1341,50208,wages_statfin,,Bachelor's degree,2-4 years,None,2812,2023,7,Good prospects,extras_csv,4,"While this role involves administrative and digital tasks like scheduling, budgeting, and reporting that are susceptible to AI, the core of the job requires human-centric management, interpersonal communication, and physical oversight of childcare facilities. The necessity for real-time human judgment and emotional intelligence in a sensitive, regulated environment creates a significant barrier to full automation.",
1341. Child care services managers (Level 5),1,1341-child-care-services-managers-level-5,1341.,50208,wages_statfin,,Bachelor's degree,2-4 years,None,2812,2023,7,Good prospects,extras_csv,4,"While this role involves administrative and digital tasks like scheduling, budgeting, and reporting that are susceptible to AI, the core of the job requires human-centric management, interpersonal communication, and physical oversight of childcare facilities. The necessity for real-time human judgment and emotional intelligence in a sensitive, regulated environment creates a significant barrier to full automation.",
1342 Health services managers (Level 4),1,1342-health-services-managers-level-4,1342,92784,wages_statfin,,Bachelor's degree,2-4 years,None,1173,2023,6,Moderate prospects,extras_csv,6,"Health services managers perform predominantly knowledge-based work involving data analysis, reporting, and administrative coordination, which are highly susceptible to AI-driven productivity gains. However, the role requires significant human judgment, complex stakeholder management, and physical presence within healthcare environments, which limits the extent to which AI can fully automate the position.",
1342. Health services managers (Level 5),1,1342-health-services-managers-level-5,1342.,92784,wages_statfin,,Bachelor's degree,2-4 years,None,1173,2023,6,Moderate prospects,extras_csv,6,"Health services managers perform predominantly knowledge-based work involving data analysis, reporting, and administrative coordination, which are highly susceptible to AI-driven productivity gains. However, the role requires significant human judgment, complex stakeholder management, and physical presence within healthcare environments, which limits the extent to which AI can fully automate the position.",
1343 Aged care services managers (Level 4),1,1343-aged-care-services-managers-level-4,1343,51420,wages_statfin,,Bachelor's degree,2-4 years,None,650,2023,6,Moderate prospects,extras_csv,6,"While this role involves significant human interaction, leadership, and physical presence in care facilities, a large portion of the work involves administrative tasks, regulatory compliance, and resource management. These information-processing aspects are highly susceptible to AI-driven optimization, though the core requirement for human oversight and interpersonal management keeps the overall exposure at a moderate-to-high level.",
1343. Aged care services managers (Level 5),1,1343-aged-care-services-managers-level-5,1343.,51420,wages_statfin,,Bachelor's degree,2-4 years,None,650,2023,6,Moderate prospects,extras_csv,6,"While this role involves significant human interaction, leadership, and physical presence in care facilities, a large portion of the work involves administrative tasks, regulatory compliance, and resource management. These information-processing aspects are highly susceptible to AI-driven optimization, though the core requirement for human oversight and interpersonal management keeps the overall exposure at a moderate-to-high level.",
1344 Social welfare managers (Level 4),1,1344-social-welfare-managers-level-4,1344,55296,wages_statfin,,Bachelor's degree,2-4 years,None,2290,2023,5,Moderate prospects,extras_csv,6,"As a management role, this position involves significant information processing, report writing, and administrative oversight, which are highly susceptible to AI-driven productivity gains. However, the core of the job requires complex human judgment, ethical decision-making, and interpersonal management that necessitates a human presence, keeping the exposure at a moderate-to-high level.",
1344. Social welfare managers (Level 5),1,1344-social-welfare-managers-level-5,1344.,55296,wages_statfin,,Bachelor's degree,2-4 years,None,2290,2023,5,Moderate prospects,extras_csv,6,"As a management role, this position involves significant information processing, report writing, and administrative oversight, which are highly susceptible to AI-driven productivity gains. However, the core of the job requires complex human judgment, ethical decision-making, and interpersonal management that necessitates a human presence, keeping the exposure at a moderate-to-high level.",
1345 Education managers (Level 4),1,1345-education-managers-level-4,1345,77832,wages_statfin,,Bachelor's degree,2-4 years,None,3732,2023,5,Moderate prospects,extras_csv,6,"Education managers perform predominantly knowledge-based work involving administration, planning, and communication, which are increasingly supported by AI tools. However, the role requires significant human judgment, leadership, and interpersonal interaction within a physical school environment, which limits the extent to which AI can fully automate the position.",
1345. Education managers (Level 5),1,1345-education-managers-level-5,1345.,77832,wages_statfin,,Bachelor's degree,2-4 years,None,3732,2023,5,Moderate prospects,extras_csv,6,"Education managers perform predominantly knowledge-based work involving administration, planning, and communication, which are increasingly supported by AI tools. However, the role requires significant human judgment, leadership, and interpersonal interaction within a physical school environment, which limits the extent to which AI can fully automate the position.",
1346 Financial and insurance services branch managers (Level 4),1,1346-financial-and-insurance-services-branch-managers-level-4,1346,115692,wages_statfin,,Bachelor's degree,2-4 years,None,2118,2023,5,Moderate prospects,extras_csv,7,"As a management role focused on financial services, the work is predominantly digital, involving data analysis, reporting, and strategic communication. While human leadership and complex decision-making remain essential, AI tools are rapidly automating the analytical and administrative components of financial management.",
1346. Financial and insurance services branch managers (Level 5),1,1346-financial-and-insurance-services-branch-managers-level-5,1346.,115692,wages_statfin,,Bachelor's degree,2-4 years,None,2118,2023,5,Moderate prospects,extras_csv,7,"As a management role focused on financial services, the work is predominantly digital, involving data analysis, reporting, and strategic communication. While human leadership and complex decision-making remain essential, AI tools are rapidly automating the analytical and administrative components of financial management.",
1349 Professional services managers not elsewhere classified (Level 4),1,1349-professional-services-managers-not-elsewhere-classified-level-4,1349,78048,wages_statfin,,Bachelor's degree,2-4 years,None,2961,2023,5,Moderate prospects,extras_csv,7,"This role involves high-level management and coordination of professional services, which is predominantly knowledge-based and digital. While human judgment and interpersonal leadership remain essential, AI tools are increasingly capable of automating data analysis, reporting, and administrative decision-making, significantly reshaping the workflow.",
1349. Professional services managers not elsewhere classified (Level 5),1,1349-professional-services-managers-not-elsewhere-classified-level-5,1349.,78048,wages_statfin,,Bachelor's degree,2-4 years,None,2961,2023,5,Moderate prospects,extras_csv,7,"This role involves high-level management and coordination of professional services, which is predominantly knowledge-based and digital. While human judgment and interpersonal leadership remain essential, AI tools are increasingly capable of automating data analysis, reporting, and administrative decision-making, significantly reshaping the workflow.",
"14 Hospitality, retail and other services managers (Level 2)",1,14-hospitality-retail-and-other-services-managers-level-2,14,81840,wages_statfin,,,,,10496,2023,,,,6,"This role involves significant knowledge work, such as strategic planning, financial oversight, and administrative management, which are increasingly supported by AI-driven analytics and automation tools. However, the position also requires substantial human-centric skills, including team leadership, conflict resolution, and physical presence in operational environments, which limits the extent of full automation.",
141 Hotel and restaurant managers (Level 3),1,141-hotel-and-restaurant-managers-level-3,141,58488,wages_statfin,,,,,2302,2023,,,,5,"Hotel and restaurant management involves a significant amount of interpersonal interaction, physical presence, and real-time problem-solving that remains difficult to automate. While AI can assist with administrative tasks like scheduling, inventory management, and revenue optimization, the core of the role requires human leadership and physical oversight of the service environment.",
1411 Hotel managers (Level 4),1,1411-hotel-managers-level-4,1411,67752,wages_statfin,,Upper secondary,None,Vocational training,379,2023,3,Stable,extras_csv,6,"Hotel management involves a significant amount of digital administrative work, such as revenue management, scheduling, and communication, which are highly susceptible to AI optimization. However, the role also requires substantial physical presence, on-site problem solving, and interpersonal leadership that AI cannot currently replicate.",
1411. Hotel managers (Level 5),1,1411-hotel-managers-level-5,1411.,67752,wages_statfin,,Upper secondary,None,Vocational training,379,2023,3,Stable,extras_csv,6,"Hotel management involves a significant amount of digital administrative work, such as revenue management, scheduling, and communication, which are highly susceptible to AI optimization. However, the role also requires substantial physical presence, on-site problem solving, and interpersonal leadership that AI cannot currently replicate.",
1412 Restaurant managers (Level 4),1,1412-restaurant-managers-level-4,1412,54996,wages_statfin,,Upper secondary,None,Vocational training,1923,2023,3,Stable,extras_csv,5,"Hotel and restaurant management involves a significant amount of interpersonal interaction, physical presence, and real-time problem-solving that remains difficult to automate. While AI can assist with administrative tasks like scheduling, inventory management, and revenue optimization, the core of the role requires human leadership and physical oversight of the service environment.",
1412. Restaurant managers (Level 5),1,1412-restaurant-managers-level-5,1412.,54996,wages_statfin,,Upper secondary,None,Vocational training,1923,2023,3,Stable,extras_csv,5,"Hotel and restaurant management involves a significant amount of interpersonal interaction, physical presence, and real-time problem-solving that remains difficult to automate. While AI can assist with administrative tasks like scheduling, inventory management, and revenue optimization, the core of the role requires human leadership and physical oversight of the service environment.",
142 Retail and wholesale trade managers (Level 3),1,142-retail-and-wholesale-trade-managers-level-3,142,100776,wages_statfin,,,,,5706,2023,,,,6,"Retail and wholesale managers perform a mix of strategic decision-making, inventory analysis, and personnel management, which are increasingly supported by AI-driven forecasting and optimization tools. While the role requires physical presence and human leadership, the core analytical and administrative tasks are highly susceptible to automation and AI-augmented workflows.",
1420 Retail and wholesale trade managers (Level 4),1,1420-retail-and-wholesale-trade-managers-level-4,1420,100776,wages_statfin,,Upper secondary,None,Vocational training,5706,2023,3,Stable,extras_csv,6,"Retail and wholesale managers perform a mix of strategic decision-making, inventory analysis, and personnel management, which are increasingly supported by AI-driven forecasting and optimization tools. While the role requires physical presence and human leadership, the core analytical and administrative tasks are highly susceptible to automation and AI-augmented workflows.",
1420. Retail and wholesale trade managers (Level 5),1,1420-retail-and-wholesale-trade-managers-level-5,1420.,100776,wages_statfin,,Upper secondary,None,Vocational training,5706,2023,3,Stable,extras_csv,6,"Retail and wholesale managers perform a mix of strategic decision-making, inventory analysis, and personnel management, which are increasingly supported by AI-driven forecasting and optimization tools. While the role requires physical presence and human leadership, the core analytical and administrative tasks are highly susceptible to automation and AI-augmented workflows.",
143 Other services managers (Level 3),1,143-other-services-managers-level-3,143,80664,wages_statfin,,,,,2488,2023,,,,6,"This role involves significant knowledge work, such as strategic planning, financial oversight, and administrative management, which are increasingly supported by AI-driven analytics and automation tools. However, the position also requires substantial human-centric skills, including team leadership, conflict resolution, and physical presence in operational environments, which limits the extent of full automation.",
"1431 Sports, recreation and cultural centre managers (Level 4)",1,1431-sports-recreation-and-cultural-centre-managers-level-4,1431,65652,wages_statfin,,Upper secondary,None,Vocational training,821,2023,2,Stable,extras_csv,5,"This role involves a mix of administrative knowledge work, which is susceptible to AI-driven scheduling and data analysis, and essential physical/interpersonal management of facilities and staff. While AI can optimize operations and reporting, the core requirement for on-site human oversight and real-time coordination of physical activities limits its overall exposure.",
"1431. Sports, recreation and cultural centre managers (Level 5)",1,1431-sports-recreation-and-cultural-centre-managers-level-5,1431.,65652,wages_statfin,,Upper secondary,None,Vocational training,821,2023,2,Stable,extras_csv,5,"This role involves a mix of administrative knowledge work, which is susceptible to AI-driven scheduling and data analysis, and essential physical/interpersonal management of facilities and staff. While AI can optimize operations and reporting, the core requirement for on-site human oversight and real-time coordination of physical activities limits its overall exposure.",
1439 Services managers not elsewhere classified (Level 4),1,1439-services-managers-not-elsewhere-classified-level-4,1439,87132,wages_statfin,,Upper secondary,None,Vocational training,1667,2023,2,Stable,extras_csv,7,"This role involves high-level management and coordination of professional services, which is predominantly knowledge-based and digital. While human judgment and interpersonal leadership remain essential, AI tools are increasingly capable of automating data analysis, reporting, and administrative decision-making, significantly reshaping the workflow.",
1439. Services managers not elsewhere classified (Level 5),1,1439-services-managers-not-elsewhere-classified-level-5,1439.,87132,wages_statfin,,Upper secondary,None,Vocational training,1667,2023,2,Stable,extras_csv,7,"This role involves high-level management and coordination of professional services, which is predominantly knowledge-based and digital. While human judgment and interpersonal leadership remain essential, AI tools are increasingly capable of automating data analysis, reporting, and administrative decision-making, significantly reshaping the workflow.",
2  Professionals (Level 1),2,2-professionals-level-1,2,56004,wages_statfin,,,,,570966,2023,,,,7,"As a broad category encompassing diverse high-level knowledge work, professionals rely heavily on digital information processing, analysis, and communication. While the specific impact varies by sub-field, the core tasks of these roles are increasingly susceptible to AI-driven augmentation and automation.",
21 Science and engineering professionals (Level 2),2,21-science-and-engineering-professionals-level-2,21,57768,wages_statfin,,,,,120399,2023,,,,7,"Science and engineering professionals perform high-level knowledge work that is increasingly supported by AI for data analysis, simulation, and technical documentation. While their work requires complex human judgment and physical experimentation, the digital nature of their core analytical tasks makes them highly susceptible to productivity gains and workflow restructuring through AI tools.",
211 Physical and earth science professionals (Level 3),2,211-physical-and-earth-science-professionals-level-3,211,53364,wages_statfin,,,,,3814,2023,,,,7,"Physical and earth science professionals perform significant knowledge work involving data analysis, modeling, and technical reporting, which are highly susceptible to AI-driven automation. While field research and physical experimentation remain, the core analytical and computational tasks are increasingly being augmented or replaced by AI tools.",
2111 Physicists and astronomers (Level 4),2,2111-physicists-and-astronomers-level-4,2111,50280,wages_statfin,,Bachelor's degree,2-4 years,None,1402,2023,7,Good prospects,extras_csv,7,"Physicists and astronomers perform high-level knowledge work that is increasingly reliant on computational modeling, data analysis, and coding, all of which are being rapidly augmented by AI. While the core scientific discovery and hypothesis generation require human intuition and physical experimentation, the analytical and digital components of the role are highly susceptible to AI-driven productivity gains.",
2111. Physicists and astronomers (Level 5),2,2111-physicists-and-astronomers-level-5,2111.,50280,wages_statfin,,Bachelor's degree,2-4 years,None,1402,2023,7,Good prospects,extras_csv,7,"Physicists and astronomers perform high-level knowledge work that is increasingly reliant on computational modeling, data analysis, and coding, all of which are being rapidly augmented by AI. While the core scientific discovery and hypothesis generation require human intuition and physical experimentation, the analytical and digital components of the role are highly susceptible to AI-driven productivity gains.",
2112 Meteorologists (Level 4),2,2112-meteorologists-level-4,2112,,,,Bachelor's degree,2-4 years,None,181,2023,7,Good prospects,extras_csv,7,"Meteorology is a highly digital, data-intensive field that relies on complex computational modeling and analysis, which are core strengths of AI. While human judgment is still required for final forecasting and communication, AI tools are rapidly automating data processing and improving predictive accuracy, significantly reshaping the workflow.",
2112. Meteorologists (Level 5),2,2112-meteorologists-level-5,2112.,,,,Bachelor's degree,2-4 years,None,181,2023,7,Good prospects,extras_csv,7,"Meteorology is a highly digital, data-intensive field that relies on complex computational modeling and analysis, which are core strengths of AI. While human judgment is still required for final forecasting and communication, AI tools are rapidly automating data processing and improving predictive accuracy, significantly reshaping the workflow.",
2113 Chemists (Level 4),2,2113-chemists-level-4,2113,54420,wages_statfin,,Bachelor's degree,2-4 years,None,1719,2023,6,Moderate prospects,extras_csv,7,"Chemists perform significant knowledge work involving data analysis, research, and documentation, which are highly susceptible to AI-driven automation and predictive modeling. While the role requires physical laboratory work, the core intellectual tasks of experimental design and data interpretation are increasingly being augmented or replaced by AI tools.",
2113. Chemists (Level 5),2,2113-chemists-level-5,2113.,54420,wages_statfin,,Bachelor's degree,2-4 years,None,1719,2023,6,Moderate prospects,extras_csv,7,"Chemists perform significant knowledge work involving data analysis, research, and documentation, which are highly susceptible to AI-driven automation and predictive modeling. While the role requires physical laboratory work, the core intellectual tasks of experimental design and data interpretation are increasingly being augmented or replaced by AI tools.",
2114 Geologists and geophysicists (Level 4),2,2114-geologists-and-geophysicists-level-4,2114,,,,Bachelor's degree,2-4 years,None,512,2023,7,Good prospects,extras_csv,6,"Geologists and geophysicists perform significant knowledge work involving data analysis, modeling, and report writing, which are highly susceptible to AI-driven automation. However, the role also requires physical fieldwork, site-specific observation, and complex decision-making based on environmental variables that remain difficult for AI to fully replicate.",
2114. Geologists and geophysicists (Level 5),2,2114-geologists-and-geophysicists-level-5,2114.,,,,Bachelor's degree,2-4 years,None,512,2023,7,Good prospects,extras_csv,6,"Geologists and geophysicists perform significant knowledge work involving data analysis, modeling, and report writing, which are highly susceptible to AI-driven automation. However, the role also requires physical fieldwork, site-specific observation, and complex decision-making based on environmental variables that remain difficult for AI to fully replicate.",
"212 Mathematicians, actuaries and statisticians (Level 3)",2,212-mathematicians-actuaries-and-statisticians-level-3,212,58716,wages_statfin,,,,,3913,2023,,,,9,"This occupation is almost entirely digital, involving complex data analysis, mathematical modeling, and statistical programming, all of which are core domains for current AI advancement. AI tools are already capable of automating significant portions of data processing, code generation, and predictive modeling, leading to a major restructuring of the role.",
"2120 Mathematicians, actuaries and statisticians (Level 4)",2,2120-mathematicians-actuaries-and-statisticians-level-4,2120,58716,wages_statfin,,Bachelor's degree,2-4 years,None,3913,2023,7,Good prospects,extras_csv,9,"This occupation is almost entirely digital, involving complex data analysis, mathematical modeling, and statistical programming, all of which are core domains for current AI advancement. AI tools are already capable of automating significant portions of data processing, code generation, and predictive modeling, leading to a major restructuring of the role.",
"2120. Mathematicians, actuaries and statisticians (Level 5)",2,2120-mathematicians-actuaries-and-statisticians-level-5,2120.,58716,wages_statfin,,Bachelor's degree,2-4 years,None,3913,2023,7,Good prospects,extras_csv,9,"This occupation is almost entirely digital, involving complex data analysis, mathematical modeling, and statistical programming, all of which are core domains for current AI advancement. AI tools are already capable of automating significant portions of data processing, code generation, and predictive modeling, leading to a major restructuring of the role.",
213 Life science professionals (Level 3),2,213-life-science-professionals-level-3,213,50496,wages_statfin,,,,,9124,2023,,,,6,"Life science professionals perform significant knowledge work involving data analysis, research documentation, and experimental design, which are increasingly supported by AI tools. However, the role also requires physical laboratory work, field research, and complex human judgment that remains difficult to fully automate.",
"2131 Biologists, botanists, zoologists and related professionals (Level 4)",2,2131-biologists-botanists-zoologists-and-related-professionals-level-4,2131,50580,wages_statfin,,Bachelor's degree,2-4 years,None,3186,2023,8,Good prospects,extras_csv,6,"While this role involves significant field work and physical data collection, a large portion of the profession is dedicated to data analysis, scientific writing, and research modeling. AI tools are increasingly capable of automating these analytical tasks, though the need for physical experimentation and expert human judgment in biological interpretation remains a strong constraint.",
"2131. Biologists, botanists, zoologists and related professionals (Level 5)",2,2131-biologists-botanists-zoologists-and-related-professionals-level-5,2131.,50580,wages_statfin,,Bachelor's degree,2-4 years,None,3186,2023,8,Good prospects,extras_csv,6,"While this role involves significant field work and physical data collection, a large portion of the profession is dedicated to data analysis, scientific writing, and research modeling. AI tools are increasingly capable of automating these analytical tasks, though the need for physical experimentation and expert human judgment in biological interpretation remains a strong constraint.",
"2132 Farming, forestry and fisheries advisers (Level 4)",2,2132-farming-forestry-and-fisheries-advisers-level-4,2132,47424,wages_statfin,,Bachelor's degree,2-4 years,None,3103,2023,8,Good prospects,extras_csv,4,"This role involves a mix of digital knowledge work, such as data analysis and report writing, and physical field visits to provide on-site consultation. While AI can significantly assist with data-driven decision-making and agricultural modeling, the necessity for physical presence and human-to-human advisory interaction in unpredictable environments limits the overall exposure.",
"2132. (Not more specifically classified) Farming, forestry and fisheries advisers (Level 5)",2,2132-not-more-specifically-classified-farming-forestry-and-fisheries-advisers-level-5,2132.,47424,wages_statfin,,Bachelor's degree,2-4 years,None,0,2023,8,Good prospects,extras_csv,4,"This role involves a mix of digital knowledge work, such as data analysis and report writing, and physical field visits to provide on-site consultation. While AI can significantly assist with data-driven decision-making and agricultural modeling, the necessity for physical presence and human-to-human advisory interaction in unpredictable environments limits the overall exposure.",
21321 Agronomists and fishery professionals (Level 5),2,21321-agronomists-and-fishery-professionals-level-5,21321,49428,wages_statfin,,Bachelor's degree,2-4 years,None,791,2023,6,Moderate prospects,extras_csv,5,"Agronomists and fishery professionals perform a mix of field-based physical work and knowledge-based data analysis. While AI can significantly enhance their ability to process environmental data, crop modeling, and resource management, the core requirements of physical site inspection and real-world biological monitoring remain essential.",
21322 Forestry professionals (Level 5),2,21322-forestry-professionals-level-5,21322,47004,wages_statfin,,Bachelor's degree,2-4 years,None,2312,2023,6,Moderate prospects,extras_csv,4,"Forestry professionals combine field-based physical work, such as forest inventory and site assessment, with digital knowledge work like data analysis and management planning. While AI can significantly enhance the processing of remote sensing data and growth modeling, the core requirement for on-site physical inspection and complex environmental decision-making limits the overall automation potential.",
2133 Environmental protection professionals (Level 4),2,2133-environmental-protection-professionals-level-4,2133,54600,wages_statfin,,Bachelor's degree,2-4 years,None,2835,2023,7,Good prospects,extras_csv,6,"This role involves significant knowledge work, including data analysis, report writing, and regulatory compliance, which are highly susceptible to AI-driven automation and synthesis. However, the occupation also requires physical site visits, field inspections, and complex stakeholder negotiations that necessitate human judgment and physical presence, preventing a higher exposure score.",
2133. Environmental protection professionals (Level 5),2,2133-environmental-protection-professionals-level-5,2133.,54600,wages_statfin,,Bachelor's degree,2-4 years,None,2835,2023,7,Good prospects,extras_csv,6,"This role involves significant knowledge work, including data analysis, report writing, and regulatory compliance, which are highly susceptible to AI-driven automation and synthesis. However, the occupation also requires physical site visits, field inspections, and complex stakeholder negotiations that necessitate human judgment and physical presence, preventing a higher exposure score.",
214 Engineering professionals (excluding electrotechnology) (Level 3),2,214-engineering-professionals-excluding-electrotechnology-level-3,214,59364,wages_statfin,,,,,64977,2023,,,,8,"Engineering professionals perform highly technical, digital-centric work involving complex calculations, simulations, and design documentation. AI tools are rapidly automating these core analytical tasks, significantly increasing productivity and restructuring the traditional engineering workflow.",
2141 Industrial and production engineers (Level 4),2,2141-industrial-and-production-engineers-level-4,2141,61440,wages_statfin,,Bachelor's degree,2-4 years,None,5561,2023,7,Good prospects,extras_csv,7,"Industrial and production engineers perform high-level analytical work, process optimization, and system design, which are increasingly supported by AI-driven simulation and predictive modeling tools. While the role requires physical site visits and complex human coordination, the core intellectual tasks are highly susceptible to automation and AI-assisted decision-making.",
2141. Industrial and production engineers (Level 5),2,2141-industrial-and-production-engineers-level-5,2141.,61440,wages_statfin,,Bachelor's degree,2-4 years,None,5561,2023,7,Good prospects,extras_csv,7,"Industrial and production engineers perform high-level analytical work, process optimization, and system design, which are increasingly supported by AI-driven simulation and predictive modeling tools. While the role requires physical site visits and complex human coordination, the core intellectual tasks are highly susceptible to automation and AI-assisted decision-making.",
2142 Civil engineers (Level 4),2,2142-civil-engineers-level-4,2142,59316,wages_statfin,,Bachelor's degree,2-4 years,None,16812,2023,7,Good prospects,extras_csv,6,"Civil engineering involves significant digital work, including CAD modeling, structural analysis, and project documentation, which are increasingly automated by AI-driven design tools. However, the role requires substantial physical site visits, complex regulatory judgment, and real-world safety accountability that AI cannot currently replace.",
2142. Civil engineers (Level 5),2,2142-civil-engineers-level-5,2142.,59316,wages_statfin,,Bachelor's degree,2-4 years,None,16812,2023,7,Good prospects,extras_csv,6,"Civil engineering involves significant digital work, including CAD modeling, structural analysis, and project documentation, which are increasingly automated by AI-driven design tools. However, the role requires substantial physical site visits, complex regulatory judgment, and real-world safety accountability that AI cannot currently replace.",
2143 Environmental engineers (Level 4),2,2143-environmental-engineers-level-4,2143,51552,wages_statfin,,Bachelor's degree,2-4 years,None,864,2023,6,Moderate prospects,extras_csv,7,"Environmental engineering involves significant digital knowledge work, including data analysis, modeling, report writing, and regulatory compliance, all of which are highly susceptible to AI augmentation. While the role requires physical site visits and complex human judgment, the core analytical and design tasks are increasingly being automated or assisted by AI tools.",
2143. Environmental engineers (Level 5),2,2143-environmental-engineers-level-5,2143.,51552,wages_statfin,,Bachelor's degree,2-4 years,None,864,2023,6,Moderate prospects,extras_csv,7,"Environmental engineering involves significant digital knowledge work, including data analysis, modeling, report writing, and regulatory compliance, all of which are highly susceptible to AI augmentation. While the role requires physical site visits and complex human judgment, the core analytical and design tasks are increasingly being automated or assisted by AI tools.",
2144 Mechanical engineers (Level 4),2,2144-mechanical-engineers-level-4,2144,56424,wages_statfin,,Bachelor's degree,2-4 years,None,22113,2023,7,Good prospects,extras_csv,7,"Mechanical engineering involves significant digital knowledge work, including CAD modeling, simulation, and technical documentation, all of which are increasingly automated by AI-driven generative design and analysis tools. While the role requires physical understanding and real-world application, the core analytical and design tasks are highly susceptible to AI-assisted productivity gains and restructuring.",
2144. Mechanical engineers (Level 5),2,2144-mechanical-engineers-level-5,2144.,56424,wages_statfin,,Bachelor's degree,2-4 years,None,22113,2023,7,Good prospects,extras_csv,7,"Mechanical engineering involves significant digital knowledge work, including CAD modeling, simulation, and technical documentation, all of which are increasingly automated by AI-driven generative design and analysis tools. While the role requires physical understanding and real-world application, the core analytical and design tasks are highly susceptible to AI-assisted productivity gains and restructuring.",
2145 Chemical engineers (Level 4),2,2145-chemical-engineers-level-4,2145,63948,wages_statfin,,Bachelor's degree,2-4 years,None,4788,2023,6,Moderate prospects,extras_csv,7,"Chemical engineering involves significant digital knowledge work, including complex data analysis, process modeling, and simulation, which are highly susceptible to AI-driven optimization. While the role requires physical oversight of industrial processes, the core engineering design and analytical tasks are increasingly being transformed by AI tools.",
2145. Chemical engineers (Level 5),2,2145-chemical-engineers-level-5,2145.,63948,wages_statfin,,Bachelor's degree,2-4 years,None,4788,2023,6,Moderate prospects,extras_csv,7,"Chemical engineering involves significant digital knowledge work, including complex data analysis, process modeling, and simulation, which are highly susceptible to AI-driven optimization. While the role requires physical oversight of industrial processes, the core engineering design and analytical tasks are increasingly being transformed by AI tools.",
"2146 Mining engineers, metallurgists and related professionals (Level 4)",2,2146-mining-engineers-metallurgists-and-related-professionals-level-4,2146,63036,wages_statfin,,Bachelor's degree,2-4 years,None,1084,2023,5,Moderate prospects,extras_csv,6,"While the role involves physical site visits and engineering oversight, a significant portion of the work is digital, involving complex data analysis, simulation, modeling, and technical reporting. AI tools are increasingly capable of optimizing extraction processes and analyzing geological data, which will significantly reshape the analytical components of the profession.",
"2146. Mining engineers, metallurgists and related professionals (Level 5)",2,2146-mining-engineers-metallurgists-and-related-professionals-level-5,2146.,63036,wages_statfin,,Bachelor's degree,2-4 years,None,1084,2023,5,Moderate prospects,extras_csv,6,"While the role involves physical site visits and engineering oversight, a significant portion of the work is digital, involving complex data analysis, simulation, modeling, and technical reporting. AI tools are increasingly capable of optimizing extraction processes and analyzing geological data, which will significantly reshape the analytical components of the profession.",
2149 Engineering professionals not elsewhere classified (Level 4),2,2149-engineering-professionals-not-elsewhere-classified-level-4,2149,60840,wages_statfin,,Bachelor's degree,2-4 years,None,13755,2023,6,Moderate prospects,extras_csv,7,"This role involves high-level knowledge work, including technical analysis, design, and project management, which are increasingly supported by AI-driven simulation and optimization tools. While the work requires specialized engineering judgment and complex problem-solving, the digital nature of the core tasks makes it highly susceptible to productivity gains and restructuring through AI integration.",
2149. Engineering professionals not elsewhere classified (Level 5),2,2149-engineering-professionals-not-elsewhere-classified-level-5,2149.,60840,wages_statfin,,Bachelor's degree,2-4 years,None,13755,2023,6,Moderate prospects,extras_csv,7,"This role involves high-level knowledge work, including technical analysis, design, and project management, which are increasingly supported by AI-driven simulation and optimization tools. While the work requires specialized engineering judgment and complex problem-solving, the digital nature of the core tasks makes it highly susceptible to productivity gains and restructuring through AI integration.",
215 Electrotechnology engineers (Level 3),2,215-electrotechnology-engineers-level-3,215,60240,wages_statfin,,,,,23058,2023,,,,7,"Electrotechnology engineering involves significant digital work, including complex design, simulation, and data analysis, all of which are highly susceptible to AI-driven automation and optimization tools. While the role requires physical oversight and safety-critical judgment in real-world systems, the core engineering tasks are increasingly being transformed by generative AI and advanced modeling software.",
2151 Electrical engineers (Level 4),2,2151-electrical-engineers-level-4,2151,57840,wages_statfin,,Bachelor's degree,2-4 years,None,13137,2023,8,Good prospects,extras_csv,7,"Electrical engineering involves significant digital work, including computer-aided design (CAD), simulation, and technical documentation, all of which are highly susceptible to AI-driven automation and optimization. While the role requires physical oversight and complex problem-solving that necessitates human judgment, the core analytical and design tasks are increasingly being augmented or performed by AI tools.",
2151. Electrical engineers (Level 5),2,2151-electrical-engineers-level-5,2151.,57840,wages_statfin,,Bachelor's degree,2-4 years,None,13137,2023,8,Good prospects,extras_csv,7,"Electrical engineering involves significant digital work, including computer-aided design (CAD), simulation, and technical documentation, all of which are highly susceptible to AI-driven automation and optimization. While the role requires physical oversight and complex problem-solving that necessitates human judgment, the core analytical and design tasks are increasingly being augmented or performed by AI tools.",
2152 Electronics engineers (Level 4),2,2152-electronics-engineers-level-4,2152,62580,wages_statfin,,Bachelor's degree,2-4 years,None,7083,2023,7,Good prospects,extras_csv,7,"Electronics engineering involves significant digital work, including circuit simulation, code development, and technical documentation, all of which are increasingly augmented by AI tools. While the role requires physical testing and complex hardware integration that limits full automation, AI is rapidly transforming the design and verification phases of the profession.",
2152. Electronics engineers (Level 5),2,2152-electronics-engineers-level-5,2152.,62580,wages_statfin,,Bachelor's degree,2-4 years,None,7083,2023,7,Good prospects,extras_csv,7,"Electronics engineering involves significant digital work, including circuit simulation, code development, and technical documentation, all of which are increasingly augmented by AI tools. While the role requires physical testing and complex hardware integration that limits full automation, AI is rapidly transforming the design and verification phases of the profession.",
2153 Telecommunications engineers (Level 4),2,2153-telecommunications-engineers-level-4,2153,63012,wages_statfin,,Bachelor's degree,2-4 years,None,2838,2023,7,Good prospects,extras_csv,7,"Telecommunications engineering involves significant digital work, including network design, system analysis, and configuration, which are increasingly assisted by AI-driven automation and predictive maintenance tools. While the role requires complex problem-solving and physical infrastructure oversight, the core analytical and design tasks are highly susceptible to AI-driven productivity gains.",
2153. (Not more specifically classified) Telecommunications engineers (Level 5),2,2153-not-more-specifically-classified-telecommunications-engineers-level-5,2153.,63012,wages_statfin,,Bachelor's degree,2-4 years,None,62,2023,7,Good prospects,extras_csv,7,"Telecommunications engineering involves significant digital work, including network design, simulation, and analysis, which are highly susceptible to AI-driven automation and optimization. While the role requires specialized technical judgment and occasional physical site oversight, the core analytical and planning tasks are increasingly being augmented or automated by AI tools.",
21531 Telecommunications researchers (Level 5),2,21531-telecommunications-researchers-level-5,21531,67128,wages_statfin,,Bachelor's degree,2-4 years,None,1645,2023,6,Moderate prospects,extras_csv,8,"Telecommunications research is a highly digital, knowledge-intensive field that relies heavily on data analysis, simulation, and technical documentation. AI tools are already transforming these core tasks by automating complex modeling, optimizing network architectures, and accelerating the coding processes essential to the role.",
21532 Information technology researchers (Level 5),2,21532-information-technology-researchers-level-5,21532,47964,wages_statfin,,Bachelor's degree,2-4 years,None,1131,2023,6,Moderate prospects,extras_csv,9,"As information technology researchers, the core tasks involve coding, data analysis, and technical documentation, all of which are primary domains for AI advancement. AI tools are already capable of accelerating research, automating code generation, and synthesizing technical literature, leading to a fundamental restructuring of how this role is performed.",
"216 Architects, planners, surveyors and designers (Level 3)",2,216-architects-planners-surveyors-and-designers-level-3,216,52512,wages_statfin,,Bachelor's degree,2-4 years,None,15513,2023,6,Moderate prospects,extras_csv,8,"This occupation is heavily reliant on digital tools like CAD, BIM, and design software, which are increasingly integrated with generative AI for automated drafting, structural optimization, and rendering. While human judgment and physical site visits remain necessary, the core design and planning tasks are highly susceptible to AI-driven automation and augmentation.",
"216.  (Not more specifically classified) Architects, planners, surveyors and designers (Level 4)",2,216-not-more-specifically-classified-architects-planners-surveyors-and-designers-level-4,216.,,,,Bachelor's degree,2-4 years,None,0,2023,6,Moderate prospects,extras_csv,8,"This occupation involves significant digital knowledge work, including CAD modeling, technical planning, and data analysis, which are highly susceptible to AI-driven automation and generative design tools. While human judgment and physical site visits remain necessary, the core technical and design tasks are increasingly being performed within digital environments where AI capabilities are rapidly advancing.",
"216.. (Not more specifically classified) Architects, planners, surveyors and designers (Level 5)",2,216-not-more-specifically-classified-architects-planners-surveyors-and-designers-level-5,216..,52512,wages_statfin,,Bachelor's degree,2-4 years,None,0,2023,6,Moderate prospects,extras_csv,8,"This occupation involves significant digital knowledge work, including CAD modeling, technical planning, and data analysis, which are highly susceptible to AI-driven automation and generative design tools. While human judgment and physical site visits remain necessary, the core technical and design tasks are increasingly being performed within digital environments where AI capabilities are rapidly advancing.",
2161 Building architects (Level 4),2,2161-building-architects-level-4,2161,55992,wages_statfin,,Bachelor's degree,2-4 years,None,3889,2023,7,Good prospects,extras_csv,7,"Architectural work is increasingly digital, relying heavily on CAD and BIM software where AI is rapidly automating drafting, generative design, and structural optimization. While human judgment, regulatory compliance, and client interaction remain essential, the core technical production of architectural plans is highly susceptible to AI-driven efficiency gains.",
2161. Building architects (Level 5),2,2161-building-architects-level-5,2161.,55992,wages_statfin,,Bachelor's degree,2-4 years,None,3889,2023,7,Good prospects,extras_csv,7,"Architectural work is increasingly digital, relying heavily on CAD and BIM software where AI is rapidly automating drafting, generative design, and structural optimization. While human judgment, regulatory compliance, and client interaction remain essential, the core technical production of architectural plans is highly susceptible to AI-driven efficiency gains.",
2162 Landscape architects (Level 4),2,2162-landscape-architects-level-4,2162,52788,wages_statfin,,Bachelor's degree,2-4 years,None,164,2023,6,Moderate prospects,extras_csv,7,"Landscape architecture involves significant digital work, including CAD drafting, 3D modeling, and data analysis, all of which are highly susceptible to AI-driven automation and generative design tools. While the role requires site visits and human-centric design judgment, the core technical production tasks are increasingly being reshaped by AI software.",
2162. Landscape architects (Level 5),2,2162-landscape-architects-level-5,2162.,52788,wages_statfin,,Bachelor's degree,2-4 years,None,164,2023,6,Moderate prospects,extras_csv,7,"Landscape architecture involves significant digital work, including CAD drafting, 3D modeling, and data analysis, all of which are highly susceptible to AI-driven automation and generative design tools. While the role requires site visits and human-centric design judgment, the core technical production tasks are increasingly being reshaped by AI software.",
2163 Product and garment designers (Level 4),2,2163-product-and-garment-designers-level-4,2163,48240,wages_statfin,,Bachelor's degree,2-4 years,None,1356,2023,5,Moderate prospects,extras_csv,8,"Product and garment design is increasingly digital, relying on CAD software, 3D modeling, and digital prototyping, all of which are being rapidly transformed by generative AI. While the role requires creative judgment and aesthetic sense, the core technical tasks of drafting, pattern making, and visual iteration are highly susceptible to automation and AI-assisted design tools.",
2163. Product and garment designers (Level 5),2,2163-product-and-garment-designers-level-5,2163.,48240,wages_statfin,,Bachelor's degree,2-4 years,None,1356,2023,5,Moderate prospects,extras_csv,8,"Product and garment design is increasingly digital, relying on CAD software, 3D modeling, and digital prototyping, all of which are being rapidly transformed by generative AI. While the role requires creative judgment and aesthetic sense, the core technical tasks of drafting, pattern making, and visual iteration are highly susceptible to automation and AI-assisted design tools.",
2164 Town and traffic planners (Level 4),2,2164-town-and-traffic-planners-level-4,2164,56856,wages_statfin,,Bachelor's degree,2-4 years,None,3846,2023,5,Moderate prospects,extras_csv,7,"Town and traffic planning is a knowledge-intensive role that relies heavily on digital data analysis, GIS mapping, and simulation software, all of which are being rapidly transformed by AI. While the job requires human judgment for political and social navigation, the core technical tasks of modeling and design are highly susceptible to AI-driven automation and optimization.",
2164. Town and traffic planners (Level 5),2,2164-town-and-traffic-planners-level-5,2164.,56856,wages_statfin,,Bachelor's degree,2-4 years,None,3846,2023,5,Moderate prospects,extras_csv,7,"Town and traffic planning is a knowledge-intensive role that relies heavily on digital data analysis, GIS mapping, and simulation software, all of which are being rapidly transformed by AI. While the job requires human judgment for political and social navigation, the core technical tasks of modeling and design are highly susceptible to AI-driven automation and optimization.",
2165 Cartographers and surveyors (Level 4),2,2165-cartographers-and-surveyors-level-4,2165,50076,wages_statfin,,Bachelor's degree,2-4 years,None,1781,2023,5,Moderate prospects,extras_csv,7,"Cartography and surveying are increasingly digital, relying heavily on GIS software, satellite imagery, and automated data processing. While field surveying requires physical presence, the core analytical and drafting tasks are highly susceptible to AI-driven automation and advanced spatial modeling.",
2165. Cartographers and surveyors (Level 5),2,2165-cartographers-and-surveyors-level-5,2165.,50076,wages_statfin,,Bachelor's degree,2-4 years,None,1781,2023,5,Moderate prospects,extras_csv,7,"Cartography and surveying are increasingly digital, relying heavily on GIS software, satellite imagery, and automated data processing. While field surveying requires physical presence, the core analytical and drafting tasks are highly susceptible to AI-driven automation and advanced spatial modeling.",
2166 Graphic and multimedia designers (Level 4),2,2166-graphic-and-multimedia-designers-level-4,2166,45876,wages_statfin,,Bachelor's degree,2-4 years,None,4477,2023,4,Below average,extras_csv,9,"Graphic and multimedia design is a predominantly digital profession where generative AI tools can already automate complex image creation, layout, and asset generation. The core tasks of the role are highly susceptible to rapid restructuring as AI models continue to advance in visual synthesis and design logic.",
2166. Graphic and multimedia designers (Level 5),2,2166-graphic-and-multimedia-designers-level-5,2166.,45876,wages_statfin,,Bachelor's degree,2-4 years,None,4477,2023,4,Below average,extras_csv,9,"Graphic and multimedia design is a predominantly digital profession where generative AI tools can already automate complex image creation, layout, and asset generation. The core tasks of the role are highly susceptible to rapid restructuring as AI models continue to advance in visual synthesis and design logic.",
22 Health professionals (Level 2),2,22-health-professionals-level-2,22,73752,wages_statfin,,,,,42671,2023,,,,5,"Health professionals perform a mix of high-level knowledge work, such as diagnostics and treatment planning, which are increasingly supported by AI, and essential physical/interpersonal care that requires human presence. While AI will significantly augment their analytical capabilities, the core requirement for physical examination and patient-centered human interaction creates a natural barrier to full automation.",
221 Medical doctors (Level 3),2,221-medical-doctors-level-3,221,104040,wages_statfin,,,,,22431,2023,,,,5,"Medical doctors perform high-stakes knowledge work that benefits from AI in diagnostics, imaging analysis, and administrative tasks. However, the core of the profession requires physical examination, complex human judgment, and patient interaction, which remain significant barriers to full automation.",
2211 Generalist medical practitioners (Level 4),2,2211-generalist-medical-practitioners-level-4,2211,96804,wages_statfin,,Doctoral degree,5+ years,Specialist training,8083,2023,9,Very good prospects,extras_csv,5,"Generalist medical practitioners perform high-stakes diagnostic and interpersonal work that requires physical presence and complex human judgment. While AI is increasingly capable of assisting with data analysis, medical imaging, and administrative documentation, the core of the profession—patient examination, physical care, and ethical decision-making—remains fundamentally human-centric.",
2211. Generalist medical practitioners (Level 5),2,2211-generalist-medical-practitioners-level-5,2211.,96804,wages_statfin,,Doctoral degree,5+ years,Specialist training,8083,2023,9,Very good prospects,extras_csv,5,"Generalist medical practitioners perform high-stakes diagnostic and interpersonal work that requires physical presence and complex human judgment. While AI is increasingly capable of assisting with data analysis, medical imaging, and administrative documentation, the core of the profession—patient examination, physical care, and ethical decision-making—remains fundamentally human-centric.",
2212 Specialist medical practitioners (Level 4),2,2212-specialist-medical-practitioners-level-4,2212,107496,wages_statfin,,Bachelor's degree,3-5 years,None,14348,2023,8,Good prospects,extras_csv,5,"While medical specialists perform high-level knowledge work, their role requires significant physical examination, real-time patient interaction, and high-stakes clinical judgment that AI cannot currently replace. AI serves as a powerful diagnostic and administrative tool, but the core of the profession remains anchored in physical presence and human accountability.",
22121 Senior physicians (Level 5),2,22121-senior-physicians-level-5,22121,129540,wages_statfin,,Bachelor's degree,2-4 years,None,3278,2023,6,Moderate prospects,extras_csv,4,"While senior physicians perform significant knowledge work, their role requires high-stakes physical examination, complex clinical judgment, and direct patient interaction that AI cannot replace. AI serves as a powerful diagnostic and administrative support tool, but the core of the profession remains anchored in human-centric care and physical presence.",
22122 Specialists (Level 5),2,22122-specialists-level-5,22122,97248,wages_statfin,,Bachelor's degree,2-4 years,None,11070,2023,6,Moderate prospects,extras_csv,7,"As a specialist role involving high-level knowledge work, this occupation relies heavily on information processing, analysis, and digital communication. While it requires human judgment and expertise, the core tasks are increasingly susceptible to augmentation and automation by AI tools, leading to significant productivity shifts.",
222 Nursing and midwifery professionals (Level 3),2,222-nursing-and-midwifery-professionals-level-3,222,50376,wages_statfin,,,,,5650,2023,,,,4,"Nursing and midwifery professionals perform critical, high-touch physical care and real-time clinical decision-making that requires human presence and empathy. While AI can assist with administrative tasks, diagnostic support, and monitoring, the core of the profession remains inherently tied to physical interaction and complex, unpredictable patient care.",
2221 Nursing professionals (Level 4),2,2221-nursing-professionals-level-4,2221,50376,wages_statfin,,Bachelor's degree,3-5 years,None,5650,2023,8,Good prospects,extras_csv,4,"Nursing is a high-touch, physical profession that requires real-time clinical judgment, patient interaction, and manual care, which are difficult to automate. While AI can assist with administrative tasks, diagnostics, and monitoring, the core of the role remains fundamentally tied to human presence and physical intervention.",
22211 Matrons (Level 5),2,22211-matrons-level-5,22211,68736,wages_statfin,,Bachelor's degree,2-4 years,None,512,2023,6,Moderate prospects,extras_csv,5,"Matrons in a healthcare or institutional setting perform a hybrid role that combines administrative knowledge work with significant physical presence and real-time human interaction. While AI can assist with scheduling, documentation, and resource management, the core of the role requires direct oversight, physical coordination, and interpersonal judgment that cannot be automated.",
22212 Ward sisters (Level 5),2,22212-ward-sisters-level-5,22212,49812,wages_statfin,,Bachelor's degree,2-4 years,None,5138,2023,6,Moderate prospects,extras_csv,4,"Ward sisters perform a hybrid role involving clinical patient care, which requires physical presence and human empathy, alongside administrative and managerial duties. While AI can assist with scheduling, resource allocation, and documentation, the core of the job remains centered on real-time clinical judgment and interpersonal coordination in a physical healthcare environment.",
225 Veterinarians (Level 3),2,225-veterinarians-level-3,225,72324,wages_statfin,,,,,1798,2023,,,,4,"Veterinarians perform essential physical tasks such as examinations, surgeries, and animal handling that require real-time presence and manual dexterity. While AI can assist with diagnostic imaging analysis and record-keeping, the core of the profession remains rooted in physical interaction and complex clinical judgment that cannot be automated.",
2250 Veterinarians (Level 4),2,2250-veterinarians-level-4,2250,72324,wages_statfin,,Bachelor's degree,2-4 years,None,1798,2023,5,Moderate prospects,extras_csv,4,"Veterinarians perform essential physical tasks such as examinations, surgeries, and animal handling that require real-time presence and manual dexterity. While AI can assist with diagnostic imaging analysis and record-keeping, the core of the profession remains rooted in physical interaction and complex clinical judgment that cannot be automated.",
2250. Veterinarians (Level 5),2,2250-veterinarians-level-5,2250.,72324,wages_statfin,,Bachelor's degree,2-4 years,None,1798,2023,5,Moderate prospects,extras_csv,4,"Veterinarians perform essential physical tasks such as examinations, surgeries, and animal handling that require real-time presence and manual dexterity. While AI can assist with diagnostic imaging analysis and record-keeping, the core of the profession remains rooted in physical interaction and complex clinical judgment that cannot be automated.",
226 Other health professionals (Level 3),2,226-other-health-professionals-level-3,226,59340,wages_statfin,,Bachelor's degree,2-4 years,None,12792,2023,6,Moderate prospects,extras_csv,5,"This category encompasses diverse health roles that require a mix of specialized knowledge work and direct, physical patient interaction. While AI can assist with diagnostic analysis and documentation, the core requirement for physical presence and human-centric care provides a significant barrier to full automation.",
226.  (Not more specifically classified) Other health professionals (Level 4),2,226-not-more-specifically-classified-other-health-professionals-level-4,226.,,,,Bachelor's degree,2-4 years,None,0,2023,6,Moderate prospects,extras_csv,5,"This category encompasses diverse health roles that require a mix of specialized knowledge work and direct, physical patient interaction. While AI can assist with diagnostic analysis and documentation, the core requirement for physical presence and human-centric care provides a significant barrier to full automation.",
226.. (Not more specifically classified) Other health professionals (Level 5),2,226-not-more-specifically-classified-other-health-professionals-level-5,226..,59340,wages_statfin,,Bachelor's degree,2-4 years,None,0,2023,6,Moderate prospects,extras_csv,5,"This category covers a diverse range of health professionals whose work involves a mix of specialized knowledge, clinical assessment, and direct patient interaction. While AI can assist with diagnostic support and administrative documentation, the core requirement for physical presence and human-centric care provides a significant buffer against full automation.",
2261 Dentists (Level 4),2,2261-dentists-level-4,2261,86652,wages_statfin,,Bachelor's degree,2-4 years,None,4300,2023,6,Moderate prospects,extras_csv,3,"Dentistry is a highly physical, manual profession that requires real-time, precise interaction with patients in a clinical setting. While AI can assist with diagnostic imaging and administrative tasks, the core work of performing dental procedures remains fundamentally tied to physical dexterity and human presence.",
2261. Dentists (Level 5),2,2261-dentists-level-5,2261.,86652,wages_statfin,,Bachelor's degree,2-4 years,None,4300,2023,6,Moderate prospects,extras_csv,3,"Dentistry is a highly physical, manual profession that requires real-time, precise interaction with patients in a clinical setting. While AI can assist with diagnostic imaging and administrative tasks, the core work of performing dental procedures remains fundamentally tied to physical dexterity and human presence.",
2262 Pharmacists (Level 4),2,2262-pharmacists-level-4,2262,60540,wages_statfin,,Bachelor's degree,2-4 years,None,1602,2023,7,Good prospects,extras_csv,6,"Pharmacists perform a mix of knowledge-based tasks, such as drug interaction analysis and clinical decision-making, which are increasingly supported by AI, alongside physical tasks like medication dispensing and patient counseling. While AI can automate complex verification and safety checks, the requirement for physical presence, legal accountability, and direct patient interaction provides a significant buffer against full automation.",
2262. Pharmacists (Level 5),2,2262-pharmacists-level-5,2262.,60540,wages_statfin,,Bachelor's degree,2-4 years,None,1602,2023,7,Good prospects,extras_csv,6,"Pharmacists perform a mix of knowledge-based tasks, such as drug interaction analysis and clinical decision-making, which are increasingly supported by AI, alongside physical tasks like medication dispensing and patient counseling. While AI can automate complex verification and safety checks, the requirement for physical presence, legal accountability, and direct patient interaction provides a significant buffer against full automation.",
2263 Environmental and occupational health and hygiene professionals (Level 4),2,2263-environmental-and-occupational-health-and-hygiene-professionals-level-4,2263,61896,wages_statfin,,Bachelor's degree,2-4 years,None,773,2023,7,Good prospects,extras_csv,6,"This role involves a significant amount of knowledge work, including data analysis, report writing, and regulatory compliance, which are highly susceptible to AI-driven automation. However, the profession also requires physical site inspections, on-site risk assessments, and interpersonal communication with stakeholders, which provide a necessary human-centric buffer.",
2263. Environmental and occupational health and hygiene professionals (Level 5),2,2263-environmental-and-occupational-health-and-hygiene-professionals-level-5,2263.,61896,wages_statfin,,Bachelor's degree,2-4 years,None,773,2023,7,Good prospects,extras_csv,6,"This role involves a significant amount of knowledge work, including data analysis, report writing, and regulatory compliance, which are highly susceptible to AI-driven automation. However, the profession also requires physical site inspections, on-site risk assessments, and interpersonal communication with stakeholders, which provide a necessary human-centric buffer.",
2265 Dieticians and nutritionists (Level 4),2,2265-dieticians-and-nutritionists-level-4,2265,48264,wages_statfin,,Bachelor's degree,2-4 years,None,447,2023,5,Moderate prospects,extras_csv,5,"Dieticians and nutritionists perform a mix of knowledge-based analysis, such as meal planning and data interpretation, which is highly susceptible to AI, and interpersonal counseling, which requires human empathy and physical presence. While AI can automate the generation of nutritional plans and health tracking, the core of the profession relies on patient relationship management and personalized behavioral guidance that remains human-centric.",
2265. Dieticians and nutritionists (Level 5),2,2265-dieticians-and-nutritionists-level-5,2265.,48264,wages_statfin,,Bachelor's degree,2-4 years,None,447,2023,5,Moderate prospects,extras_csv,5,"Dieticians and nutritionists perform a mix of knowledge-based analysis, such as meal planning and data interpretation, which is highly susceptible to AI, and interpersonal counseling, which requires human empathy and physical presence. While AI can automate the generation of nutritional plans and health tracking, the core of the profession relies on patient relationship management and personalized behavioral guidance that remains human-centric.",
2266 Audiologists and speech therapists (Level 4),2,2266-audiologists-and-speech-therapists-level-4,2266,49764,wages_statfin,,Bachelor's degree,2-4 years,None,1864,2023,6,Moderate prospects,extras_csv,4,"The role involves significant interpersonal, physical, and diagnostic work that requires real-time human interaction and clinical judgment. While AI can assist with administrative tasks, data analysis, and generating therapy materials, the core of the profession relies on direct patient care and physical assessment that cannot be automated.",
2266. Audiologists and speech therapists (Level 5),2,2266-audiologists-and-speech-therapists-level-5,2266.,49764,wages_statfin,,Bachelor's degree,2-4 years,None,1864,2023,6,Moderate prospects,extras_csv,4,"The role involves significant interpersonal, physical, and diagnostic work that requires real-time human interaction and clinical judgment. While AI can assist with administrative tasks, data analysis, and generating therapy materials, the core of the profession relies on direct patient care and physical assessment that cannot be automated.",
2269 Health professionals not elsewhere classified (Level 4),2,2269-health-professionals-not-elsewhere-classified-level-4,2269,55392,wages_statfin,,Bachelor's degree,2-4 years,None,3806,2023,6,Moderate prospects,extras_csv,5,"This category includes diverse health professionals like speech therapists and audiologists who rely on both technical knowledge and direct, physical patient interaction. While AI can assist with diagnostic data analysis and documentation, the core of the work requires human-centric, real-time physical presence and therapeutic judgment that remains difficult to automate.",
2269. Health professionals not elsewhere classified (Level 5),2,2269-health-professionals-not-elsewhere-classified-level-5,2269.,55392,wages_statfin,,Bachelor's degree,2-4 years,None,3806,2023,6,Moderate prospects,extras_csv,5,"This category includes diverse health professionals like speech therapists and audiologists who rely on both technical knowledge and direct, physical patient interaction. While AI can assist with diagnostic data analysis and documentation, the core of the work requires human-centric, real-time physical presence and therapeutic judgment that remains difficult to automate.",
23 Teaching professionals (Level 2),2,23-teaching-professionals-level-2,23,49824,wages_statfin,,,,,141077,2023,,,,6,"Teaching professionals perform significant knowledge work, including lesson planning, grading, and content creation, which are increasingly susceptible to AI-driven automation and augmentation. However, the core of the profession relies on complex human interaction, emotional intelligence, and physical presence in the classroom, which remain essential and difficult for AI to replicate.",
231 University and higher education teachers (Level 3),2,231-university-and-higher-education-teachers-level-3,231,61764,wages_statfin,,,,,18543,2023,,,,6,"University teaching involves significant knowledge work, content creation, and administrative tasks that are highly susceptible to AI augmentation and automation. However, the role retains a strong requirement for human-centric interaction, mentorship, and complex pedagogical judgment that limits full replacement.",
2310 University and higher education teachers (Level 4),2,2310-university-and-higher-education-teachers-level-4,2310,61764,wages_statfin,,Bachelor's degree,2-4 years,None,18543,2023,7,Good prospects,extras_csv,6,"University teaching involves significant knowledge work, content creation, and administrative tasks that are highly susceptible to AI augmentation and automation. However, the role retains a strong requirement for human-centric interaction, mentorship, and complex pedagogical judgment that limits full replacement.",
23101 Professors (Level 5),2,23101-professors-level-5,23101,88248,wages_statfin,,Bachelor's degree,2-4 years,None,3061,2023,6,Moderate prospects,extras_csv,6,"Professors engage in high-level knowledge work, including research, content creation, and data analysis, which are increasingly susceptible to AI augmentation. However, the role retains a significant requirement for human interaction, mentorship, and complex pedagogical judgment that limits full automation.",
23102 Lecturers and senior assistants (university) (Level 5),2,23102-lecturers-and-senior-assistants-university-level-5,23102,55308,wages_statfin,,Bachelor's degree,2-4 years,None,4512,2023,6,Moderate prospects,extras_csv,6,"University lecturing involves significant knowledge work, content creation, and administrative tasks that are highly susceptible to AI-driven automation and augmentation. However, the role retains a strong requirement for human-centric interaction, mentorship, and complex pedagogical judgment that limits the extent of total replacement.",
23103 Assistants and part-time lecturers (university) (Level 5),2,23103-assistants-and-part-time-lecturers-university-level-5,23103,36636,wages_statfin,,Bachelor's degree,2-4 years,None,4851,2023,6,Moderate prospects,extras_csv,7,"University assistants and lecturers perform knowledge-intensive work involving curriculum development, grading, and communication, all of which are highly susceptible to AI-driven automation and augmentation. While the role requires human interaction and pedagogical judgment, the core tasks are increasingly digital and can be significantly streamlined by generative AI tools.",
23104 Head teachers (polytechnics) (Level 5),2,23104-head-teachers-polytechnics-level-5,23104,76644,wages_statfin,,Bachelor's degree,2-4 years,None,592,2023,6,Moderate prospects,extras_csv,6,"As a head teacher in a polytechnic, the role involves significant knowledge work, administration, and communication that can be augmented by AI tools for curriculum development and data analysis. However, the position requires substantial human judgment, leadership, and interpersonal interaction with faculty and students, which limits the extent to which AI can replace the core responsibilities.",
23105 Lecturers (polytechnics) (Level 5),2,23105-lecturers-polytechnics-level-5,23105,64704,wages_statfin,,Bachelor's degree,2-4 years,None,4916,2023,6,Moderate prospects,extras_csv,6,"Lecturers perform significant knowledge work, including curriculum design, content creation, and grading, all of which are highly susceptible to AI-driven automation and augmentation. However, the role retains a strong interpersonal and pedagogical component that requires human presence, empathy, and real-time student interaction, which limits the total extent of AI replacement.",
"23106 Part-time lecturers, etc. (polytechnics) (Level 5)",2,23106-part-time-lecturers-etc-polytechnics-level-5,23106,56028,wages_statfin,,Bachelor's degree,2-4 years,None,611,2023,6,Moderate prospects,extras_csv,6,"The role involves significant knowledge work, including curriculum development, grading, and communication, which are increasingly supported by AI tools. However, the core requirement for real-time human interaction, pedagogical judgment, and physical presence in a classroom environment provides a natural buffer against full automation.",
232 Vocational education teachers (Level 3),2,232-vocational-education-teachers-level-3,232,54600,wages_statfin,,,,,14268,2023,,,,6,"Vocational education involves significant knowledge work, such as lesson planning, grading, and curriculum development, which are highly susceptible to AI-driven automation and augmentation. However, the core of the role requires physical presence, hands-on instruction, and interpersonal mentorship, which act as a significant buffer against full automation.",
2320 Vocational education teachers (Level 4),2,2320-vocational-education-teachers-level-4,2320,54600,wages_statfin,,Bachelor's degree,2-4 years,None,14268,2023,6,Moderate prospects,extras_csv,6,"Vocational education involves significant knowledge work, such as lesson planning, grading, and curriculum development, which are highly susceptible to AI-driven automation and augmentation. However, the core of the role requires physical presence, hands-on instruction, and interpersonal mentorship, which act as a significant buffer against full automation.",
2320. Vocational education teachers (Level 5),2,2320-vocational-education-teachers-level-5,2320.,54600,wages_statfin,,Bachelor's degree,2-4 years,None,14268,2023,6,Moderate prospects,extras_csv,6,"Vocational education involves significant knowledge work, such as lesson planning, grading, and curriculum development, which are highly susceptible to AI-driven automation and augmentation. However, the core of the role requires physical presence, hands-on instruction, and interpersonal mentorship, which act as a significant buffer against full automation.",
233 Secondary education teachers (Level 3),2,233-secondary-education-teachers-level-3,233,56172,wages_statfin,,Bachelor's degree,2-4 years,None,24007,2023,6,Moderate prospects,extras_csv,6,"Secondary education teaching is knowledge-intensive and involves significant digital preparation, grading, and administrative tasks that are highly susceptible to AI augmentation. However, the core of the profession relies on human-centric interaction, classroom management, and pedagogical judgment, which remain difficult for AI to fully replicate.",
233.  (Not more specifically classified) Secondary education teachers (Level 4),2,233-not-more-specifically-classified-secondary-education-teachers-level-4,233.,,,,Bachelor's degree,2-4 years,None,0,2023,6,Moderate prospects,extras_csv,6,"Secondary education teaching involves significant knowledge work, such as lesson planning, grading, and content creation, which are increasingly supported by AI tools. However, the core of the profession requires complex human interaction, classroom management, and emotional intelligence, which remain difficult for AI to replicate.",
233.. (Not more specifically classified) Secondary education teachers (Level 5),2,233-not-more-specifically-classified-secondary-education-teachers-level-5,233..,56172,wages_statfin,,Bachelor's degree,2-4 years,None,0,2023,6,Moderate prospects,extras_csv,6,"Secondary education teaching involves significant knowledge work, such as lesson planning, grading, and content creation, which are highly susceptible to AI-driven automation and augmentation. However, the core of the profession relies on real-time human interaction, classroom management, and emotional intelligence, which remain essential and difficult for AI to fully replicate.",
2330 Secondary education teachers (Level 4),2,2330-secondary-education-teachers-level-4,2330,56172,wages_statfin,,Bachelor's degree,2-4 years,None,24007,2023,6,Moderate prospects,extras_csv,6,"Secondary education teaching is knowledge-intensive and involves significant digital preparation, grading, and administrative tasks that are highly susceptible to AI augmentation. However, the core of the profession relies on human-centric interaction, classroom management, and pedagogical judgment, which remain difficult for AI to fully replicate.",
234 Primary school and early childhood teachers (Level 3),2,234-primary-school-and-early-childhood-teachers-level-3,234,42960,wages_statfin,,Bachelor's degree,2-4 years,None,51457,2023,6,Moderate prospects,extras_csv,6,"While the core of the job involves essential human interaction, emotional intelligence, and physical presence in a classroom, the preparation, administrative, and instructional design aspects are highly susceptible to AI augmentation. AI tools can significantly streamline lesson planning, grading, and personalized content creation, shifting the teacher's role toward facilitation and mentorship.",
234.  (Not more specifically classified) Primary school and early childhood teachers (Level 4),2,234-not-more-specifically-classified-primary-school-and-early-childhood-teachers-level-4,234.,,,,Bachelor's degree,2-4 years,None,0,2023,6,Moderate prospects,extras_csv,6,"While the core of the job involves essential human interaction, emotional intelligence, and physical presence in a classroom, the preparation, administrative, and instructional design aspects are highly susceptible to AI augmentation. AI tools can significantly streamline lesson planning, grading, and personalized content creation, shifting the teacher's role toward facilitation and mentorship.",
234.. (Not more specifically classified) Primary school and early childhood teachers (Level 5),2,234-not-more-specifically-classified-primary-school-and-early-childhood-teachers-level-5,234..,42960,wages_statfin,,Bachelor's degree,2-4 years,None,0,2023,6,Moderate prospects,extras_csv,6,"While the core of the job involves essential human interaction, emotional intelligence, and physical presence in a classroom, the preparation, administrative, and instructional design aspects are highly susceptible to AI augmentation. AI tools can significantly streamline lesson planning, grading, and personalized content creation, shifting the teacher's role toward facilitation and mentorship.",
2341 Primary school teachers (Level 4),2,2341-primary-school-teachers-level-4,2341,50100,wages_statfin,,Bachelor's degree,2-4 years,None,28744,2023,6,Moderate prospects,extras_csv,6,"Primary school teaching involves significant interpersonal interaction, emotional intelligence, and physical presence, which are difficult to automate. However, AI is increasingly capable of assisting with lesson planning, grading, and personalized content creation, which will significantly reshape the administrative and preparatory aspects of the role.",
23411 Class teachers in primary education (Level 5),2,23411-class-teachers-in-primary-education-level-5,23411,50160,wages_statfin,,Bachelor's degree,2-4 years,None,19675,2023,6,Moderate prospects,extras_csv,6,"Primary education involves significant interpersonal interaction, emotional intelligence, and physical classroom management that AI cannot replicate. However, AI is highly capable of assisting with lesson planning, grading, and personalized content creation, which will significantly reshape the administrative and preparatory aspects of the role.",
23412 Subject teachers in primary education (Level 5),2,23412-subject-teachers-in-primary-education-level-5,23412,49680,wages_statfin,,Bachelor's degree,2-4 years,None,9069,2023,6,Moderate prospects,extras_csv,6,"Teaching is primarily knowledge-based and involves significant digital preparation, grading, and administrative tasks that are highly susceptible to AI automation. However, the core of the profession relies on real-time human interaction, classroom management, and emotional intelligence, which remain difficult for AI to replicate fully.",
2342 Early childhood educators (Level 4),2,2342-early-childhood-educators-level-4,2342,38772,wages_statfin,,Bachelor's degree,2-4 years,None,22713,2023,6,Moderate prospects,extras_csv,4,"Early childhood education relies heavily on physical presence, emotional labor, and real-time human interaction, which are difficult for AI to replicate. While AI can assist with administrative tasks, lesson planning, and documentation, the core of the job remains centered on the physical care and social development of children.",
2342. Early childhood educators (Level 5),2,2342-early-childhood-educators-level-5,2342.,38772,wages_statfin,,Bachelor's degree,2-4 years,None,22713,2023,6,Moderate prospects,extras_csv,4,"Early childhood education relies heavily on physical presence, emotional labor, and real-time human interaction, which are difficult for AI to replicate. While AI can assist with administrative tasks, lesson planning, and documentation, the core of the job remains centered on the physical care and social development of children.",
235 Other teaching professionals (Level 3),2,235-other-teaching-professionals-level-3,235,48600,wages_statfin,,Bachelor's degree,2-4 years,None,32802,2023,6,Moderate prospects,extras_csv,6,"This occupation involves significant knowledge work, such as curriculum development, lesson planning, and assessment, which are highly susceptible to AI-driven productivity gains. However, the core requirement for real-time human interaction, pedagogical judgment, and physical presence in an educational setting acts as a significant buffer against full automation.",
235.  (Not more specifically classified) Other teaching professionals (Level 4),2,235-not-more-specifically-classified-other-teaching-professionals-level-4,235.,,,,Bachelor's degree,2-4 years,None,0,2023,6,Moderate prospects,extras_csv,6,"This role involves knowledge work, curriculum development, and communication, which are increasingly supported by AI tools for lesson planning and content generation. However, the core of the profession remains rooted in human-centric interaction, pedagogy, and real-time classroom management, which limits the extent to which AI can replace the human element.",
235.. (Not more specifically classified) Other teaching professionals (Level 5),2,235-not-more-specifically-classified-other-teaching-professionals-level-5,235..,48600,wages_statfin,,Bachelor's degree,2-4 years,None,0,2023,6,Moderate prospects,extras_csv,6,"This role involves knowledge work, curriculum development, and communication, which are increasingly supported by AI tools for lesson planning and content generation. However, the core of the profession remains rooted in human-centric interaction, pedagogy, and real-time classroom management, which limits the extent to which AI can replace the human element.",
2351 Education methods specialists (Level 4),2,2351-education-methods-specialists-level-4,2351,48168,wages_statfin,,Bachelor's degree,2-4 years,None,6792,2023,6,Moderate prospects,extras_csv,7,"Education methods specialists perform knowledge-intensive work involving curriculum design, pedagogical research, and digital content creation, all of which are highly susceptible to AI-driven automation and augmentation. While the role requires human judgment and educational expertise, the core tasks are increasingly supported by generative AI tools that can draft materials and analyze learning data, leading to significant shifts in how the profession operates.",
2351. Education methods specialists (Level 5),2,2351-education-methods-specialists-level-5,2351.,48168,wages_statfin,,Bachelor's degree,2-4 years,None,6792,2023,6,Moderate prospects,extras_csv,7,"Education methods specialists perform knowledge-intensive work involving curriculum design, pedagogical research, and digital content creation, all of which are highly susceptible to AI-driven automation and augmentation. While the role requires human judgment and educational expertise, the core tasks are increasingly supported by generative AI tools that can draft materials and analyze learning data, leading to significant shifts in how the profession operates.",
2352 Special needs teachers (Level 4),2,2352-special-needs-teachers-level-4,2352,53892,wages_statfin,,Bachelor's degree,2-4 years,None,9681,2023,5,Moderate prospects,extras_csv,6,"Special needs teaching involves significant interpersonal interaction, emotional intelligence, and physical presence, which are difficult for AI to replicate. However, the role involves substantial digital knowledge work, such as creating individualized education plans, documenting progress, and preparing learning materials, where AI tools can significantly enhance productivity.",
2352. Special needs teachers (Level 5),2,2352-special-needs-teachers-level-5,2352.,53892,wages_statfin,,Bachelor's degree,2-4 years,None,9681,2023,5,Moderate prospects,extras_csv,6,"Special needs teaching involves significant interpersonal interaction, emotional intelligence, and physical presence, which are difficult for AI to replicate. However, the role involves substantial digital knowledge work, such as creating individualized education plans, documenting progress, and preparing learning materials, where AI tools can significantly enhance productivity.",
2353 Other language teachers (Level 4),2,2353-other-language-teachers-level-4,2353,44400,wages_statfin,,Bachelor's degree,2-4 years,None,325,2023,5,Moderate prospects,extras_csv,7,"Language teaching involves significant knowledge work and digital communication, making it highly susceptible to AI-driven curriculum generation, automated grading, and real-time translation tools. While the pedagogical and interpersonal aspects of teaching provide a buffer, the core task of language instruction is increasingly being augmented or replaced by sophisticated AI language models.",
2353. Other language teachers (Level 5),2,2353-other-language-teachers-level-5,2353.,44400,wages_statfin,,Bachelor's degree,2-4 years,None,325,2023,5,Moderate prospects,extras_csv,7,"Language teaching involves significant knowledge work and digital communication, making it highly susceptible to AI-driven curriculum generation, automated grading, and real-time translation tools. While the pedagogical and interpersonal aspects of teaching provide a buffer, the core task of language instruction is increasingly being augmented or replaced by sophisticated AI language models.",
2354 Other music teachers (Level 4),2,2354-other-music-teachers-level-4,2354,42312,wages_statfin,,Bachelor's degree,2-4 years,None,2554,2023,6,Moderate prospects,extras_csv,4,"Music teaching requires significant real-time, physical human interaction and personalized pedagogical feedback that AI cannot replicate. While AI can assist with administrative tasks, lesson planning, or music theory exercises, the core of the profession relies on physical presence and human mentorship.",
2354. Other music teachers (Level 5),2,2354-other-music-teachers-level-5,2354.,42312,wages_statfin,,Bachelor's degree,2-4 years,None,2554,2023,6,Moderate prospects,extras_csv,4,"Music teaching requires significant real-time, physical human interaction and personalized pedagogical feedback that AI cannot replicate. While AI can assist with administrative tasks, lesson planning, or music theory exercises, the core of the profession relies on physical presence and human mentorship.",
2355 Other arts teachers (Level 4),2,2355-other-arts-teachers-level-4,2355,36000,wages_statfin,,Bachelor's degree,2-4 years,None,1530,2023,6,Moderate prospects,extras_csv,6,"Arts teaching involves significant interpersonal interaction, physical demonstration, and subjective feedback that AI cannot fully replicate. However, the occupation is highly exposed to AI tools for lesson planning, curriculum development, and the creation of digital instructional materials, which will fundamentally reshape how these teachers prepare and deliver content.",
2355. Other arts teachers (Level 5),2,2355-other-arts-teachers-level-5,2355.,36000,wages_statfin,,Bachelor's degree,2-4 years,None,1530,2023,6,Moderate prospects,extras_csv,6,"Arts teaching involves significant interpersonal interaction, physical demonstration, and subjective feedback that AI cannot fully replicate. However, the occupation is highly exposed to AI tools for lesson planning, curriculum development, and the creation of digital instructional materials, which will fundamentally reshape how these teachers prepare and deliver content.",
2356 Information technology trainers (Level 4),2,2356-information-technology-trainers-level-4,2356,48504,wages_statfin,,Bachelor's degree,2-4 years,None,158,2023,6,Moderate prospects,extras_csv,8,"As information technology trainers, the core tasks involve creating digital training materials, explaining technical concepts, and managing online learning environments, all of which are highly susceptible to AI automation and augmentation. While the delivery of training requires human communication, the content creation and technical support aspects are increasingly being handled by AI-driven platforms and intelligent tutoring systems.",
2356. Information technology trainers (Level 5),2,2356-information-technology-trainers-level-5,2356.,48504,wages_statfin,,Bachelor's degree,2-4 years,None,158,2023,6,Moderate prospects,extras_csv,8,"As information technology trainers, the core tasks involve creating digital training materials, explaining technical concepts, and managing online learning environments, all of which are highly susceptible to AI automation and augmentation. While the delivery of training requires human communication, the content creation and technical support aspects are increasingly being handled by AI-driven platforms and intelligent tutoring systems.",
2359 Teaching professionals not elsewhere classified (Level 4),2,2359-teaching-professionals-not-elsewhere-classified-level-4,2359,43260,wages_statfin,,Bachelor's degree,2-4 years,None,11762,2023,4,Below average,extras_csv,6,"This occupation involves specialized knowledge work, curriculum development, and instructional design, which are increasingly supported by AI-driven educational tools. While the role requires significant human interaction and pedagogical judgment that cannot be fully automated, the core tasks of content creation and information synthesis are highly susceptible to AI augmentation.",
23591 Career counsellors (Level 5),2,23591-career-counsellors-level-5,23591,39288,wages_statfin,,Bachelor's degree,2-4 years,None,4423,2023,6,Moderate prospects,extras_csv,6,"Career counseling involves significant knowledge work, documentation, and information synthesis, which are highly susceptible to AI-driven productivity tools. However, the core of the profession relies on human empathy, nuanced interpersonal judgment, and building trust, which act as a buffer against full automation.",
23592 Other teaching professionals (Level 5),2,23592-other-teaching-professionals-level-5,23592,45492,wages_statfin,,Bachelor's degree,2-4 years,None,7339,2023,6,Moderate prospects,extras_csv,6,"This occupation involves significant knowledge work, such as curriculum development, lesson planning, and assessment, which are highly susceptible to AI-driven productivity gains. However, the core requirement for real-time human interaction, pedagogical judgment, and physical presence in an educational setting acts as a significant buffer against full automation.",
23301 Teachers in mathematical subjects (Level 5),2,23301-teachers-in-mathematical-subjects-level-5,23301,60060,wages_statfin,,Bachelor's degree,2-4 years,None,487,2023,6,Moderate prospects,extras_csv,6,"Teaching involves significant interpersonal interaction, mentorship, and classroom management that are difficult to automate. However, the core tasks of lesson planning, grading, and creating educational materials are highly susceptible to AI-driven productivity gains and personalized learning tools.",
23302 Native language and literature teachers (Level 5),2,23302-native-language-and-literature-teachers-level-5,23302,57180,wages_statfin,,Bachelor's degree,2-4 years,None,323,2023,6,Moderate prospects,extras_csv,6,"Teaching is a knowledge-intensive profession that involves significant digital tasks like lesson planning, grading, and content creation, which are increasingly susceptible to AI automation. However, the core of the job requires human-centric interaction, emotional intelligence, and real-time pedagogical judgment that remains difficult for AI to fully replicate.",
23303 Crafts and art teachers (Level 5),2,23303-crafts-and-art-teachers-level-5,23303,55248,wages_statfin,,Bachelor's degree,2-4 years,None,551,2023,6,Moderate prospects,extras_csv,5,"While the role involves knowledge work and curriculum planning that can be assisted by AI, the core of the occupation requires physical presence, hands-on instruction, and real-time human interaction. The need for tactile guidance and interpersonal feedback in a craft or art studio setting provides a significant barrier to full automation.",
23304 Other secondary education teaching professionals (Level 5),2,23304-other-secondary-education-teaching-professionals-level-5,23304,56088,wages_statfin,,Bachelor's degree,2-4 years,None,22646,2023,6,Moderate prospects,extras_csv,6,"Teaching is a knowledge-intensive profession that involves significant digital tasks like lesson planning, grading, and content creation, which are highly susceptible to AI augmentation. However, the core of the role requires human-centric interaction, emotional intelligence, and classroom management, which act as a significant buffer against full automation.",
24 Business and administration professionals (Level 2),2,24-business-and-administration-professionals-level-2,24,58932,wages_statfin,,,,,118008,2023,,,,8,"Business and administration professionals perform predominantly digital, knowledge-based tasks such as data analysis, report writing, and strategic planning. These core functions are highly susceptible to automation and augmentation by generative AI, leading to significant restructuring of the occupation.",
241 Finance professionals (Level 3),2,241-finance-professionals-level-3,241,61200,wages_statfin,,,,,25502,2023,,,,8,"Finance professionals perform core tasks such as data analysis, financial reporting, and forecasting, which are highly digital and increasingly automatable by AI. While high-level strategic decision-making and client relationship management require human judgment, the majority of the technical workflow is susceptible to rapid restructuring by AI tools.",
2411 Accountants (Level 4),2,2411-accountants-level-4,2411,60240,wages_statfin,,Bachelor's degree,2-4 years,None,19044,2023,7,Good prospects,extras_csv,8,"Accounting is a predominantly digital profession involving data analysis, financial reporting, and regulatory compliance, all of which are core domains for AI automation. While human judgment is required for complex advisory tasks, the majority of routine bookkeeping, reconciliation, and auditing processes are highly susceptible to AI-driven restructuring.",
2411. Accountants (Level 5),2,2411-accountants-level-5,2411.,60240,wages_statfin,,Bachelor's degree,2-4 years,None,19044,2023,7,Good prospects,extras_csv,8,"Accounting is a predominantly digital profession involving data analysis, financial reporting, and regulatory compliance, all of which are core domains for AI automation. While human judgment is required for complex advisory tasks, the majority of routine bookkeeping, reconciliation, and auditing processes are highly susceptible to AI-driven restructuring.",
2412 Financial and investment advisers (Level 4),2,2412-financial-and-investment-advisers-level-4,2412,64932,wages_statfin,,Bachelor's degree,2-4 years,None,5185,2023,7,Good prospects,extras_csv,8,"Financial and investment advising is a highly digital, information-intensive profession where AI excels at data analysis, portfolio optimization, and market forecasting. While human judgment and client relationship management remain important, the core analytical and reporting tasks are increasingly being automated or augmented by AI, leading to significant restructuring of the role.",
2412. Financial and investment advisers (Level 5),2,2412-financial-and-investment-advisers-level-5,2412.,64932,wages_statfin,,Bachelor's degree,2-4 years,None,5185,2023,7,Good prospects,extras_csv,8,"Financial and investment advising is a highly digital, information-intensive profession where AI excels at data analysis, portfolio optimization, and market forecasting. While human judgment and client relationship management remain important, the core analytical and reporting tasks are increasingly being automated or augmented by AI, leading to significant restructuring of the role.",
2413 Financial analysts (Level 4),2,2413-financial-analysts-level-4,2413,66060,wages_statfin,,Bachelor's degree,2-4 years,None,1273,2023,6,Moderate prospects,extras_csv,9,"Financial analysis is a highly digital, data-intensive profession involving tasks like financial modeling, report writing, and trend forecasting, all of which are core strengths of current AI models. The occupation is almost entirely computer-based, making it highly susceptible to automation and significant restructuring as AI tools become more adept at processing complex financial datasets.",
2413. Financial analysts (Level 5),2,2413-financial-analysts-level-5,2413.,66060,wages_statfin,,Bachelor's degree,2-4 years,None,1273,2023,6,Moderate prospects,extras_csv,9,"Financial analysis is a highly digital, data-intensive profession involving tasks like financial modeling, report writing, and trend forecasting, all of which are core strengths of current AI models. The occupation is almost entirely computer-based, making it highly susceptible to automation and significant restructuring as AI tools become more adept at processing complex financial datasets.",
242 Administration professionals (Level 3),2,242-administration-professionals-level-3,242,57876,wages_statfin,,,,,53239,2023,,,,8,"Business and administration professionals perform predominantly digital, knowledge-based tasks such as data analysis, report writing, and strategic planning. These core functions are highly susceptible to automation and augmentation by generative AI, leading to significant restructuring of the occupation.",
2421 Management and organization analysts (Level 4),2,2421-management-and-organization-analysts-level-4,2421,67296,wages_statfin,,Bachelor's degree,2-4 years,None,19055,2023,7,Good prospects,extras_csv,8,"Management and organization analysts perform knowledge-intensive work that is almost entirely digital, involving data analysis, report writing, and strategic planning. These core tasks are highly susceptible to automation and augmentation by AI, which can process large datasets and generate insights faster than human analysts.",
2421. Management and organization analysts (Level 5),2,2421-management-and-organization-analysts-level-5,2421.,67296,wages_statfin,,Bachelor's degree,2-4 years,None,19055,2023,7,Good prospects,extras_csv,8,"Management and organization analysts perform knowledge-intensive work that is almost entirely digital, involving data analysis, report writing, and strategic planning. These core tasks are highly susceptible to automation and augmentation by AI, which can process large datasets and generate insights faster than human analysts.",
2422 Policy administration professionals (Level 4),2,2422-policy-administration-professionals-level-4,2422,55992,wages_statfin,,Bachelor's degree,2-4 years,None,21451,2023,6,Moderate prospects,extras_csv,8,"Policy administration is primarily knowledge-based, involving extensive document analysis, report writing, and regulatory research, all of which are highly susceptible to AI automation. While human judgment is required for policy nuance, the core tasks are digital and can be significantly augmented or streamlined by large language models.",
2422. Policy administration professionals (Level 5),2,2422-policy-administration-professionals-level-5,2422.,55992,wages_statfin,,Bachelor's degree,2-4 years,None,21451,2023,6,Moderate prospects,extras_csv,8,"Policy administration is primarily knowledge-based, involving extensive document analysis, report writing, and regulatory research, all of which are highly susceptible to AI automation. While human judgment is required for policy nuance, the core tasks are digital and can be significantly augmented or streamlined by large language models.",
2423 Personnel and careers professionals (Level 4),2,2423-personnel-and-careers-professionals-level-4,2423,54360,wages_statfin,,Bachelor's degree,2-4 years,None,9776,2023,6,Moderate prospects,extras_csv,7,"Personnel and careers professionals perform predominantly digital knowledge work involving recruitment, data analysis, and administrative communication, all of which are highly susceptible to AI-driven automation and augmentation. While the role requires human judgment for interpersonal conflict resolution and talent assessment, the core tasks of screening, scheduling, and documentation are increasingly handled by AI tools.",
2423. Personnel and careers professionals (Level 5),2,2423-personnel-and-careers-professionals-level-5,2423.,54360,wages_statfin,,Bachelor's degree,2-4 years,None,9776,2023,6,Moderate prospects,extras_csv,7,"Personnel and careers professionals perform predominantly digital knowledge work involving recruitment, data analysis, and administrative communication, all of which are highly susceptible to AI-driven automation and augmentation. While the role requires human judgment for interpersonal conflict resolution and talent assessment, the core tasks of screening, scheduling, and documentation are increasingly handled by AI tools.",
2424 Training and staff development professionals (Level 4),2,2424-training-and-staff-development-professionals-level-4,2424,52380,wages_statfin,,Bachelor's degree,2-4 years,None,2957,2023,6,Moderate prospects,extras_csv,7,"This role involves significant knowledge work, including content creation, curriculum design, and data analysis, all of which are highly susceptible to AI-driven automation and augmentation. While human facilitation and interpersonal coaching remain important, the core tasks of developing and structuring training materials are increasingly being handled by generative AI tools.",
2424. Training and staff development professionals (Level 5),2,2424-training-and-staff-development-professionals-level-5,2424.,52380,wages_statfin,,Bachelor's degree,2-4 years,None,2957,2023,6,Moderate prospects,extras_csv,7,"This role involves significant knowledge work, including content creation, curriculum design, and data analysis, all of which are highly susceptible to AI-driven automation and augmentation. While human facilitation and interpersonal coaching remain important, the core tasks of developing and structuring training materials are increasingly being handled by generative AI tools.",
"243 Sales, marketing and public relations professionals (Level 3)",2,243-sales-marketing-and-public-relations-professionals-level-3,243,58980,wages_statfin,,Bachelor's degree,2-4 years,None,39267,2023,6,Moderate prospects,extras_csv,8,"This occupation is heavily centered on digital content creation, data analysis, and communication, all of which are primary domains for generative AI. While human strategy and relationship management remain important, the core tasks of drafting copy, analyzing market trends, and managing digital campaigns are increasingly being automated or augmented by AI tools.",
"243.  (Not more specifically classified) Sales, marketing and public relations professionals (Level 4)",2,243-not-more-specifically-classified-sales-marketing-and-public-relations-professionals-level-4,243.,,,,Bachelor's degree,2-4 years,None,0,2023,6,Moderate prospects,extras_csv,8,"This occupation is heavily centered on digital content creation, data analysis, and strategic communication, all of which are primary domains for generative AI. While human judgment and relationship management remain important, the core tasks of drafting copy, analyzing market trends, and managing campaigns are increasingly being automated or augmented by AI tools.",
"243.. (Not more specifically classified) Sales, marketing and public relations professionals (Level 5)",2,243-not-more-specifically-classified-sales-marketing-and-public-relations-professionals-level-5,243..,58980,wages_statfin,,Bachelor's degree,2-4 years,None,0,2023,6,Moderate prospects,extras_csv,8,"This occupation is heavily centered on digital content creation, data analysis, and strategic communication, all of which are primary domains for generative AI. While human judgment and relationship management remain important, the core tasks of drafting copy, analyzing market trends, and managing campaigns are increasingly being automated or augmented by AI tools.",
2431 Advertising and marketing professionals (Level 4),2,2431-advertising-and-marketing-professionals-level-4,2431,55440,wages_statfin,,Bachelor's degree,2-4 years,None,18105,2023,6,Moderate prospects,extras_csv,8,"Advertising and marketing professionals perform predominantly digital knowledge work, including content creation, data analysis, and campaign strategy, all of which are core domains for generative AI. While human judgment and creative strategy remain important, AI tools are rapidly automating the production of copy, imagery, and performance analytics, leading to significant restructuring of the role.",
2431. Advertising and marketing professionals (Level 5),2,2431-advertising-and-marketing-professionals-level-5,2431.,55440,wages_statfin,,Bachelor's degree,2-4 years,None,18105,2023,6,Moderate prospects,extras_csv,8,"Advertising and marketing professionals perform predominantly digital knowledge work, including content creation, data analysis, and campaign strategy, all of which are core domains for generative AI. While human judgment and creative strategy remain important, AI tools are rapidly automating the production of copy, imagery, and performance analytics, leading to significant restructuring of the role.",
2432 Public relations professionals (Level 4),2,2432-public-relations-professionals-level-4,2432,52056,wages_statfin,,Bachelor's degree,2-4 years,None,6703,2023,5,Moderate prospects,extras_csv,8,"This occupation is heavily centered on digital content creation, data analysis, and communication, all of which are primary domains for generative AI. While human strategy and relationship management remain important, the core tasks of drafting copy, analyzing market trends, and managing digital campaigns are increasingly being automated or augmented by AI tools.",
2432. Public relations professionals (Level 5),2,2432-public-relations-professionals-level-5,2432.,52056,wages_statfin,,Bachelor's degree,2-4 years,None,6703,2023,5,Moderate prospects,extras_csv,8,"This occupation is heavily centered on digital content creation, data analysis, and communication, all of which are primary domains for generative AI. While human strategy and relationship management remain important, the core tasks of drafting copy, analyzing market trends, and managing digital campaigns are increasingly being automated or augmented by AI tools.",
2433 Technical and medical sales professionals (excluding ICT) (Level 4),2,2433-technical-and-medical-sales-professionals-excluding-ict-level-4,2433,67680,wages_statfin,,Bachelor's degree,2-4 years,None,9342,2023,5,Moderate prospects,extras_csv,6,"This role involves significant knowledge work, including data analysis, CRM management, and communication, which are increasingly supported by AI tools for lead generation and personalized outreach. However, the core of the job relies on high-stakes interpersonal relationships, complex negotiation, and physical presence, which provide a buffer against full automation.",
2433. Technical and medical sales professionals (excluding ICT) (Level 5),2,2433-technical-and-medical-sales-professionals-excluding-ict-level-5,2433.,67680,wages_statfin,,Bachelor's degree,2-4 years,None,9342,2023,5,Moderate prospects,extras_csv,6,"This role involves significant knowledge work, including data analysis, CRM management, and communication, which are increasingly supported by AI tools for lead generation and personalized outreach. However, the core of the job relies on high-stakes interpersonal relationships, complex negotiation, and physical presence, which provide a buffer against full automation.",
2434 Information and communications technology sales professionals (Level 4),2,2434-information-and-communications-technology-sales-professionals-level-4,2434,67236,wages_statfin,,Bachelor's degree,2-4 years,None,5117,2023,6,Moderate prospects,extras_csv,7,"This role is heavily reliant on digital communication, CRM management, and data analysis, all of which are primary targets for AI-driven automation and augmentation. While the job requires human relationship building and negotiation, AI tools are rapidly transforming lead generation, sales outreach, and market analysis, significantly reshaping the core workflow.",
2434. Information and communications technology sales professionals (Level 5),2,2434-information-and-communications-technology-sales-professionals-level-5,2434.,67236,wages_statfin,,Bachelor's degree,2-4 years,None,5117,2023,6,Moderate prospects,extras_csv,7,"This role is heavily reliant on digital communication, CRM management, and data analysis, all of which are primary targets for AI-driven automation and augmentation. While the job requires human relationship building and negotiation, AI tools are rapidly transforming lead generation, sales outreach, and market analysis, significantly reshaping the core workflow.",
25 Information and communications technology professionals (Level 2),2,25-information-and-communications-technology-professionals-level-2,25,62040,wages_statfin,,Bachelor's degree,2-4 years,None,83866,2023,6,Moderate prospects,extras_csv,7,"This role is heavily reliant on digital communication, CRM management, and data analysis, all of which are primary targets for AI-driven automation and augmentation. While the job requires human relationship building and negotiation, AI tools are rapidly transforming lead generation, sales outreach, and market analysis, significantly reshaping the core workflow.",
25. (Not more specifically classified) Information and communications technology professionals (Level 3),2,25-not-more-specifically-classified-information-and-communications-technology-professionals-level-3,25.,,,,Bachelor's degree,2-4 years,None,0,2023,6,Moderate prospects,extras_csv,9,"This occupation is almost entirely digital, involving coding, system architecture, and data analysis, all of which are primary domains for AI advancement. AI tools are already capable of generating code, debugging, and automating documentation, leading to a fundamental restructuring of how these professionals perform their core tasks.",
25..  (Not more specifically classified) Information and communications technology professionals (Level 4),2,25-not-more-specifically-classified-information-and-communications-technology-professionals-level-4,25..,,,,Bachelor's degree,2-4 years,None,0,2023,6,Moderate prospects,extras_csv,9,"This occupation is almost entirely digital, involving coding, system architecture, and data analysis, all of which are primary domains for AI advancement. AI tools are already capable of generating code, debugging, and automating documentation, leading to a fundamental restructuring of how these professionals perform their core tasks.",
25... (Not more specifically classified) Information and communications technology professionals (Level 5),2,25-not-more-specifically-classified-information-and-communications-technology-professionals-level-5,25...,62040,wages_statfin,,Bachelor's degree,2-4 years,None,0,2023,6,Moderate prospects,extras_csv,9,"This occupation is almost entirely digital, involving coding, system architecture, and data analysis, all of which are primary domains for AI advancement. AI tools are already capable of generating code, debugging, and automating documentation, leading to a fundamental restructuring of how these professionals perform their core tasks.",
251 Software and applications developers and analysts (Level 3),2,251-software-and-applications-developers-and-analysts-level-3,251,62712,wages_statfin,,Bachelor's degree,2-4 years,None,71211,2023,6,Moderate prospects,extras_csv,9,"Software development is a fundamentally digital occupation where core tasks like coding, debugging, and system architecture are increasingly automated by AI-powered assistants. The rapid advancement of generative AI in code generation and documentation means this profession is undergoing significant structural transformation.",
251.  (Not more specifically classified) Software and applications developers and analysts (Level 4),2,251-not-more-specifically-classified-software-and-applications-developers-and-analysts-level-4,251.,,,,Bachelor's degree,2-4 years,None,0,2023,6,Moderate prospects,extras_csv,9,"Software development is a fundamentally digital profession where AI tools like LLMs are already capable of generating, debugging, and refactoring code. The occupation is undergoing rapid restructuring as AI shifts the developer's role from manual coding to system architecture, oversight, and complex problem-solving.",
251.. (Not more specifically classified) Software and applications developers and analysts (Level 5),2,251-not-more-specifically-classified-software-and-applications-developers-and-analysts-level-5,251..,62712,wages_statfin,,Bachelor's degree,2-4 years,None,0,2023,6,Moderate prospects,extras_csv,9,"Software development is a fundamentally digital profession where AI tools like LLMs are already capable of generating, debugging, and refactoring code. The occupation is undergoing rapid restructuring as AI shifts the developer's role from manual coding to system architecture, oversight, and complex problem-solving.",
252 Database and network professionals (Level 3),2,252-database-and-network-professionals-level-3,252,57744,wages_statfin,,Bachelor's degree,2-4 years,None,12655,2023,6,Moderate prospects,extras_csv,9,"This occupation is almost entirely digital, involving the design, maintenance, and troubleshooting of complex systems that are increasingly managed by AI-driven automation and infrastructure-as-code tools. As AI models become more proficient at generating code, identifying network vulnerabilities, and optimizing database performance, the core tasks of this role face significant restructuring.",
252.  (Not more specifically classified) Database and network professionals (Level 4),2,252-not-more-specifically-classified-database-and-network-professionals-level-4,252.,,,,Bachelor's degree,2-4 years,None,0,2023,6,Moderate prospects,extras_csv,9,"Database and network professionals perform work that is almost entirely digital, involving system architecture, coding, and data management. AI tools are already highly capable of automating routine maintenance, security monitoring, and script generation, leading to significant restructuring of these roles.",
252.. (Not more specifically classified) Database and network professionals (Level 5),2,252-not-more-specifically-classified-database-and-network-professionals-level-5,252..,57744,wages_statfin,,Bachelor's degree,2-4 years,None,0,2023,6,Moderate prospects,extras_csv,9,"Database and network professionals perform work that is almost entirely digital, involving system architecture, coding, and data management. AI tools are already highly capable of automating routine maintenance, security monitoring, and script generation, leading to significant restructuring of these roles.",
2511 Systems analysts (Level 4),2,2511-systems-analysts-level-4,2511,67152,wages_statfin,,Bachelor's degree,2-4 years,None,23643,2023,8,Good prospects,extras_csv,9,"Systems analysis is a highly digital, knowledge-intensive role involving requirements gathering, documentation, and architectural design, all of which are core domains for generative AI. AI tools are already capable of automating significant portions of code generation, system modeling, and technical documentation, leading to a major restructuring of the occupation.",
2511. Systems analysts (Level 5),2,2511-systems-analysts-level-5,2511.,67152,wages_statfin,,Bachelor's degree,2-4 years,None,23643,2023,8,Good prospects,extras_csv,9,"Systems analysis is a highly digital, knowledge-intensive role involving requirements gathering, documentation, and architectural design, all of which are core domains for generative AI. AI tools are already capable of automating significant portions of code generation, system modeling, and technical documentation, leading to a major restructuring of the occupation.",
2512 Software developers (Level 4),2,2512-software-developers-level-4,2512,60240,wages_statfin,,Bachelor's degree,2-4 years,None,35435,2023,7,Good prospects,extras_csv,9,"Software development is a fully digital profession where core tasks like coding, debugging, and system architecture are increasingly automated by LLMs and AI-assisted coding tools. The occupation is undergoing rapid restructuring as AI significantly enhances productivity and shifts the developer's role toward high-level system design and AI orchestration.",
2512. Software developers (Level 5),2,2512-software-developers-level-5,2512.,60240,wages_statfin,,Bachelor's degree,2-4 years,None,35435,2023,7,Good prospects,extras_csv,9,"Software development is a fully digital profession where core tasks like coding, debugging, and system architecture are increasingly automated by LLMs and AI-assisted coding tools. The occupation is undergoing rapid restructuring as AI significantly enhances productivity and shifts the developer's role toward high-level system design and AI orchestration.",
2513 Web and multimedia developers (Level 4),2,2513-web-and-multimedia-developers-level-4,2513,60000,wages_statfin,,Bachelor's degree,2-4 years,None,2022,2023,7,Good prospects,extras_csv,9,"Web and multimedia development is a fully digital profession where core tasks like coding, debugging, and content generation are increasingly automated by LLMs and AI-assisted development tools. The occupation is undergoing rapid restructuring as AI shifts the role from manual coding to system architecture and prompt-based development.",
2513. Web and multimedia developers (Level 5),2,2513-web-and-multimedia-developers-level-5,2513.,60000,wages_statfin,,Bachelor's degree,2-4 years,None,2022,2023,7,Good prospects,extras_csv,9,"Web and multimedia development is a fully digital profession where core tasks like coding, debugging, and content generation are increasingly automated by LLMs and AI-assisted development tools. The occupation is undergoing rapid restructuring as AI shifts the role from manual coding to system architecture and prompt-based development.",
2514 Applications programmers (Level 4),2,2514-applications-programmers-level-4,2514,54852,wages_statfin,,Bachelor's degree,2-4 years,None,2815,2023,6,Moderate prospects,extras_csv,9,"As a role centered entirely on digital output, software development is highly susceptible to AI-driven code generation, debugging, and architectural assistance. The core tasks of this occupation are rapidly being automated or augmented by LLMs, leading to a fundamental restructuring of how programming work is performed.",
2514. Applications programmers (Level 5),2,2514-applications-programmers-level-5,2514.,54852,wages_statfin,,Bachelor's degree,2-4 years,None,2815,2023,6,Moderate prospects,extras_csv,9,"As a role centered entirely on digital output, software development is highly susceptible to AI-driven code generation, debugging, and architectural assistance. The core tasks of this occupation are rapidly being automated or augmented by LLMs, leading to a fundamental restructuring of how programming work is performed.",
2519 Software and applications developers and analysts not elsewhere classified (Level 4),2,2519-software-and-applications-developers-and-analysts-not-elsewhere-classified-level-4,2519,62400,wages_statfin,,Bachelor's degree,2-4 years,None,7296,2023,6,Moderate prospects,extras_csv,9,"This occupation is almost entirely digital, involving coding, system architecture, and technical analysis, which are core domains where AI models currently excel. AI tools are rapidly automating code generation, debugging, and documentation, leading to a fundamental restructuring of how software development tasks are performed.",
2519. Software and applications developers and analysts not elsewhere classified (Level 5),2,2519-software-and-applications-developers-and-analysts-not-elsewhere-classified-level-5,2519.,62400,wages_statfin,,Bachelor's degree,2-4 years,None,7296,2023,6,Moderate prospects,extras_csv,9,"This occupation is almost entirely digital, involving coding, system architecture, and technical analysis, which are core domains where AI models currently excel. AI tools are rapidly automating code generation, debugging, and documentation, leading to a fundamental restructuring of how software development tasks are performed.",
2521 Database designers and administrators (Level 4),2,2521-database-designers-and-administrators-level-4,2521,47064,wages_statfin,,Bachelor's degree,2-4 years,None,3779,2023,7,Good prospects,extras_csv,9,"Database administration and design are almost entirely digital tasks involving coding, query optimization, and system architecture, all of which are primary targets for AI automation. AI tools are already highly capable of generating SQL, automating database maintenance, and identifying performance bottlenecks, leading to significant restructuring of the role.",
2521. Database designers and administrators (Level 5),2,2521-database-designers-and-administrators-level-5,2521.,47064,wages_statfin,,Bachelor's degree,2-4 years,None,3779,2023,7,Good prospects,extras_csv,9,"Database administration and design are almost entirely digital tasks involving coding, query optimization, and system architecture, all of which are primary targets for AI automation. AI tools are already highly capable of generating SQL, automating database maintenance, and identifying performance bottlenecks, leading to significant restructuring of the role.",
2522 Systems administrators (Level 4),2,2522-systems-administrators-level-4,2522,59316,wages_statfin,,Bachelor's degree,2-4 years,None,4048,2023,5,Moderate prospects,extras_csv,8,"Systems administration is a highly digital role centered on managing infrastructure, monitoring logs, and automating deployments, all of which are primary targets for AI-driven automation and AIOps. While human judgment is required for complex architectural decisions and incident response, the core tasks are increasingly handled by intelligent agents and predictive analytics.",
2522. Systems administrators (Level 5),2,2522-systems-administrators-level-5,2522.,59316,wages_statfin,,Bachelor's degree,2-4 years,None,4048,2023,5,Moderate prospects,extras_csv,8,"Systems administration is a highly digital role centered on managing infrastructure, monitoring logs, and automating deployments, all of which are primary targets for AI-driven automation and AIOps. While human judgment is required for complex architectural decisions and incident response, the core tasks are increasingly handled by intelligent agents and predictive analytics.",
2523 Computer network professionals (Level 4),2,2523-computer-network-professionals-level-4,2523,66000,wages_statfin,,Bachelor's degree,2-4 years,None,1695,2023,5,Moderate prospects,extras_csv,9,"This role is almost entirely digital and involves tasks like network configuration, monitoring, and troubleshooting that are increasingly automated by AI-driven infrastructure-as-code and predictive maintenance tools. As network management shifts toward autonomous systems, the core responsibilities of this occupation face significant restructuring.",
2523. Computer network professionals (Level 5),2,2523-computer-network-professionals-level-5,2523.,66000,wages_statfin,,Bachelor's degree,2-4 years,None,1695,2023,5,Moderate prospects,extras_csv,9,"This role is almost entirely digital and involves tasks like network configuration, monitoring, and troubleshooting that are increasingly automated by AI-driven infrastructure-as-code and predictive maintenance tools. As network management shifts toward autonomous systems, the core responsibilities of this occupation face significant restructuring.",
2529 Database and network professionals not elsewhere classified (Level 4),2,2529-database-and-network-professionals-not-elsewhere-classified-level-4,2529,66300,wages_statfin,,Bachelor's degree,2-4 years,None,3133,2023,6,Moderate prospects,extras_csv,9,"This role is almost entirely digital, involving the management, configuration, and troubleshooting of network and database systems. AI tools are already highly capable of automating code generation, system monitoring, and diagnostic tasks, leading to significant restructuring of these technical workflows.",
2529. Database and network professionals not elsewhere classified (Level 5),2,2529-database-and-network-professionals-not-elsewhere-classified-level-5,2529.,66300,wages_statfin,,Bachelor's degree,2-4 years,None,3133,2023,6,Moderate prospects,extras_csv,9,"This role is almost entirely digital, involving the management, configuration, and troubleshooting of network and database systems. AI tools are already highly capable of automating code generation, system monitoring, and diagnostic tasks, leading to significant restructuring of these technical workflows.",
"26 Legal, social and cultural professionals (Level 2)",2,26-legal-social-and-cultural-professionals-level-2,26,51780,wages_statfin,,,,,64945,2023,,,,7,"This category encompasses a broad range of knowledge-intensive roles such as lawyers, social workers, and cultural professionals, which are primarily digital or information-based. While roles involving complex human empathy and legal judgment require human oversight, AI is rapidly automating document drafting, research, and analytical tasks, leading to significant restructuring of these professions.",
261 Legal professionals (Level 3),2,261-legal-professionals-level-3,261,71484,wages_statfin,,,,,11415,2023,,,,8,"Legal professionals perform knowledge-intensive work that is primarily digital, involving extensive document review, research, and drafting. AI tools are rapidly automating these core tasks, significantly increasing productivity and restructuring the traditional workflow of legal analysis.",
2611 Lawyers (Level 4),2,2611-lawyers-level-4,2611,72000,wages_statfin,,Bachelor's degree,2-4 years,None,6862,2023,6,Moderate prospects,extras_csv,8,"Legal work is heavily centered on information processing, document drafting, and complex analysis, all of which are primary domains for current AI advancement. While human judgment and courtroom presence remain essential, AI tools are rapidly automating legal research, contract review, and case preparation, leading to significant restructuring of the profession.",
2611. Lawyers (Level 5),2,2611-lawyers-level-5,2611.,72000,wages_statfin,,Bachelor's degree,2-4 years,None,6862,2023,6,Moderate prospects,extras_csv,8,"Legal work is heavily centered on information processing, document drafting, and complex analysis, all of which are primary domains for current AI advancement. While human judgment and courtroom presence remain essential, AI tools are rapidly automating legal research, contract review, and case preparation, leading to significant restructuring of the profession.",
2612 Judges (Level 4),2,2612-judges-level-4,2612,,,,Bachelor's degree,2-4 years,None,1611,2023,6,Moderate prospects,extras_csv,7,"Judicial work involves extensive analysis of legal documents, case law, and evidence, which are domains where AI is increasingly capable of assisting with research and summarization. However, the role requires high-level human judgment, ethical reasoning, and courtroom presence, which act as significant barriers to full automation.",
2612. Judges (Level 5),2,2612-judges-level-5,2612.,,,,Bachelor's degree,2-4 years,None,1611,2023,6,Moderate prospects,extras_csv,7,"Judicial work involves extensive analysis of legal documents, case law, and evidence, which are domains where AI is increasingly capable of assisting with research and summarization. However, the role requires high-level human judgment, ethical reasoning, and courtroom presence, which act as significant barriers to full automation.",
2619 Legal professionals not elsewhere classified (Level 4),2,2619-legal-professionals-not-elsewhere-classified-level-4,2619,,,,Bachelor's degree,2-4 years,None,2942,2023,6,Moderate prospects,extras_csv,8,"This role involves high-level knowledge work, including legal research, document drafting, and complex analysis, all of which are primary domains for AI advancement. Because the work is almost entirely digital and relies on processing large volumes of information, AI tools are poised to significantly restructure core tasks and increase productivity.",
2619. Legal professionals not elsewhere classified (Level 5),2,2619-legal-professionals-not-elsewhere-classified-level-5,2619.,,,,Bachelor's degree,2-4 years,None,2942,2023,6,Moderate prospects,extras_csv,8,"This role involves high-level knowledge work, including legal research, document drafting, and complex analysis, all of which are primary domains for AI advancement. Because the work is almost entirely digital and relies on processing large volumes of information, AI tools are poised to significantly restructure core tasks and increase productivity.",
"262 Librarians, archivists and curators (Level 3)",2,262-librarians-archivists-and-curators-level-3,262,41952,wages_statfin,,,,,4192,2023,,,,6,"Librarians and archivists perform significant knowledge work involving information management, cataloging, and research, which are increasingly automated by AI-driven search and classification tools. However, the role retains a strong interpersonal and physical component related to community engagement, physical collection management, and specialized human-led curation that limits full automation.",
2621 Archivists and curators (Level 4),2,2621-archivists-and-curators-level-4,2621,41760,wages_statfin,,Bachelor's degree,2-4 years,None,1707,2023,6,Moderate prospects,extras_csv,6,"Librarians and archivists perform significant knowledge work involving information management, cataloging, and research, which are increasingly automated by AI-driven search and classification tools. However, the role retains a strong interpersonal and physical component related to community engagement, physical collection management, and specialized human-led curation that limits full automation.",
26211 Archivists (Level 5),2,26211-archivists-level-5,26211,42708,wages_statfin,,Bachelor's degree,2-4 years,None,727,2023,6,Moderate prospects,extras_csv,6,"Librarians and archivists perform significant knowledge work involving information management, cataloging, and research, which are increasingly automated by AI-driven search and classification tools. However, the role retains a strong interpersonal and physical component related to community engagement, physical collection management, and specialized human-led curation that limits full automation.",
26212 Curators (Level 5),2,26212-curators-level-5,26212,41112,wages_statfin,,Bachelor's degree,2-4 years,None,980,2023,6,Moderate prospects,extras_csv,6,"Librarians and archivists perform significant knowledge work involving information management, cataloging, and research, which are increasingly automated by AI-driven search and classification tools. However, the role retains a strong interpersonal and physical component related to community engagement, physical collection management, and specialized human-led curation that limits full automation.",
2622 Librarians and related information professionals (Level 4),2,2622-librarians-and-related-information-professionals-level-4,2622,42096,wages_statfin,,Bachelor's degree,2-4 years,None,2485,2023,6,Moderate prospects,extras_csv,7,"Librarians perform significant knowledge work involving information organization, research, and digital database management, all of which are highly susceptible to AI-driven automation. While the role retains a human-centric component regarding community engagement and physical collection management, the core information-processing tasks are increasingly being reshaped by AI search and retrieval technologies.",
2622. Librarians and related information professionals (Level 5),2,2622-librarians-and-related-information-professionals-level-5,2622.,42096,wages_statfin,,Bachelor's degree,2-4 years,None,2485,2023,6,Moderate prospects,extras_csv,7,"Librarians perform significant knowledge work involving information organization, research, and digital database management, all of which are highly susceptible to AI-driven automation. While the role retains a human-centric component regarding community engagement and physical collection management, the core information-processing tasks are increasingly being reshaped by AI search and retrieval technologies.",
263 Social and religious professionals (Level 3),2,263-social-and-religious-professionals-level-3,263,50652,wages_statfin,,,,,28464,2023,,,,5,"This occupation involves a significant amount of knowledge work, such as research, counseling, and administrative tasks, which are increasingly susceptible to AI assistance. However, the core of the role relies heavily on human empathy, complex interpersonal relationships, and community presence, which remain difficult for AI to replicate.",
2631 Economists (Level 4),2,2631-economists-level-4,2631,58980,wages_statfin,,Bachelor's degree,2-4 years,None,1611,2023,6,Moderate prospects,extras_csv,8,"Economists perform knowledge-intensive work that is almost entirely digital, involving data analysis, forecasting, and report writing. These core tasks are highly susceptible to automation through advanced machine learning models and generative AI, which can rapidly process large datasets and draft complex economic insights.",
2631. Economists (Level 5),2,2631-economists-level-5,2631.,58980,wages_statfin,,Bachelor's degree,2-4 years,None,1611,2023,6,Moderate prospects,extras_csv,8,"Economists perform knowledge-intensive work that is almost entirely digital, involving data analysis, forecasting, and report writing. These core tasks are highly susceptible to automation through advanced machine learning models and generative AI, which can rapidly process large datasets and draft complex economic insights.",
"2632 Sociologists, anthropologists and related professionals (Level 4)",2,2632-sociologists-anthropologists-and-related-professionals-level-4,2632,48072,wages_statfin,,Bachelor's degree,2-4 years,None,1724,2023,6,Moderate prospects,extras_csv,7,"This role is predominantly knowledge-based, involving significant amounts of data analysis, report writing, and literature synthesis, all of which are highly susceptible to AI-driven automation. While the occupation requires human judgment for qualitative research and ethical considerations, AI tools are rapidly transforming the core tasks of data processing and drafting.",
"2632. Sociologists, anthropologists and related professionals (Level 5)",2,2632-sociologists-anthropologists-and-related-professionals-level-5,2632.,48072,wages_statfin,,Bachelor's degree,2-4 years,None,1724,2023,6,Moderate prospects,extras_csv,7,"This role is predominantly knowledge-based, involving significant amounts of data analysis, report writing, and literature synthesis, all of which are highly susceptible to AI-driven automation. While the occupation requires human judgment for qualitative research and ethical considerations, AI tools are rapidly transforming the core tasks of data processing and drafting.",
"2633 Philosophers, historians and political scientists (Level 4)",2,2633-philosophers-historians-and-political-scientists-level-4,2633,45720,wages_statfin,,Bachelor's degree,2-4 years,None,1049,2023,6,Moderate prospects,extras_csv,7,"This occupation is primarily knowledge-based, involving extensive research, writing, and analytical synthesis, all of which are domains where AI is increasingly capable. While the role requires high-level human judgment, critical thinking, and original interpretation that AI cannot fully replicate, the core tasks of information processing and drafting are highly susceptible to AI-driven productivity gains.",
"2633. Philosophers, historians and political scientists (Level 5)",2,2633-philosophers-historians-and-political-scientists-level-5,2633.,45720,wages_statfin,,Bachelor's degree,2-4 years,None,1049,2023,6,Moderate prospects,extras_csv,7,"This occupation is primarily knowledge-based, involving extensive research, writing, and analytical synthesis, all of which are domains where AI is increasingly capable. While the role requires high-level human judgment, critical thinking, and original interpretation that AI cannot fully replicate, the core tasks of information processing and drafting are highly susceptible to AI-driven productivity gains.",
2634 Psychologists (Level 4),2,2634-psychologists-level-4,2634,53436,wages_statfin,,Bachelor's degree,2-4 years,None,5743,2023,6,Moderate prospects,extras_csv,5,"While psychologists perform knowledge-based work that involves data analysis and report writing, the core of the profession relies on human empathy, complex interpersonal dynamics, and real-time therapeutic interaction. AI can assist with administrative tasks and diagnostic support, but the fundamental requirement for human presence and emotional intelligence creates a significant barrier to full automation.",
2634. Psychologists (Level 5),2,2634-psychologists-level-5,2634.,53436,wages_statfin,,Bachelor's degree,2-4 years,None,5743,2023,6,Moderate prospects,extras_csv,5,"While psychologists perform knowledge-based work that involves data analysis and report writing, the core of the profession relies on human empathy, complex interpersonal dynamics, and real-time therapeutic interaction. AI can assist with administrative tasks and diagnostic support, but the fundamental requirement for human presence and emotional intelligence creates a significant barrier to full automation.",
2635 Social work and counselling professionals (Level 4),2,2635-social-work-and-counselling-professionals-level-4,2635,49896,wages_statfin,,Bachelor's degree,2-4 years,None,15635,2023,6,Moderate prospects,extras_csv,5,"Social work involves significant interpersonal, emotional, and physical interaction that AI cannot replicate, providing a strong barrier to automation. However, the role involves substantial documentation, case management, and information processing tasks that are highly susceptible to AI-driven efficiency gains.",
2635. (Not more specifically classified) Social work and counselling professionals (Level 5),2,2635-not-more-specifically-classified-social-work-and-counselling-professionals-level-5,2635.,49896,wages_statfin,,Bachelor's degree,2-4 years,None,0,2023,6,Moderate prospects,extras_csv,5,"Social work and counseling rely heavily on human empathy, complex interpersonal relationships, and ethical judgment in unpredictable, real-world environments, which limits AI's ability to replace the core role. However, AI can significantly assist with the substantial administrative burden, documentation, and information synthesis required in the profession, leading to moderate exposure.",
"26351 Social workers, etc. (Level 5)",2,26351-social-workers-etc-level-5,26351,50904,wages_statfin,,Bachelor's degree,2-4 years,None,12077,2023,6,Moderate prospects,extras_csv,4,"Social work involves significant interpersonal interaction, emotional intelligence, and complex case management that requires human presence and ethical judgment. While AI can assist with administrative tasks, documentation, and data analysis, the core of the profession relies on human-to-human connection and physical intervention in unpredictable environments.",
"26352 Social planners, etc. (Level 5)",2,26352-social-planners-etc-level-5,26352,45912,wages_statfin,,Bachelor's degree,2-4 years,None,3558,2023,6,Moderate prospects,extras_csv,7,"Social planners perform knowledge-intensive work involving data analysis, report writing, and policy development, all of which are highly susceptible to AI-driven automation and augmentation. While the role requires human judgment and stakeholder engagement, the core tasks of synthesizing information and drafting planning documents are increasingly being transformed by generative AI tools.",
2636 Religious professionals (Level 4),2,2636-religious-professionals-level-4,2636,50712,wages_statfin,,Bachelor's degree,2-4 years,None,2702,2023,6,Moderate prospects,extras_csv,5,"This occupation involves a significant amount of knowledge work, such as research, counseling, and administrative tasks, which are increasingly susceptible to AI assistance. However, the core of the role relies heavily on human empathy, complex interpersonal relationships, and community presence, which remain difficult for AI to replicate.",
2636. Religious professionals (Level 5),2,2636-religious-professionals-level-5,2636.,50712,wages_statfin,,Bachelor's degree,2-4 years,None,2702,2023,6,Moderate prospects,extras_csv,5,"This occupation involves a significant amount of knowledge work, such as research, counseling, and administrative tasks, which are increasingly susceptible to AI assistance. However, the core of the role relies heavily on human empathy, complex interpersonal relationships, and community presence, which remain difficult for AI to replicate.",
"264 Authors, journalists and linguists (Level 3)",2,264-authors-journalists-and-linguists-level-3,264,50436,wages_statfin,,,,,10977,2023,,,,9,"The core tasks of this occupation—writing, editing, translating, and content creation—are entirely digital and represent the primary domains where generative AI excels. These roles face significant restructuring as AI tools can now draft, summarize, and translate text with high proficiency, fundamentally altering the nature of the work.",
2641 Authors and related writers (Level 4),2,2641-authors-and-related-writers-level-4,2641,45336,wages_statfin,,Bachelor's degree,2-4 years,None,787,2023,6,Moderate prospects,extras_csv,9,"The core tasks of this occupation—writing, drafting, and content creation—are entirely digital and represent the primary domain where Large Language Models excel. AI tools can already generate, edit, and structure text, leading to a fundamental restructuring of the creative writing and professional authorship process.",
2641. Authors and related writers (Level 5),2,2641-authors-and-related-writers-level-5,2641.,45336,wages_statfin,,Bachelor's degree,2-4 years,None,787,2023,6,Moderate prospects,extras_csv,9,"The core tasks of this occupation—writing, drafting, and content creation—are entirely digital and represent the primary domain where Large Language Models excel. AI tools can already generate, edit, and structure text, leading to a fundamental restructuring of the creative writing and professional authorship process.",
2642 Journalists (Level 4),2,2642-journalists-level-4,2642,52188,wages_statfin,,Bachelor's degree,2-4 years,None,6427,2023,6,Moderate prospects,extras_csv,9,"The core tasks of this occupation—writing, editing, translating, and content creation—are entirely digital and represent the primary domains where generative AI excels. These roles face significant restructuring as AI tools can now draft, summarize, and translate text with high proficiency, fundamentally altering the nature of the work.",
2642. (Not more specifically classified) Journalists (Level 5),2,2642-not-more-specifically-classified-journalists-level-5,2642.,52188,wages_statfin,,Bachelor's degree,2-4 years,None,7,2023,6,Moderate prospects,extras_csv,8,"Journalism is a predominantly digital profession involving research, writing, and content synthesis, all of which are core domains for generative AI. While human judgment, investigative ethics, and on-the-ground reporting remain essential, the automation of drafting, summarizing, and data analysis significantly restructures the traditional workflow.",
26421 Managing editors and subeditors (Level 5),2,26421-managing-editors-and-subeditors-level-5,26421,59172,wages_statfin,,Bachelor's degree,2-4 years,None,1346,2023,6,Moderate prospects,extras_csv,9,"The work of managing editors and subeditors is almost entirely digital, involving text analysis, editing, and content management, all of which are core domains for generative AI. AI tools can already automate significant portions of copyediting, fact-checking, and structural refinement, leading to a major restructuring of the role.",
26422 Journalists (Level 5),2,26422-journalists-level-5,26422,49440,wages_statfin,,Bachelor's degree,2-4 years,None,3028,2023,6,Moderate prospects,extras_csv,9,"The core tasks of this occupation—writing, editing, translating, and content creation—are entirely digital and represent the primary domains where generative AI excels. These roles face significant restructuring as AI tools can now draft, summarize, and translate text with high proficiency, fundamentally altering the nature of the work.",
26423 Radio and television journalists (Level 5),2,26423-radio-and-television-journalists-level-5,26423,52704,wages_statfin,,Bachelor's degree,2-4 years,None,2046,2023,6,Moderate prospects,extras_csv,8,"Journalism is a digital-first profession involving research, writing, and content synthesis, all of which are core domains for generative AI. While human judgment, investigative ethics, and on-the-ground reporting remain critical, the production and editing workflows are undergoing rapid automation and restructuring.",
"2643 Translators, interpreters and other linguists (Level 4)",2,2643-translators-interpreters-and-other-linguists-level-4,2643,44388,wages_statfin,,Bachelor's degree,2-4 years,None,3763,2023,6,Moderate prospects,extras_csv,9,"Translation and linguistic work are almost entirely digital and represent a primary domain where Large Language Models have demonstrated high proficiency. The core tasks of text processing, syntax analysis, and cross-lingual communication are being rapidly automated, leading to a fundamental restructuring of the profession.",
"2643. Translators, interpreters and other linguists (Level 5)",2,2643-translators-interpreters-and-other-linguists-level-5,2643.,44388,wages_statfin,,Bachelor's degree,2-4 years,None,3763,2023,6,Moderate prospects,extras_csv,9,"Translation and linguistic work are almost entirely digital and represent a primary domain where Large Language Models have demonstrated high proficiency. The core tasks of text processing, syntax analysis, and cross-lingual communication are being rapidly automated, leading to a fundamental restructuring of the profession.",
265 Creative and performing artists (Level 3),2,265-creative-and-performing-artists-level-3,265,44160,wages_statfin,,Bachelor's degree,2-4 years,None,9897,2023,6,Moderate prospects,extras_csv,6,"While creative and performing arts rely heavily on human expression, emotion, and physical presence, the industry is increasingly utilizing generative AI for ideation, drafting, and production. The core of the work remains human-centric, but the tools used for creation are undergoing a significant shift that will reshape workflows and productivity.",
265.  (Not more specifically classified) Creative and performing artists (Level 4),2,265-not-more-specifically-classified-creative-and-performing-artists-level-4,265.,,,,Bachelor's degree,2-4 years,None,0,2023,6,Moderate prospects,extras_csv,6,"Creative and performing artists engage in high-level knowledge work that is increasingly impacted by generative AI tools capable of producing text, imagery, and audio. While the core of artistic expression often relies on human intent and physical performance, the production process is becoming heavily digitized and susceptible to AI-driven augmentation and automation.",
265.. (Not more specifically classified) Creative and performing artists (Level 5),2,265-not-more-specifically-classified-creative-and-performing-artists-level-5,265..,44160,wages_statfin,,Bachelor's degree,2-4 years,None,0,2023,6,Moderate prospects,extras_csv,6,"Creative and performing artists engage in high-level knowledge work that is increasingly impacted by generative AI tools capable of producing text, imagery, and audio. While the core of artistic expression often relies on human intent and physical performance, the production process is becoming heavily digitized and susceptible to AI-driven augmentation and automation.",
2651 Visual artists (Level 4),2,2651-visual-artists-level-4,2651,39624,wages_statfin,,Bachelor's degree,2-4 years,None,979,2023,6,Moderate prospects,extras_csv,8,"Visual artists are increasingly exposed to AI tools that can generate, manipulate, and refine imagery, which directly impacts core creative tasks. While artistic intent and human judgment remain critical, the digital nature of the work makes it highly susceptible to automation and significant workflow restructuring.",
2651. Visual artists (Level 5),2,2651-visual-artists-level-5,2651.,39624,wages_statfin,,Bachelor's degree,2-4 years,None,979,2023,6,Moderate prospects,extras_csv,8,"Visual artists are increasingly exposed to AI tools that can generate, manipulate, and refine imagery, which directly impacts core creative tasks. While artistic intent and human judgment remain critical, the digital nature of the work makes it highly susceptible to automation and significant workflow restructuring.",
"2652 Musicians, singers and composers (Level 4)",2,2652-musicians-singers-and-composers-level-4,2652,43200,wages_statfin,,Bachelor's degree,2-4 years,None,3823,2023,6,Moderate prospects,extras_csv,5,"While music composition and production are increasingly supported by AI tools, the core of the profession relies on human performance, artistic expression, and live interaction. AI can assist in the creative process, but it cannot replace the unique human element and physical presence required for live musical performance and interpretation.",
"2652. Musicians, singers and composers (Level 5)",2,2652-musicians-singers-and-composers-level-5,2652.,43200,wages_statfin,,Bachelor's degree,2-4 years,None,3823,2023,6,Moderate prospects,extras_csv,5,"While music composition and production are increasingly supported by AI tools, the core of the profession relies on human performance, artistic expression, and live interaction. AI can assist in the creative process, but it cannot replace the unique human element and physical presence required for live musical performance and interpretation.",
2653 Dancers and choreographers (Level 4),2,2653-dancers-and-choreographers-level-4,2653,40872,wages_statfin,,Bachelor's degree,2-4 years,None,367,2023,6,Moderate prospects,extras_csv,1,"The work of dancers and choreographers is fundamentally physical, relying on human movement, artistic expression, and real-time performance. While AI can assist with peripheral tasks like music composition or movement visualization, it cannot replace the core requirement of physical presence and human artistry.",
2653. Dancers and choreographers (Level 5),2,2653-dancers-and-choreographers-level-5,2653.,40872,wages_statfin,,Bachelor's degree,2-4 years,None,367,2023,6,Moderate prospects,extras_csv,1,"The work of dancers and choreographers is fundamentally physical, relying on human movement, artistic expression, and real-time performance. While AI can assist with peripheral tasks like music composition or movement visualization, it cannot replace the core requirement of physical presence and human artistry.",
"2654 Film, stage and related directors and producers (Level 4)",2,2654-film-stage-and-related-directors-and-producers-level-4,2654,49440,wages_statfin,,Bachelor's degree,2-4 years,None,2922,2023,6,Moderate prospects,extras_csv,6,"While the creative vision and leadership required for directing are deeply human-centric, the occupation involves significant digital workflows in planning, script analysis, and post-production management. AI tools are increasingly capable of assisting with pre-visualization, scheduling, and editing, which will reshape the efficiency and technical execution of these roles.",
"2654. Film, stage and related directors and producers (Level 5)",2,2654-film-stage-and-related-directors-and-producers-level-5,2654.,49440,wages_statfin,,Bachelor's degree,2-4 years,None,2922,2023,6,Moderate prospects,extras_csv,6,"While the creative vision and leadership required for directing are deeply human-centric, the occupation involves significant digital workflows in planning, script analysis, and post-production management. AI tools are increasingly capable of assisting with pre-visualization, scheduling, and editing, which will reshape the efficiency and technical execution of these roles.",
2655 Actors (Level 4),2,2655-actors-level-4,2655,42024,wages_statfin,,Bachelor's degree,2-4 years,None,1151,2023,6,Moderate prospects,extras_csv,6,"While acting requires unique human emotional expression and physical presence, the industry is experiencing high exposure due to AI-driven advancements in digital synthesis, voice cloning, and CGI. These technologies are increasingly automating background roles and post-production tasks, fundamentally reshaping the creative process and labor demand in the sector.",
2655. Actors (Level 5),2,2655-actors-level-5,2655.,42024,wages_statfin,,Bachelor's degree,2-4 years,None,1151,2023,6,Moderate prospects,extras_csv,6,"While acting requires unique human emotional expression and physical presence, the industry is experiencing high exposure due to AI-driven advancements in digital synthesis, voice cloning, and CGI. These technologies are increasingly automating background roles and post-production tasks, fundamentally reshaping the creative process and labor demand in the sector.",
"2656 Announcers on radio, television and other media (Level 4)",2,2656-announcers-on-radio-television-and-other-media-level-4,2656,49812,wages_statfin,,Bachelor's degree,2-4 years,None,146,2023,6,Moderate prospects,extras_csv,7,"Announcers perform knowledge-based work involving script preparation, research, and communication, which are increasingly susceptible to AI-driven content generation and voice synthesis. While the role requires human presence and personality, AI tools are rapidly automating the production, editing, and even the delivery aspects of media broadcasting.",
"2656. Announcers on radio, television and other media (Level 5)",2,2656-announcers-on-radio-television-and-other-media-level-5,2656.,49812,wages_statfin,,Bachelor's degree,2-4 years,None,146,2023,6,Moderate prospects,extras_csv,7,"Announcers perform knowledge-based work involving script preparation, research, and communication, which are increasingly susceptible to AI-driven content generation and voice synthesis. While the role requires human presence and personality, AI tools are rapidly automating the production, editing, and even the delivery aspects of media broadcasting.",
2659 Creative and performing artists not elsewhere classified (Level 4),2,2659-creative-and-performing-artists-not-elsewhere-classified-level-4,2659,39732,wages_statfin,,Bachelor's degree,2-4 years,None,509,2023,6,Moderate prospects,extras_csv,6,"While creative work involves human expression and subjective judgment that AI cannot fully replicate, the occupation is increasingly exposed to generative AI tools for drafting, ideation, and production. The digital nature of many creative outputs means AI can significantly augment or automate parts of the workflow, though the core requirement for human vision and originality remains a strong anchor.",
2659. Creative and performing artists not elsewhere classified (Level 5),2,2659-creative-and-performing-artists-not-elsewhere-classified-level-5,2659.,39732,wages_statfin,,Bachelor's degree,2-4 years,None,509,2023,6,Moderate prospects,extras_csv,6,"While creative work involves human expression and subjective judgment that AI cannot fully replicate, the occupation is increasingly exposed to generative AI tools for drafting, ideation, and production. The digital nature of many creative outputs means AI can significantly augment or automate parts of the workflow, though the core requirement for human vision and originality remains a strong anchor.",
3  Technicians and associate professionals (Level 1),3,3-technicians-and-associate-professionals-level-1,3,44532,wages_statfin,,,,,433255,2023,,,,6,"This is a broad category encompassing diverse technical roles that rely heavily on digital information processing, analysis, and documentation. While many of these roles require specific domain expertise and human judgment, the core tasks are increasingly susceptible to AI-driven automation and augmentation tools.",
31 Science and engineering associate professionals (Level 2),3,31-science-and-engineering-associate-professionals-level-2,31,51156,wages_statfin,,,,,78918,2023,,,,7,"This category involves technical knowledge work, data analysis, and documentation, which are highly susceptible to automation via AI tools. While these roles often require some physical oversight or field-based technical tasks, the core information-processing and analytical components are increasingly being augmented or replaced by AI systems.",
311 Physical and engineering science technicians (Level 3),3,311-physical-and-engineering-science-technicians-level-3,311,50364,wages_statfin,,,,,47384,2023,,,,6,"This role involves a mix of technical knowledge work and physical site-based tasks, such as testing, monitoring, and data collection. While AI can significantly enhance the analysis and reporting aspects of the job, the requirement for physical presence and hands-on interaction with equipment provides a natural barrier to full automation.",
3111 Chemical and physical science technicians (Level 4),3,3111-chemical-and-physical-science-technicians-level-4,3111,38604,wages_statfin,,Upper secondary,None,Vocational training,329,2023,6,Moderate prospects,extras_csv,5,"This role involves a mix of physical laboratory work, sample preparation, and equipment maintenance, which are difficult to automate. However, the data analysis, documentation, and reporting components are increasingly susceptible to AI-driven automation and software integration.",
3111. Chemical and physical science technicians (Level 5),3,3111-chemical-and-physical-science-technicians-level-5,3111.,38604,wages_statfin,,Upper secondary,None,Vocational training,329,2023,6,Moderate prospects,extras_csv,5,"This role involves a mix of physical laboratory work, sample preparation, and equipment maintenance, which are difficult to automate. However, the data analysis, documentation, and reporting components are increasingly susceptible to AI-driven automation and software integration.",
3112 Civil engineering technicians (Level 4),3,3112-civil-engineering-technicians-level-4,3112,48204,wages_statfin,,Upper secondary,None,Vocational training,7655,2023,5,Moderate prospects,extras_csv,6,"Civil engineering technicians perform a mix of digital knowledge work, such as CAD drafting and technical documentation, and physical site inspections. While the digital components are highly susceptible to AI-driven design and analysis tools, the requirement for on-site verification and physical project coordination provides a significant buffer against full automation.",
3112. (Not more specifically classified) Civil engineering technicians (Level 5),3,3112-not-more-specifically-classified-civil-engineering-technicians-level-5,3112.,48204,wages_statfin,,Upper secondary,None,Vocational training,0,2023,5,Moderate prospects,extras_csv,6,"Civil engineering technicians perform a mix of digital knowledge work, such as CAD drafting and technical documentation, and physical site inspections. While the digital components are highly susceptible to AI-driven design and analysis tools, the requirement for on-site verification and physical project coordination provides a significant buffer against full automation.",
31122 Civil engineering technicians (Level 5),3,31122-civil-engineering-technicians-level-5,31122,48912,wages_statfin,,Upper secondary,None,Vocational training,2329,2023,4,Moderate prospects,extras_csv,6,"Civil engineering technicians perform a mix of digital knowledge work, such as CAD drafting and technical documentation, and physical site inspections. While the digital components are highly susceptible to AI-driven design and analysis tools, the requirement for on-site verification and physical project coordination provides a significant buffer against full automation.",
31123 Cartographic and surveying technicians (Level 5),3,31123-cartographic-and-surveying-technicians-level-5,31123,38232,wages_statfin,,Upper secondary,None,Vocational training,1414,2023,4,Moderate prospects,extras_csv,7,"This role involves significant digital work, including processing spatial data, drafting maps, and utilizing GIS software, all of which are highly susceptible to AI automation. While some tasks require field-based surveying, the core analytical and drafting components are increasingly being streamlined by AI-driven image processing and automated mapping tools.",
3113 Electrical engineering technicians (Level 4),3,3113-electrical-engineering-technicians-level-4,3113,53448,wages_statfin,,Upper secondary,None,Vocational training,3850,2023,6,Moderate prospects,extras_csv,5,"Electrical engineering technicians perform a mix of technical knowledge work and hands-on physical tasks such as testing, installation, and maintenance. While AI can assist with documentation, circuit design, and diagnostic analysis, the core requirement for physical presence and manual interaction with hardware provides a significant barrier to full automation.",
3113. Electrical engineering technicians (Level 5),3,3113-electrical-engineering-technicians-level-5,3113.,53448,wages_statfin,,Upper secondary,None,Vocational training,3850,2023,6,Moderate prospects,extras_csv,5,"Electrical engineering technicians perform a mix of technical knowledge work and hands-on physical tasks such as testing, installation, and maintenance. While AI can assist with documentation, circuit design, and diagnostic analysis, the core requirement for physical presence and manual interaction with hardware provides a significant barrier to full automation.",
3114 Electronics engineering technicians (Level 4),3,3114-electronics-engineering-technicians-level-4,3114,53520,wages_statfin,,Upper secondary,None,Vocational training,2788,2023,5,Moderate prospects,extras_csv,6,"Electronics engineering technicians perform a mix of digital knowledge work, such as circuit design and simulation, and physical tasks like testing and repairing hardware. While AI can significantly accelerate the design and diagnostic phases, the requirement for physical interaction with hardware and troubleshooting in real-world environments limits the total automation potential.",
3114. Electronics engineering technicians (Level 5),3,3114-electronics-engineering-technicians-level-5,3114.,53520,wages_statfin,,Upper secondary,None,Vocational training,2788,2023,5,Moderate prospects,extras_csv,6,"Electronics engineering technicians perform a mix of digital knowledge work, such as circuit design and simulation, and physical tasks like testing and repairing hardware. While AI can significantly accelerate the design and diagnostic phases, the requirement for physical interaction with hardware and troubleshooting in real-world environments limits the total automation potential.",
3115 Mechanical engineering technicians (Level 4),3,3115-mechanical-engineering-technicians-level-4,3115,52776,wages_statfin,,Upper secondary,None,Vocational training,13524,2023,5,Moderate prospects,extras_csv,6,"Mechanical engineering technicians perform a mix of digital design, documentation, and physical testing or oversight. While AI tools are rapidly automating drafting, simulation, and technical reporting, the role still requires physical interaction with machinery and on-site problem-solving that limits full automation.",
3115. Mechanical engineering technicians (Level 5),3,3115-mechanical-engineering-technicians-level-5,3115.,52776,wages_statfin,,Upper secondary,None,Vocational training,13524,2023,5,Moderate prospects,extras_csv,6,"Mechanical engineering technicians perform a mix of digital design, documentation, and physical testing or oversight. While AI tools are rapidly automating drafting, simulation, and technical reporting, the role still requires physical interaction with machinery and on-site problem-solving that limits full automation.",
3116 Chemical engineering technicians (Level 4),3,3116-chemical-engineering-technicians-level-4,3116,50844,wages_statfin,,Upper secondary,None,Vocational training,2098,2023,4,Moderate prospects,extras_csv,5,"Chemical engineering technicians perform a mix of laboratory analysis, data monitoring, and physical equipment maintenance. While AI can significantly enhance data processing and predictive maintenance, the role requires physical presence for sample handling, equipment calibration, and safety oversight in industrial environments.",
3116. Chemical engineering technicians (Level 5),3,3116-chemical-engineering-technicians-level-5,3116.,50844,wages_statfin,,Upper secondary,None,Vocational training,2098,2023,4,Moderate prospects,extras_csv,5,"Chemical engineering technicians perform a mix of laboratory analysis, data monitoring, and physical equipment maintenance. While AI can significantly enhance data processing and predictive maintenance, the role requires physical presence for sample handling, equipment calibration, and safety oversight in industrial environments.",
3117 Mining and metallurgical technicians (Level 4),3,3117-mining-and-metallurgical-technicians-level-4,3117,51216,wages_statfin,,Upper secondary,None,Vocational training,1166,2023,4,Moderate prospects,extras_csv,4,"This role involves a mix of technical knowledge work and physical site-based tasks, such as monitoring equipment and conducting on-site inspections. While AI can assist with data analysis, predictive maintenance, and process optimization, the requirement for physical presence and hands-on operational oversight in a mining environment limits the scope of automation.",
3117. Mining and metallurgical technicians (Level 5),3,3117-mining-and-metallurgical-technicians-level-5,3117.,51216,wages_statfin,,Upper secondary,None,Vocational training,1166,2023,4,Moderate prospects,extras_csv,4,"This role involves a mix of technical knowledge work and physical site-based tasks, such as monitoring equipment and conducting on-site inspections. While AI can assist with data analysis, predictive maintenance, and process optimization, the requirement for physical presence and hands-on operational oversight in a mining environment limits the scope of automation.",
3118 Draughtspersons (Level 4),3,3118-draughtspersons-level-4,3118,42696,wages_statfin,,Upper secondary,None,Vocational training,2078,2023,4,Below average,extras_csv,9,"Draughting is a highly digital profession centered on CAD software, which is increasingly being integrated with generative AI for automated design, 3D modeling, and error checking. Because the core output is digital and rule-based, AI tools are rapidly automating the most time-consuming aspects of technical drawing and documentation.",
3118. Draughtspersons (Level 5),3,3118-draughtspersons-level-5,3118.,42696,wages_statfin,,Upper secondary,None,Vocational training,2078,2023,4,Below average,extras_csv,9,"Draughting is a highly digital profession centered on CAD software, which is increasingly being integrated with generative AI for automated design, 3D modeling, and error checking. Because the core output is digital and rule-based, AI tools are rapidly automating the most time-consuming aspects of technical drawing and documentation.",
3119 Physical and engineering science technicians not elsewhere classified (Level 4),3,3119-physical-and-engineering-science-technicians-not-elsewhere-classified-level-4,3119,48372,wages_statfin,,Upper secondary,None,Vocational training,13896,2023,4,Below average,extras_csv,6,"This role involves technical data collection, testing, and analysis, which are increasingly supported by AI-driven diagnostic tools and automated reporting software. While the job requires physical presence for equipment handling and site inspections, the core analytical and documentation tasks are highly susceptible to AI-assisted productivity gains.",
3119. Physical and engineering science technicians not elsewhere classified (Level 5),3,3119-physical-and-engineering-science-technicians-not-elsewhere-classified-level-5,3119.,48372,wages_statfin,,Upper secondary,None,Vocational training,13896,2023,4,Below average,extras_csv,6,"This role involves technical data collection, testing, and analysis, which are increasingly supported by AI-driven diagnostic tools and automated reporting software. While the job requires physical presence for equipment handling and site inspections, the core analytical and documentation tasks are highly susceptible to AI-assisted productivity gains.",
"312 Mining, manufacturing and construction supervisors (Level 3)",3,312-mining-manufacturing-and-construction-supervisors-level-3,312,53748,wages_statfin,,,,,16254,2023,,,,5,"This role involves a blend of on-site physical supervision and digital administrative tasks like reporting, scheduling, and resource management. While AI can significantly optimize logistics, planning, and safety monitoring, the core requirement for physical presence and real-time human judgment in unpredictable industrial environments limits the overall exposure.",
3121 Mining supervisors (Level 4),3,3121-mining-supervisors-level-4,3121,57876,wages_statfin,,Upper secondary,None,Vocational training,273,2023,6,Moderate prospects,extras_csv,4,"Mining supervisors perform a mix of physical, on-site management and operational oversight that requires real-time human judgment in unpredictable environments. While AI can assist with data analysis, safety monitoring, and scheduling, the core requirement of physical presence and hands-on supervision in a hazardous environment limits the potential for full automation.",
3121. Mining supervisors (Level 5),3,3121-mining-supervisors-level-5,3121.,57876,wages_statfin,,Upper secondary,None,Vocational training,273,2023,6,Moderate prospects,extras_csv,4,"Mining supervisors perform a mix of physical, on-site management and operational oversight that requires real-time human judgment in unpredictable environments. While AI can assist with data analysis, safety monitoring, and scheduling, the core requirement of physical presence and hands-on supervision in a hazardous environment limits the potential for full automation.",
31121 Building construction technicians (Level 5),3,31121-building-construction-technicians-level-5,31121,51948,wages_statfin,,Upper secondary,None,Vocational training,3912,2023,4,Moderate prospects,extras_csv,4,"Building construction technicians perform a mix of office-based planning, documentation, and site-based supervision. While AI can assist with digital tasks like drafting, scheduling, and project management, the core requirement for physical site inspections and real-time coordination with construction crews limits the overall impact.",
3122 Manufacturing supervisors (Level 4),3,3122-manufacturing-supervisors-level-4,3122,51108,wages_statfin,,Upper secondary,None,Vocational training,5889,2023,5,Moderate prospects,extras_csv,5,"Manufacturing supervisors balance physical oversight of production floors with digital tasks like scheduling, reporting, and resource management. While AI can optimize workflows and predictive maintenance, the core requirement for on-site human judgment, team management, and real-time physical problem-solving limits the extent of automation.",
3122. Manufacturing supervisors (Level 5),3,3122-manufacturing-supervisors-level-5,3122.,51108,wages_statfin,,Upper secondary,None,Vocational training,5889,2023,5,Moderate prospects,extras_csv,5,"Manufacturing supervisors balance physical oversight of production floors with digital tasks like scheduling, reporting, and resource management. While AI can optimize workflows and predictive maintenance, the core requirement for on-site human judgment, team management, and real-time physical problem-solving limits the extent of automation.",
3123 Construction supervisors (Level 4),3,3123-construction-supervisors-level-4,3123,55596,wages_statfin,,Upper secondary,None,Vocational training,10092,2023,5,Moderate prospects,extras_csv,5,"This role involves a blend of on-site physical supervision and digital administrative tasks like reporting, scheduling, and resource management. While AI can significantly optimize logistics, planning, and safety monitoring, the core requirement for physical presence and real-time human judgment in unpredictable industrial environments limits the overall exposure.",
3123. Construction supervisors (Level 5),3,3123-construction-supervisors-level-5,3123.,55596,wages_statfin,,Upper secondary,None,Vocational training,10092,2023,5,Moderate prospects,extras_csv,5,"This role involves a blend of on-site physical supervision and digital administrative tasks like reporting, scheduling, and resource management. While AI can significantly optimize logistics, planning, and safety monitoring, the core requirement for physical presence and real-time human judgment in unpredictable industrial environments limits the overall exposure.",
313 Process control technicians (Level 3),3,313-process-control-technicians-level-3,313,52680,wages_statfin,,,,,5334,2023,,,,6,"Process control technicians work in a digital-heavy environment monitoring and adjusting automated systems, making them highly susceptible to AI-driven predictive maintenance and autonomous optimization. While the role requires physical presence for equipment maintenance and emergency intervention, the core analytical and monitoring tasks are increasingly being handled by intelligent software.",
3131 Power production plant operators (Level 4),3,3131-power-production-plant-operators-level-4,3131,63192,wages_statfin,,Upper secondary,None,Vocational training,1125,2023,4,Below average,extras_csv,4,"Power plant operators work in a physical environment requiring real-time monitoring and manual intervention, which provides a natural barrier to full automation. However, the role is increasingly digital, with AI systems already capable of optimizing energy output and predictive maintenance, leading to moderate exposure.",
3131. Power production plant operators (Level 5),3,3131-power-production-plant-operators-level-5,3131.,63192,wages_statfin,,Upper secondary,None,Vocational training,1125,2023,4,Below average,extras_csv,4,"Power plant operators work in a physical environment requiring real-time monitoring and manual intervention, which provides a natural barrier to full automation. However, the role is increasingly digital, with AI systems already capable of optimizing energy output and predictive maintenance, leading to moderate exposure.",
3132 Incinerator and water treatment plant operators (Level 4),3,3132-incinerator-and-water-treatment-plant-operators-level-4,3132,48252,wages_statfin,,Upper secondary,None,Vocational training,1250,2023,3,Stable,extras_csv,3,"The role involves monitoring and operating physical machinery and chemical processes in a plant environment, which requires significant physical presence and manual intervention. While AI can assist with predictive maintenance and data analysis of sensor inputs, the core tasks of equipment maintenance and physical plant management remain largely resistant to automation.",
3132. Incinerator and water treatment plant operators (Level 5),3,3132-incinerator-and-water-treatment-plant-operators-level-5,3132.,48252,wages_statfin,,Upper secondary,None,Vocational training,1250,2023,3,Stable,extras_csv,3,"The role involves monitoring and operating physical machinery and chemical processes in a plant environment, which requires significant physical presence and manual intervention. While AI can assist with predictive maintenance and data analysis of sensor inputs, the core tasks of equipment maintenance and physical plant management remain largely resistant to automation.",
3133 Chemical processing plant controllers (Level 4),3,3133-chemical-processing-plant-controllers-level-4,3133,48684,wages_statfin,,Upper secondary,None,Vocational training,740,2023,3,Stable,extras_csv,4,"While the role involves monitoring digital control systems and data, it is tied to a physical industrial environment that requires human oversight for safety, maintenance, and emergency response. AI can enhance process optimization and predictive maintenance, but the physical nature of the plant and the need for human accountability in high-stakes chemical processing limit the potential for full automation.",
3133. Chemical processing plant controllers (Level 5),3,3133-chemical-processing-plant-controllers-level-5,3133.,48684,wages_statfin,,Upper secondary,None,Vocational training,740,2023,3,Stable,extras_csv,4,"While the role involves monitoring digital control systems and data, it is tied to a physical industrial environment that requires human oversight for safety, maintenance, and emergency response. AI can enhance process optimization and predictive maintenance, but the physical nature of the plant and the need for human accountability in high-stakes chemical processing limit the potential for full automation.",
3134 Petroleum and natural gas refining plant operators (Level 4),3,3134-petroleum-and-natural-gas-refining-plant-operators-level-4,3134,,,,Upper secondary,None,Vocational training,40,2023,3,Stable,extras_csv,3,"This role involves monitoring and controlling complex physical machinery in a hazardous industrial environment, requiring real-time human oversight and physical presence. While AI can assist in predictive maintenance and process optimization, the core tasks of managing physical plant operations and responding to unpredictable mechanical or safety events remain largely outside the scope of automation.",
3134. Petroleum and natural gas refining plant operators (Level 5),3,3134-petroleum-and-natural-gas-refining-plant-operators-level-5,3134.,,,,Upper secondary,None,Vocational training,40,2023,3,Stable,extras_csv,3,"This role involves monitoring and controlling complex physical machinery in a hazardous industrial environment, requiring real-time human oversight and physical presence. While AI can assist in predictive maintenance and process optimization, the core tasks of managing physical plant operations and responding to unpredictable mechanical or safety events remain largely outside the scope of automation.",
3135 Metal production process controllers (Level 4),3,3135-metal-production-process-controllers-level-4,3135,,,,Upper secondary,None,Vocational training,881,2023,4,Moderate prospects,extras_csv,4,"This role involves monitoring and controlling physical industrial processes, which requires human presence for safety and real-time intervention in unpredictable environments. While AI can optimize process parameters and predictive maintenance, the core task of overseeing heavy machinery and physical production remains largely outside the scope of full automation.",
3135. Metal production process controllers (Level 5),3,3135-metal-production-process-controllers-level-5,3135.,,,,Upper secondary,None,Vocational training,881,2023,4,Moderate prospects,extras_csv,4,"This role involves monitoring and controlling physical industrial processes, which requires human presence for safety and real-time intervention in unpredictable environments. While AI can optimize process parameters and predictive maintenance, the core task of overseeing heavy machinery and physical production remains largely outside the scope of full automation.",
3139 Process control technicians not elsewhere classified (Level 4),3,3139-process-control-technicians-not-elsewhere-classified-level-4,3139,55788,wages_statfin,,Upper secondary,None,Vocational training,1298,2023,3,Stable,extras_csv,6,"Process control technicians work in digital environments monitoring and adjusting automated systems, which makes them highly susceptible to AI-driven predictive maintenance and autonomous optimization. While the role requires physical presence for equipment maintenance and troubleshooting, the core analytical and monitoring tasks are increasingly being handled by intelligent software.",
3139. Process control technicians not elsewhere classified (Level 5),3,3139-process-control-technicians-not-elsewhere-classified-level-5,3139.,55788,wages_statfin,,Upper secondary,None,Vocational training,1298,2023,3,Stable,extras_csv,6,"Process control technicians work in digital environments monitoring and adjusting automated systems, which makes them highly susceptible to AI-driven predictive maintenance and autonomous optimization. While the role requires physical presence for equipment maintenance and troubleshooting, the core analytical and monitoring tasks are increasingly being handled by intelligent software.",
314 Life science technicians and related associate professionals (Level 3),3,314-life-science-technicians-and-related-associate-professionals-level-3,314,40092,wages_statfin,,,,,6685,2023,,,,5,"This role involves a mix of laboratory-based physical experimentation and digital data analysis. While AI can significantly accelerate the analysis, reporting, and documentation phases of the work, the core requirement for manual laboratory procedures and physical sample handling provides a natural barrier to full automation.",
3141 Life science technicians (excluding medical) (Level 4),3,3141-life-science-technicians-excluding-medical-level-4,3141,38436,wages_statfin,,Upper secondary,None,Vocational training,4064,2023,5,Moderate prospects,extras_csv,5,"This role involves a mix of physical laboratory work, sample handling, and data analysis. While the analytical and reporting components are increasingly susceptible to AI automation, the core requirement for manual laboratory procedures and physical experimentation provides a significant barrier to full automation.",
3141. Life science technicians (excluding medical) (Level 5),3,3141-life-science-technicians-excluding-medical-level-5,3141.,38436,wages_statfin,,Upper secondary,None,Vocational training,4064,2023,5,Moderate prospects,extras_csv,5,"This role involves a mix of physical laboratory work, sample handling, and data analysis. While the analytical and reporting components are increasingly susceptible to AI automation, the core requirement for manual laboratory procedures and physical experimentation provides a significant barrier to full automation.",
3142 Agricultural technicians (Level 4),3,3142-agricultural-technicians-level-4,3142,41724,wages_statfin,,Upper secondary,None,Vocational training,1366,2023,5,Moderate prospects,extras_csv,4,"Agricultural technicians perform a mix of field-based physical monitoring and digital data analysis. While AI can significantly enhance their ability to process sensor data and optimize crop management, the core of the role requires physical presence and site-specific judgment that cannot be fully automated.",
3142. Agricultural technicians (Level 5),3,3142-agricultural-technicians-level-5,3142.,41724,wages_statfin,,Upper secondary,None,Vocational training,1366,2023,5,Moderate prospects,extras_csv,4,"Agricultural technicians perform a mix of field-based physical monitoring and digital data analysis. While AI can significantly enhance their ability to process sensor data and optimize crop management, the core of the role requires physical presence and site-specific judgment that cannot be fully automated.",
3143 Forestry technicians (Level 4),3,3143-forestry-technicians-level-4,3143,45768,wages_statfin,,Upper secondary,None,Vocational training,1255,2023,4,Below average,extras_csv,3,"Forestry technicians perform a significant amount of field-based work, including surveying, monitoring, and managing forest operations, which requires physical presence and environmental judgment. While AI can assist with data analysis from remote sensing or drone imagery, the core of the job remains tied to physical site management and hands-on technical tasks that are difficult to automate.",
3143. Forestry technicians (Level 5),3,3143-forestry-technicians-level-5,3143.,45768,wages_statfin,,Upper secondary,None,Vocational training,1255,2023,4,Below average,extras_csv,3,"Forestry technicians perform a significant amount of field-based work, including surveying, monitoring, and managing forest operations, which requires physical presence and environmental judgment. While AI can assist with data analysis from remote sensing or drone imagery, the core of the job remains tied to physical site management and hands-on technical tasks that are difficult to automate.",
315 Ship and aircraft controllers and technicians (Level 3),3,315-ship-and-aircraft-controllers-and-technicians-level-3,315,81084,wages_statfin,,,,,3261,2023,,,,4,"While this role involves significant digital monitoring and data analysis, it is constrained by high-stakes, real-time physical safety requirements and complex regulatory environments. AI will likely serve as a powerful decision-support tool for navigation and traffic management, but the necessity for human accountability and physical oversight in unpredictable environments limits full automation.",
3151 Ships' engineers (Level 4),3,3151-ships-engineers-level-4,3151,75180,wages_statfin,,Upper secondary,None,Vocational training,367,2023,4,Below average,extras_csv,3,"The role of a ship's engineer is primarily physical and mechanical, requiring hands-on maintenance and real-time intervention in a complex, unpredictable maritime environment. While AI may assist with predictive maintenance and diagnostic monitoring, the core tasks of physical repair and operational safety remain heavily dependent on human presence and manual skill.",
3151. Ships' engineers (Level 5),3,3151-ships-engineers-level-5,3151.,75180,wages_statfin,,Upper secondary,None,Vocational training,367,2023,4,Below average,extras_csv,3,"The role of a ship's engineer is primarily physical and mechanical, requiring hands-on maintenance and real-time intervention in a complex, unpredictable maritime environment. While AI may assist with predictive maintenance and diagnostic monitoring, the core tasks of physical repair and operational safety remain heavily dependent on human presence and manual skill.",
3152 Ships' deck officers and pilots (Level 4),3,3152-ships-deck-officers-and-pilots-level-4,3152,72312,wages_statfin,,Upper secondary,None,Vocational training,1328,2023,4,Below average,extras_csv,3,"While ships' deck officers and pilots utilize digital navigation and monitoring systems, the core of the role requires physical presence, real-time decision-making in unpredictable maritime environments, and complex manual operations. AI can assist with route optimization and predictive maintenance, but the safety-critical nature of the job and the need for human oversight in physical navigation provide a significant barrier to automation.",
3152. (Not more specifically classified) Ships' deck officers and pilots (Level 5),3,3152-not-more-specifically-classified-ships-deck-officers-and-pilots-level-5,3152.,72312,wages_statfin,,Upper secondary,None,Vocational training,0,2023,4,Below average,extras_csv,3,"The role involves significant physical presence, real-time navigation, and safety-critical decision-making in unpredictable maritime environments. While AI can assist with route optimization and automated monitoring systems, the core responsibilities require human oversight and physical intervention that remain largely outside the scope of current AI automation.",
31521 Large ships' officers and mates (Level 5),3,31521-large-ships-officers-and-mates-level-5,31521,71268,wages_statfin,,Upper secondary,None,Vocational training,702,2023,4,Moderate prospects,extras_csv,3,"The role involves significant physical presence, real-time navigation, and safety-critical decision-making in unpredictable maritime environments. While AI and automation assist with navigation and monitoring systems, the core responsibilities require human oversight, physical intervention, and complex interpersonal coordination that remain largely outside the scope of current AI capabilities.",
31522 Small ships' officers (Level 5),3,31522-small-ships-officers-level-5,31522,,,,Upper secondary,None,Vocational training,288,2023,4,Moderate prospects,extras_csv,3,"The role of a small ship's officer is primarily physical and operational, requiring real-time navigation, safety management, and manual control of a vessel in unpredictable maritime environments. While AI may assist with navigation systems and route optimization, the core responsibilities involving physical presence, emergency response, and hands-on vessel operation remain largely shielded from automation.",
31523 Harbour traffic controllers and harbour masters (Level 5),3,31523-harbour-traffic-controllers-and-harbour-masters-level-5,31523,75372,wages_statfin,,Upper secondary,None,Vocational training,338,2023,4,Moderate prospects,extras_csv,4,"While the role involves significant digital monitoring and information processing, it is tied to the physical coordination of maritime traffic and safety, which requires real-time human judgment and accountability. AI can assist with logistics and predictive modeling, but the high-stakes, unpredictable nature of physical harbour operations necessitates human oversight.",
3153 Aircraft pilots and related associate professionals (Level 4),3,3153-aircraft-pilots-and-related-associate-professionals-level-4,3153,96648,wages_statfin,,Upper secondary,None,Vocational training,1269,2023,4,Below average,extras_csv,3,"While flight systems are highly automated, the role requires critical real-time physical intervention, complex decision-making in unpredictable environments, and ultimate responsibility for passenger safety. AI serves as a powerful support tool for navigation and monitoring, but the core requirement for human presence and physical control remains a significant barrier to automation.",
3153. Aircraft pilots and related associate professionals (Level 5),3,3153-aircraft-pilots-and-related-associate-professionals-level-5,3153.,96648,wages_statfin,,Upper secondary,None,Vocational training,1269,2023,4,Below average,extras_csv,3,"While flight systems are highly automated, the role requires critical real-time physical intervention, complex decision-making in unpredictable environments, and ultimate responsibility for passenger safety. AI serves as a powerful support tool for navigation and monitoring, but the core requirement for human presence and physical control remains a significant barrier to automation.",
3154 Air traffic controllers (Level 4),3,3154-air-traffic-controllers-level-4,3154,,,,Upper secondary,None,Vocational training,261,2023,3,Stable,extras_csv,5,"While air traffic control involves high-stakes, real-time decision-making and human oversight that currently requires physical presence, the role is increasingly supported by advanced digital automation and AI-driven predictive systems. AI exposure is moderate because, while the core safety-critical tasks remain human-led, the information processing and traffic management components are being significantly augmented by AI technologies.",
3154. Air traffic controllers (Level 5),3,3154-air-traffic-controllers-level-5,3154.,,,,Upper secondary,None,Vocational training,261,2023,3,Stable,extras_csv,5,"While air traffic control involves high-stakes, real-time decision-making and human oversight that currently requires physical presence, the role is increasingly supported by advanced digital automation and AI-driven predictive systems. AI exposure is moderate because, while the core safety-critical tasks remain human-led, the information processing and traffic management components are being significantly augmented by AI technologies.",
3155 Air traffic safety electronics technicians (Level 4),3,3155-air-traffic-safety-electronics-technicians-level-4,3155,,,,Upper secondary,None,Vocational training,36,2023,3,Stable,extras_csv,4,"This role involves specialized technical maintenance of physical electronic systems, which requires on-site presence and manual intervention. While AI can assist in predictive maintenance and diagnostic data analysis, the critical nature of aviation safety necessitates human oversight and physical hardware interaction that limits automation potential.",
3155. Air traffic safety electronics technicians (Level 5),3,3155-air-traffic-safety-electronics-technicians-level-5,3155.,,,,Upper secondary,None,Vocational training,36,2023,3,Stable,extras_csv,4,"This role involves specialized technical maintenance of physical electronic systems, which requires on-site presence and manual intervention. While AI can assist in predictive maintenance and diagnostic data analysis, the critical nature of aviation safety necessitates human oversight and physical hardware interaction that limits automation potential.",
32 Health associate professionals (Level 2),3,32-health-associate-professionals-level-2,32,42132,wages_statfin,,,,,113320,2023,,,,4,"Health associate professionals perform tasks that require significant physical presence, clinical observation, and direct patient interaction, which limits the scope for full automation. While AI can assist with diagnostic support, documentation, and administrative efficiency, the core of the role remains rooted in human-centric care and physical assessment.",
321 Medical and pharmaceutical technicians (Level 3),3,321-medical-and-pharmaceutical-technicians-level-3,321,41904,wages_statfin,,,,,14625,2023,,,,4,"Medical and pharmaceutical technicians perform tasks that require significant physical presence, manual dexterity, and adherence to strict safety protocols in clinical or laboratory settings. While AI can assist with data analysis, diagnostic imaging interpretation, and inventory management, the core of the role remains tied to physical interaction with patients, samples, and equipment.",
3211 Medical imaging and therapeutic equipment technicians (Level 4),3,3211-medical-imaging-and-therapeutic-equipment-technicians-level-4,3211,42684,wages_statfin,,Upper secondary,None,Vocational training,3080,2023,6,Moderate prospects,extras_csv,5,"This role involves a significant physical component, requiring the operation of specialized medical equipment and direct patient interaction. While AI is increasingly capable of assisting in image analysis and diagnostic support, the necessity for physical positioning of patients and real-time clinical oversight limits the potential for full automation.",
3211. Medical imaging and therapeutic equipment technicians (Level 5),3,3211-medical-imaging-and-therapeutic-equipment-technicians-level-5,3211.,42684,wages_statfin,,Upper secondary,None,Vocational training,3080,2023,6,Moderate prospects,extras_csv,5,"This role involves a significant physical component, requiring the operation of specialized medical equipment and direct patient interaction. While AI is increasingly capable of assisting in image analysis and diagnostic support, the necessity for physical positioning of patients and real-time clinical oversight limits the potential for full automation.",
3212 Medical and pathology laboratory technicians (Level 4),3,3212-medical-and-pathology-laboratory-technicians-level-4,3212,40320,wages_statfin,,Upper secondary,None,Vocational training,4974,2023,5,Moderate prospects,extras_csv,5,"This role involves a mix of physical laboratory tasks, such as sample preparation and equipment maintenance, and digital tasks like data entry and analysis. While AI can significantly enhance the diagnostic and data-processing aspects, the physical requirement for handling biological samples and operating specialized machinery provides a natural barrier to full automation.",
3212. Medical and pathology laboratory technicians (Level 5),3,3212-medical-and-pathology-laboratory-technicians-level-5,3212.,40320,wages_statfin,,Upper secondary,None,Vocational training,4974,2023,5,Moderate prospects,extras_csv,5,"This role involves a mix of physical laboratory tasks, such as sample preparation and equipment maintenance, and digital tasks like data entry and analysis. While AI can significantly enhance the diagnostic and data-processing aspects, the physical requirement for handling biological samples and operating specialized machinery provides a natural barrier to full automation.",
3213 Pharmaceutical technicians and assistants (Level 4),3,3213-pharmaceutical-technicians-and-assistants-level-4,3213,42792,wages_statfin,,Upper secondary,None,Vocational training,5660,2023,6,Moderate prospects,extras_csv,5,"Pharmaceutical technicians perform a mix of routine digital tasks, such as inventory management and prescription processing, and physical tasks like medication preparation and patient interaction. While AI can automate administrative and data-heavy workflows, the requirement for physical accuracy, safety oversight, and in-person patient counseling provides a significant barrier to full automation.",
3213. Pharmaceutical technicians and assistants (Level 5),3,3213-pharmaceutical-technicians-and-assistants-level-5,3213.,42792,wages_statfin,,Upper secondary,None,Vocational training,5660,2023,6,Moderate prospects,extras_csv,5,"Pharmaceutical technicians perform a mix of routine digital tasks, such as inventory management and prescription processing, and physical tasks like medication preparation and patient interaction. While AI can automate administrative and data-heavy workflows, the requirement for physical accuracy, safety oversight, and in-person patient counseling provides a significant barrier to full automation.",
3214 Medical and dental prosthetic technicians (Level 4),3,3214-medical-and-dental-prosthetic-technicians-level-4,3214,38856,wages_statfin,,Upper secondary,None,Vocational training,911,2023,5,Moderate prospects,extras_csv,5,"This role involves a mix of manual craftsmanship and digital design, as technicians increasingly use CAD/CAM software to create prosthetics. While the digital design portion is highly susceptible to AI automation, the physical fabrication and final fitting processes require specialized manual skill and physical presence that remain difficult to automate.",
32141 Dental technicians (Level 5),3,32141-dental-technicians-level-5,32141,37356,wages_statfin,,Upper secondary,None,Vocational training,589,2023,4,Moderate prospects,extras_csv,4,"Dental technicians perform highly skilled manual and technical work in a laboratory setting, which requires physical dexterity and precision that AI cannot currently replicate. While AI-driven CAD/CAM software and 3D printing are increasingly used to design and manufacture dental prosthetics, the role still requires significant human oversight, material handling, and physical craftsmanship.",
32142 Prosthetist-orthotists (Level 5),3,32142-prosthetist-orthotists-level-5,32142,39612,wages_statfin,,Upper secondary,None,Vocational training,322,2023,4,Moderate prospects,extras_csv,3,"This occupation requires significant physical interaction, manual craftsmanship, and personalized fitting of medical devices for patients. While AI may assist in 3D modeling or design optimization, the core of the work remains hands-on, patient-centered, and dependent on physical assessment and manual fabrication skills.",
322 Nursing and midwifery associate professionals (Level 3),3,322-nursing-and-midwifery-associate-professionals-level-3,322,42576,wages_statfin,,,,,77105,2023,,,,4,"This role involves significant physical, hands-on patient care and real-time clinical judgment that cannot be automated. While AI can assist with administrative tasks, documentation, and diagnostic support, the core requirement for human presence and physical interaction provides a strong barrier to full automation.",
3221 Nursing associate professionals (Level 4),3,3221-nursing-associate-professionals-level-4,3221,42468,wages_statfin,,Upper secondary,None,Vocational training,74825,2023,5,Moderate prospects,extras_csv,4,"Nursing associate professionals perform tasks that require significant physical presence, manual dexterity, and real-time human interaction in unpredictable clinical environments. While AI can assist with administrative documentation and data analysis, the core of the role involves direct patient care and physical monitoring that cannot be automated.",
3221. (Not more specifically classified) Nursing associate professionals (Level 5),3,3221-not-more-specifically-classified-nursing-associate-professionals-level-5,3221.,42468,wages_statfin,,Upper secondary,None,Vocational training,5,2023,5,Moderate prospects,extras_csv,4,"Nursing associate professionals perform tasks that require significant physical presence, manual dexterity, and real-time human interaction in unpredictable clinical environments. While AI can assist with administrative documentation and data analysis, the core of the role involves direct patient care that cannot be automated.",
32211 Nurses (Level 5),3,32211-nurses-level-5,32211,43044,wages_statfin,,Upper secondary,None,Vocational training,65558,2023,4,Moderate prospects,extras_csv,4,"Nursing is a profession that requires significant physical presence, manual dexterity, and complex interpersonal interaction with patients. While AI can assist with administrative tasks, data analysis, and diagnostic support, the core of the job—providing physical care and emotional support—remains highly resistant to automation.",
32212 Public health nurses (Level 5),3,32212-public-health-nurses-level-5,32212,40308,wages_statfin,,Upper secondary,None,Vocational training,9262,2023,4,Moderate prospects,extras_csv,4,"Public health nursing involves significant physical presence, hands-on patient care, and complex interpersonal interaction that cannot be automated. While AI can assist with administrative tasks, documentation, and data analysis, the core of the profession requires human judgment and physical engagement.",
3222 Midwifery associate professionals (Level 4),3,3222-midwifery-associate-professionals-level-4,3222,47364,wages_statfin,,Upper secondary,None,Vocational training,2280,2023,6,Moderate prospects,extras_csv,4,"This role involves significant physical, hands-on patient care and real-time clinical judgment that cannot be automated. While AI can assist with administrative tasks, documentation, and diagnostic support, the core requirement for human presence and physical interaction provides a strong barrier to full automation.",
3222. Midwifery associate professionals (Level 5),3,3222-midwifery-associate-professionals-level-5,3222.,47364,wages_statfin,,Upper secondary,None,Vocational training,2280,2023,6,Moderate prospects,extras_csv,4,"This role involves significant physical, hands-on patient care and real-time clinical judgment that cannot be automated. While AI can assist with administrative tasks, documentation, and diagnostic support, the core requirement for human presence and physical interaction provides a strong barrier to full automation.",
323 Traditional and complementary medicine associate professionals (Level 3),3,323-traditional-and-complementary-medicine-associate-professionals-level-3,323,,,,,,,94,2023,,,,3,"This occupation involves hands-on, physical, and interpersonal interaction with patients, which creates a significant barrier to AI automation. While AI may assist with administrative tasks or provide supplementary information, the core of the work requires physical presence and human-centric care.",
3230 Traditional and complementary medicine associate professionals (Level 4),3,3230-traditional-and-complementary-medicine-associate-professionals-level-4,3230,,,,Upper secondary,None,Vocational training,94,2023,4,Moderate prospects,extras_csv,3,"This occupation involves hands-on, physical, and interpersonal interaction with patients, which creates a significant barrier to AI automation. While AI may assist with administrative tasks or provide supplementary information, the core of the work requires physical presence and human-centric care.",
3230. Traditional and complementary medicine associate professionals (Level 5),3,3230-traditional-and-complementary-medicine-associate-professionals-level-5,3230.,,,,Upper secondary,None,Vocational training,94,2023,4,Moderate prospects,extras_csv,3,"This occupation involves hands-on, physical, and interpersonal interaction with patients, which creates a significant barrier to AI automation. While AI may assist with administrative tasks or provide supplementary information, the core of the work requires physical presence and human-centric care.",
324 Veterinary technicians and assistants (Level 3),3,324-veterinary-technicians-and-assistants-level-3,324,,,,,,,206,2023,,,,4,"Veterinary technicians perform essential physical and hands-on tasks, such as animal handling, administering treatments, and assisting in surgeries, which are difficult to automate. While AI can assist with administrative tasks, diagnostic imaging analysis, and record-keeping, the core of the job requires physical presence and real-time interaction with animals.",
3240 Veterinary technicians and assistants (Level 4),3,3240-veterinary-technicians-and-assistants-level-4,3240,,,,Upper secondary,None,Vocational training,206,2023,4,Moderate prospects,extras_csv,4,"Veterinary technicians perform essential physical and hands-on tasks, such as animal handling, administering treatments, and assisting in surgeries, which are difficult to automate. While AI can assist with administrative tasks, diagnostic imaging analysis, and record-keeping, the core of the job requires physical presence and real-time interaction with animals.",
3240. Veterinary technicians and assistants (Level 5),3,3240-veterinary-technicians-and-assistants-level-5,3240.,,,,Upper secondary,None,Vocational training,206,2023,4,Moderate prospects,extras_csv,4,"Veterinary technicians perform essential physical and hands-on tasks, such as animal handling, administering treatments, and assisting in surgeries, which are difficult to automate. While AI can assist with administrative tasks, diagnostic imaging analysis, and record-keeping, the core of the job requires physical presence and real-time interaction with animals.",
325 Other health associate professionals (Level 3),3,325-other-health-associate-professionals-level-3,325,39984,wages_statfin,,,,,21290,2023,,,,4,"This category includes diverse health associate professionals who primarily perform physical, patient-facing tasks that require human presence and clinical judgment. While AI can assist with administrative documentation and diagnostic data analysis, the core of the work remains rooted in physical interaction and real-time care delivery.",
3251 Dental assistants and therapists (Level 4),3,3251-dental-assistants-and-therapists-level-4,3251,38616,wages_statfin,,Upper secondary,None,Vocational training,1896,2023,4,Moderate prospects,extras_csv,3,"The role is primarily physical and requires real-time, hands-on interaction with patients in a clinical setting, which creates a significant barrier to automation. While AI may assist with administrative tasks like scheduling or record-keeping, the core clinical responsibilities remain dependent on human dexterity and interpersonal care.",
3251. Dental assistants and therapists (Level 5),3,3251-dental-assistants-and-therapists-level-5,3251.,38616,wages_statfin,,Upper secondary,None,Vocational training,1896,2023,4,Moderate prospects,extras_csv,3,"The role is primarily physical and requires real-time, hands-on interaction with patients in a clinical setting, which creates a significant barrier to automation. While AI may assist with administrative tasks like scheduling or record-keeping, the core clinical responsibilities remain dependent on human dexterity and interpersonal care.",
3254 Dispensing opticians (Level 4),3,3254-dispensing-opticians-level-4,3254,45048,wages_statfin,,Upper secondary,None,Vocational training,1459,2023,4,Moderate prospects,extras_csv,4,"The role involves a significant amount of physical, face-to-face interaction with customers for fitting and adjusting eyewear, which provides a natural barrier to automation. While AI can assist with administrative tasks, inventory management, and potentially optimizing lens measurements, the core requirement for physical presence and interpersonal service remains essential.",
3254. Dispensing opticians (Level 5),3,3254-dispensing-opticians-level-5,3254.,45048,wages_statfin,,Upper secondary,None,Vocational training,1459,2023,4,Moderate prospects,extras_csv,4,"The role involves a significant amount of physical, face-to-face interaction with customers for fitting and adjusting eyewear, which provides a natural barrier to automation. While AI can assist with administrative tasks, inventory management, and potentially optimizing lens measurements, the core requirement for physical presence and interpersonal service remains essential.",
3255 Physiotherapy technicians and assistants (Level 4),3,3255-physiotherapy-technicians-and-assistants-level-4,3255,37308,wages_statfin,,Upper secondary,None,Vocational training,9744,2023,4,Moderate prospects,extras_csv,3,"The role is primarily physical and requires direct, hands-on interaction with patients to perform therapeutic exercises and treatments. While AI may assist with administrative tasks or scheduling, it cannot replace the manual skill, physical presence, and real-time human judgment required for patient care.",
3255. Physiotherapy technicians and assistants (Level 5),3,3255-physiotherapy-technicians-and-assistants-level-5,3255.,37308,wages_statfin,,Upper secondary,None,Vocational training,9744,2023,4,Moderate prospects,extras_csv,3,"The role is primarily physical and requires direct, hands-on interaction with patients to perform therapeutic exercises and treatments. While AI may assist with administrative tasks or scheduling, it cannot replace the manual skill, physical presence, and real-time human judgment required for patient care.",
3257 Environmental and occupational health inspectors and associates (Level 4),3,3257-environmental-and-occupational-health-inspectors-and-associates-level-4,3257,49800,wages_statfin,,Upper secondary,None,Vocational training,1744,2023,4,Moderate prospects,extras_csv,5,"This role involves a mix of physical site inspections and knowledge-based reporting, requiring human judgment and on-site presence that AI cannot currently replicate. While AI can significantly streamline the documentation, data analysis, and regulatory compliance aspects of the job, the core requirement for physical verification and interpersonal enforcement remains a barrier to full automation.",
3257. Environmental and occupational health inspectors and associates (Level 5),3,3257-environmental-and-occupational-health-inspectors-and-associates-level-5,3257.,49800,wages_statfin,,Upper secondary,None,Vocational training,1744,2023,4,Moderate prospects,extras_csv,5,"This role involves a mix of physical site inspections and knowledge-based reporting, requiring human judgment and on-site presence that AI cannot currently replicate. While AI can significantly streamline the documentation, data analysis, and regulatory compliance aspects of the job, the core requirement for physical verification and interpersonal enforcement remains a barrier to full automation.",
3258 Ambulance workers (Level 4),3,3258-ambulance-workers-level-4,3258,49140,wages_statfin,,Upper secondary,None,Vocational training,3558,2023,4,Moderate prospects,extras_csv,2,"Ambulance work is primarily physical, requiring real-time human intervention, manual skills, and complex decision-making in unpredictable, high-stakes physical environments. While AI may assist with administrative tasks or diagnostic support, it cannot replace the core requirement of physical presence and patient care.",
3258. Ambulance workers (Level 5),3,3258-ambulance-workers-level-5,3258.,49140,wages_statfin,,Upper secondary,None,Vocational training,3558,2023,4,Moderate prospects,extras_csv,2,"Ambulance work is primarily physical, requiring real-time human intervention, manual skills, and complex decision-making in unpredictable, high-stakes physical environments. While AI may assist with administrative tasks or diagnostic support, it cannot replace the core requirement of physical presence and patient care.",
3259 Health associate professionals not elsewhere classified (Level 4),3,3259-health-associate-professionals-not-elsewhere-classified-level-4,3259,37704,wages_statfin,,Upper secondary,None,Vocational training,2889,2023,4,Moderate prospects,extras_csv,4,"This role involves a mix of administrative health tasks and direct patient interaction, which limits the potential for full automation. While AI can assist with documentation, scheduling, and data processing, the core requirement for physical presence and human judgment in a healthcare setting remains a significant barrier.",
3259. (Not more specifically classified) Health associate professionals not elsewhere classified (Level 5),3,3259-not-more-specifically-classified-health-associate-professionals-not-elsewhere-classified-level-5,3259.,37704,wages_statfin,,Upper secondary,None,Vocational training,67,2023,4,Moderate prospects,extras_csv,4,"This category covers a diverse range of health support roles that typically require physical presence, patient interaction, and manual tasks. While AI can assist with administrative documentation and data processing, the core of the work relies on human-centric care and physical intervention that remains resistant to automation.",
32591 Occupational therapists (Level 5),3,32591-occupational-therapists-level-5,32591,37512,wages_statfin,,Upper secondary,None,Vocational training,2460,2023,4,Moderate prospects,extras_csv,4,"Occupational therapy requires significant physical interaction, manual dexterity, and real-time human empathy to assess and treat patients. While AI can assist with administrative tasks, documentation, and suggesting treatment plans, the core of the work relies on physical presence and personalized human care that cannot be automated.",
32592 Other therapists (Level 5),3,32592-other-therapists-level-5,32592,43296,wages_statfin,,Upper secondary,None,Vocational training,362,2023,4,Moderate prospects,extras_csv,3,"This role involves specialized, hands-on therapeutic interventions that require physical presence and nuanced human interaction. While AI may assist with administrative tasks or documentation, the core of the work relies on direct, real-time physical and emotional engagement with patients, which is highly resistant to automation.",
33 Business and administration associate professionals (Level 2),3,33-business-and-administration-associate-professionals-level-2,33,46236,wages_statfin,,,,,153893,2023,,,,8,"This occupation consists primarily of digital knowledge work, including administrative support, data processing, and business coordination tasks that are highly susceptible to automation. AI tools are already capable of handling significant portions of these workflows, leading to a high likelihood of major restructuring in how these roles are performed.",
331 Financial and mathematical associate professionals (Level 3),3,331-financial-and-mathematical-associate-professionals-level-3,331,43920,wages_statfin,,,,,26438,2023,,,,8,"This occupation involves highly structured, digital tasks such as data analysis, financial reporting, and mathematical modeling, which are primary targets for AI automation. Because the work is almost entirely computer-based and relies on processing information, AI tools can already perform or significantly accelerate the majority of core functions.",
3311 Securities and finance dealers and brokers (Level 4),3,3311-securities-and-finance-dealers-and-brokers-level-4,3311,64608,wages_statfin,,Upper secondary,None,Vocational training,1065,2023,5,Moderate prospects,extras_csv,8,"This role is almost entirely digital, involving the analysis of financial data, market trends, and the execution of trades via computer systems. Because these core tasks are highly susceptible to automation through algorithmic trading and AI-driven predictive analytics, the occupation faces significant restructuring.",
3311. Securities and finance dealers and brokers (Level 5),3,3311-securities-and-finance-dealers-and-brokers-level-5,3311.,64608,wages_statfin,,Upper secondary,None,Vocational training,1065,2023,5,Moderate prospects,extras_csv,8,"This role is almost entirely digital, involving the analysis of financial data, market trends, and the execution of trades via computer systems. Because these core tasks are highly susceptible to automation through algorithmic trading and AI-driven predictive analytics, the occupation faces significant restructuring.",
3312 Credit and loans officers (Level 4),3,3312-credit-and-loans-officers-level-4,3312,57000,wages_statfin,,Upper secondary,None,Vocational training,3715,2023,5,Moderate prospects,extras_csv,8,"Credit and loan officers perform predominantly digital, information-heavy work involving data analysis, risk assessment, and report generation, all of which are core domains for AI advancement. While human judgment is required for final approvals and client relationships, the analytical and documentation aspects of the role are highly susceptible to automation and AI-driven productivity gains.",
3312. Credit and loans officers (Level 5),3,3312-credit-and-loans-officers-level-5,3312.,57000,wages_statfin,,Upper secondary,None,Vocational training,3715,2023,5,Moderate prospects,extras_csv,8,"Credit and loan officers perform predominantly digital, information-heavy work involving data analysis, risk assessment, and report generation, all of which are core domains for AI advancement. While human judgment is required for final approvals and client relationships, the analytical and documentation aspects of the role are highly susceptible to automation and AI-driven productivity gains.",
3313 Accounting associate professionals (Level 4),3,3313-accounting-associate-professionals-level-4,3313,41640,wages_statfin,,Upper secondary,None,Vocational training,20891,2023,4,Below average,extras_csv,8,"Accounting associate professional tasks are primarily digital, involving data entry, reconciliation, and financial reporting, which are highly susceptible to automation by AI and specialized accounting software. Because the core work is performed entirely on a computer with structured data, AI tools can already handle a significant portion of these routine analytical and administrative functions.",
3313. Accounting associate professionals (Level 5),3,3313-accounting-associate-professionals-level-5,3313.,41640,wages_statfin,,Upper secondary,None,Vocational training,20891,2023,4,Below average,extras_csv,8,"Accounting associate professional tasks are primarily digital, involving data entry, reconciliation, and financial reporting, which are highly susceptible to automation by AI and specialized accounting software. Because the core work is performed entirely on a computer with structured data, AI tools can already handle a significant portion of these routine analytical and administrative functions.",
"3314 Statistical, mathematical and related associate professionals (Level 4)",3,3314-statistical-mathematical-and-related-associate-professionals-level-4,3314,29664,wages_statfin,,Upper secondary,None,Vocational training,356,2023,4,Below average,extras_csv,8,"This role involves data processing, statistical analysis, and reporting, all of which are core domains where AI excels. Because the work is almost entirely digital and relies on structured information, AI tools can automate significant portions of the data manipulation and analytical tasks.",
"3314. Statistical, mathematical and related associate professionals (Level 5)",3,3314-statistical-mathematical-and-related-associate-professionals-level-5,3314.,29664,wages_statfin,,Upper secondary,None,Vocational training,356,2023,4,Below average,extras_csv,8,"This role involves data processing, statistical analysis, and reporting, all of which are core domains where AI excels. Because the work is almost entirely digital and relies on structured information, AI tools can automate significant portions of the data manipulation and analytical tasks.",
3315 Valuers and loss assessors (Level 4),3,3315-valuers-and-loss-assessors-level-4,3315,56004,wages_statfin,,Upper secondary,None,Vocational training,411,2023,4,Below average,extras_csv,7,"Valuers and loss assessors perform knowledge-intensive work involving data analysis, report writing, and regulatory compliance, all of which are highly susceptible to AI automation. While site visits require physical presence, the core analytical tasks of assessing risk and calculating values are increasingly being handled by AI-driven predictive models and automated documentation tools.",
3315. Valuers and loss assessors (Level 5),3,3315-valuers-and-loss-assessors-level-5,3315.,56004,wages_statfin,,Upper secondary,None,Vocational training,411,2023,4,Below average,extras_csv,7,"Valuers and loss assessors perform knowledge-intensive work involving data analysis, report writing, and regulatory compliance, all of which are highly susceptible to AI automation. While site visits require physical presence, the core analytical tasks of assessing risk and calculating values are increasingly being handled by AI-driven predictive models and automated documentation tools.",
332 Sales and purchasing agents and brokers (Level 3),3,332-sales-and-purchasing-agents-and-brokers-level-3,332,54180,wages_statfin,,,,,56022,2023,,,,7,"This role involves significant digital information processing, communication, and data analysis, all of which are core domains for AI advancement. While human negotiation and relationship management remain important, AI tools are increasingly capable of automating lead generation, market analysis, and routine procurement tasks, leading to high potential for restructuring.",
3321 Insurance representatives (Level 4),3,3321-insurance-representatives-level-4,3321,53424,wages_statfin,,Upper secondary,None,Vocational training,4806,2023,5,Moderate prospects,extras_csv,7,"Insurance representation is a knowledge-based role involving data analysis, communication, and document processing, all of which are highly susceptible to AI automation. While the job requires human relationship management and trust, AI tools are rapidly taking over the core tasks of risk assessment, policy generation, and customer inquiry handling.",
3321. Insurance representatives (Level 5),3,3321-insurance-representatives-level-5,3321.,53424,wages_statfin,,Upper secondary,None,Vocational training,4806,2023,5,Moderate prospects,extras_csv,7,"Insurance representation is a knowledge-based role involving data analysis, communication, and document processing, all of which are highly susceptible to AI automation. While the job requires human relationship management and trust, AI tools are rapidly taking over the core tasks of risk assessment, policy generation, and customer inquiry handling.",
3322 Commercial sales representatives (Level 4),3,3322-commercial-sales-representatives-level-4,3322,55200,wages_statfin,,Upper secondary,None,Vocational training,40583,2023,4,Below average,extras_csv,7,"Commercial sales representatives perform significant knowledge work involving communication, data analysis, and CRM management, all of which are highly susceptible to AI-driven automation and augmentation. While the role requires human relationship building and negotiation, AI tools are increasingly capable of handling lead generation, personalized outreach, and administrative tasks, fundamentally reshaping the profession.",
3322. Commercial sales representatives (Level 5),3,3322-commercial-sales-representatives-level-5,3322.,55200,wages_statfin,,Upper secondary,None,Vocational training,40583,2023,4,Below average,extras_csv,7,"Commercial sales representatives perform significant knowledge work involving communication, data analysis, and CRM management, all of which are highly susceptible to AI-driven automation and augmentation. While the role requires human relationship building and negotiation, AI tools are increasingly capable of handling lead generation, personalized outreach, and administrative tasks, fundamentally reshaping the profession.",
3323 Buyers (Level 4),3,3323-buyers-level-4,3323,50676,wages_statfin,,Upper secondary,None,Vocational training,8578,2023,4,Below average,extras_csv,7,"Buyers perform predominantly digital knowledge work involving data analysis, contract management, and communication, all of which are highly susceptible to AI-driven automation. While the role requires human negotiation and relationship management, AI tools are increasingly capable of optimizing supply chains, predicting demand, and automating procurement workflows.",
3323. Buyers (Level 5),3,3323-buyers-level-5,3323.,50676,wages_statfin,,Upper secondary,None,Vocational training,8578,2023,4,Below average,extras_csv,7,"Buyers perform predominantly digital knowledge work involving data analysis, contract management, and communication, all of which are highly susceptible to AI-driven automation. While the role requires human negotiation and relationship management, AI tools are increasingly capable of optimizing supply chains, predicting demand, and automating procurement workflows.",
3324 Trade brokers (Level 4),3,3324-trade-brokers-level-4,3324,49320,wages_statfin,,Upper secondary,None,Vocational training,2055,2023,3,Stable,extras_csv,8,"Trade brokers perform work that is primarily digital, involving data analysis, market monitoring, and communication via computer systems. Because these tasks rely heavily on information processing and pattern recognition, AI tools are highly capable of automating or significantly augmenting the core functions of the role.",
3324. Trade brokers (Level 5),3,3324-trade-brokers-level-5,3324.,49320,wages_statfin,,Upper secondary,None,Vocational training,2055,2023,3,Stable,extras_csv,8,"Trade brokers perform work that is primarily digital, involving data analysis, market monitoring, and communication via computer systems. Because these tasks rely heavily on information processing and pattern recognition, AI tools are highly capable of automating or significantly augmenting the core functions of the role.",
333 Business services agents (Level 3),3,333-business-services-agents-level-3,333,43224,wages_statfin,,,,,27772,2023,,,,8,"Business services agents primarily perform digital, information-based tasks such as processing transactions, managing client communications, and administrative coordination. Since these core functions are highly susceptible to automation through AI-driven workflow tools and natural language processing, the occupation faces significant restructuring.",
3331 Clearing and forwarding agents (Level 4),3,3331-clearing-and-forwarding-agents-level-4,3331,44976,wages_statfin,,Upper secondary,None,Vocational training,1897,2023,4,Below average,extras_csv,8,"The work of clearing and forwarding agents is primarily digital, involving documentation, data entry, and communication within logistics software systems. These tasks are highly susceptible to automation through AI-driven document processing, predictive logistics, and automated regulatory compliance tools, leading to significant restructuring of the role.",
3331. Clearing and forwarding agents (Level 5),3,3331-clearing-and-forwarding-agents-level-5,3331.,44976,wages_statfin,,Upper secondary,None,Vocational training,1897,2023,4,Below average,extras_csv,8,"The work of clearing and forwarding agents is primarily digital, involving documentation, data entry, and communication within logistics software systems. These tasks are highly susceptible to automation through AI-driven document processing, predictive logistics, and automated regulatory compliance tools, leading to significant restructuring of the role.",
3332 Conference and event planners (Level 4),3,3332-conference-and-event-planners-level-4,3332,41400,wages_statfin,,Upper secondary,None,Vocational training,623,2023,4,Below average,extras_csv,6,"Conference and event planning involves significant digital coordination, scheduling, and communication, which are highly susceptible to AI-driven automation and optimization. While the role requires human judgment for negotiation and on-site management, the administrative and logistical planning components are increasingly being handled by AI tools.",
3332. Conference and event planners (Level 5),3,3332-conference-and-event-planners-level-5,3332.,41400,wages_statfin,,Upper secondary,None,Vocational training,623,2023,4,Below average,extras_csv,6,"Conference and event planning involves significant digital coordination, scheduling, and communication, which are highly susceptible to AI-driven automation and optimization. While the role requires human judgment for negotiation and on-site management, the administrative and logistical planning components are increasingly being handled by AI tools.",
3333 Employment agents and contractors (Level 4),3,3333-employment-agents-and-contractors-level-4,3333,39384,wages_statfin,,Upper secondary,None,Vocational training,6710,2023,4,Below average,extras_csv,7,"This role is primarily digital, involving information processing, database management, and communication, all of which are highly susceptible to AI automation. While human judgment in matching candidates is valuable, AI tools are rapidly improving at screening, scheduling, and administrative tasks, leading to significant restructuring of the occupation.",
3333. Employment agents and contractors (Level 5),3,3333-employment-agents-and-contractors-level-5,3333.,39384,wages_statfin,,Upper secondary,None,Vocational training,6710,2023,4,Below average,extras_csv,7,"This role is primarily digital, involving information processing, database management, and communication, all of which are highly susceptible to AI automation. While human judgment in matching candidates is valuable, AI tools are rapidly improving at screening, scheduling, and administrative tasks, leading to significant restructuring of the occupation.",
3334 Real estate agents and property managers (Level 4),3,3334-real-estate-agents-and-property-managers-level-4,3334,48744,wages_statfin,,Upper secondary,None,Vocational training,11250,2023,3,Stable,extras_csv,6,"Real estate agents and property managers perform a mix of digital knowledge work, such as documentation and market analysis, and interpersonal work involving physical site visits and client negotiations. While AI can automate administrative tasks and property listing generation, the core of the role relies on human trust, physical presence, and complex relationship management.",
3334. (Not more specifically classified) Real estate agents and property managers (Level 5),3,3334-not-more-specifically-classified-real-estate-agents-and-property-managers-level-5,3334.,48744,wages_statfin,,Upper secondary,None,Vocational training,1753,2023,3,Stable,extras_csv,6,"Real estate agents and property managers perform a mix of digital knowledge work, such as documentation and market analysis, and interpersonal work involving physical site visits and client negotiations. While AI can automate administrative tasks and property listing generation, the core of the role relies on human trust, physical presence, and complex relationship management.",
33341 Estate agents (Level 5),3,33341-estate-agents-level-5,33341,48744,wages_statfin,,Upper secondary,None,Vocational training,4651,2023,4,Moderate prospects,extras_csv,6,"Real estate agents and property managers perform a mix of digital knowledge work, such as documentation and market analysis, and interpersonal work involving physical site visits and client negotiations. While AI can automate administrative tasks and property listing generation, the core of the role relies on human trust, physical presence, and complex relationship management.",
33342 Property managers (Level 5),3,33342-property-managers-level-5,33342,48732,wages_statfin,,Upper secondary,None,Vocational training,4846,2023,4,Moderate prospects,extras_csv,6,"Real estate agents and property managers perform a mix of digital knowledge work, such as documentation and market analysis, and interpersonal work involving physical site visits and client negotiations. While AI can automate administrative tasks and property listing generation, the core of the role relies on human trust, physical presence, and complex relationship management.",
3339 Business services agents not elsewhere classified (Level 4),3,3339-business-services-agents-not-elsewhere-classified-level-4,3339,51276,wages_statfin,,Upper secondary,None,Vocational training,7292,2023,4,Below average,extras_csv,8,"This occupation involves administrative and business support tasks that are primarily digital and information-based, making them highly susceptible to automation via AI. As these roles rely heavily on processing, organizing, and communicating business data, AI tools can significantly streamline or replace core functions.",
3339. Business services agents not elsewhere classified (Level 5),3,3339-business-services-agents-not-elsewhere-classified-level-5,3339.,51276,wages_statfin,,Upper secondary,None,Vocational training,7292,2023,4,Below average,extras_csv,8,"This occupation involves administrative and business support tasks that are primarily digital and information-based, making them highly susceptible to automation via AI. As these roles rely heavily on processing, organizing, and communicating business data, AI tools can significantly streamline or replace core functions.",
334 Administrative and specialised secretaries (Level 3),3,334-administrative-and-specialised-secretaries-level-3,334,38712,wages_statfin,,,,,23641,2023,,,,8,"Administrative and specialized secretarial work is almost entirely digital, involving tasks like scheduling, document preparation, data management, and communication. These core functions are highly susceptible to automation via LLMs and intelligent office software, leading to significant restructuring of the role.",
3341 Office supervisors (Level 4),3,3341-office-supervisors-level-4,3341,50244,wages_statfin,,Upper secondary,None,Vocational training,4829,2023,4,Below average,extras_csv,7,"Office supervisors perform predominantly digital knowledge work, including scheduling, workflow coordination, and administrative oversight, all of which are highly susceptible to AI-driven automation. While the role requires human judgment and team management, AI tools are rapidly assuming the core information-processing and organizational tasks that define this occupation.",
3341. Office supervisors (Level 5),3,3341-office-supervisors-level-5,3341.,50244,wages_statfin,,Upper secondary,None,Vocational training,4829,2023,4,Below average,extras_csv,7,"Office supervisors perform predominantly digital knowledge work, including scheduling, workflow coordination, and administrative oversight, all of which are highly susceptible to AI-driven automation. While the role requires human judgment and team management, AI tools are rapidly assuming the core information-processing and organizational tasks that define this occupation.",
3342 Legal secretaries (Level 4),3,3342-legal-secretaries-level-4,3342,36420,wages_statfin,,Upper secondary,None,Vocational training,1661,2023,4,Below average,extras_csv,9,"Legal secretarial work is almost entirely digital, involving document preparation, scheduling, and information management, all of which are core domains for AI automation. Large language models and legal-tech tools are rapidly replacing the manual drafting and administrative tasks that define this role, leading to significant structural changes.",
3342. Legal secretaries (Level 5),3,3342-legal-secretaries-level-5,3342.,36420,wages_statfin,,Upper secondary,None,Vocational training,1661,2023,4,Below average,extras_csv,9,"Legal secretarial work is almost entirely digital, involving document preparation, scheduling, and information management, all of which are core domains for AI automation. Large language models and legal-tech tools are rapidly replacing the manual drafting and administrative tasks that define this role, leading to significant structural changes.",
3343 Administrative and executive secretaries (Level 4),3,3343-administrative-and-executive-secretaries-level-4,3343,40896,wages_statfin,,Upper secondary,None,Vocational training,9997,2023,3,Stable,extras_csv,8,"Administrative and executive secretarial work is almost entirely digital, involving tasks like scheduling, correspondence, document preparation, and data management. These core functions are highly susceptible to automation by LLMs and intelligent office assistants, leading to significant restructuring of the role.",
3343. Administrative and executive secretaries (Level 5),3,3343-administrative-and-executive-secretaries-level-5,3343.,40896,wages_statfin,,Upper secondary,None,Vocational training,9997,2023,3,Stable,extras_csv,8,"Administrative and executive secretarial work is almost entirely digital, involving tasks like scheduling, correspondence, document preparation, and data management. These core functions are highly susceptible to automation by LLMs and intelligent office assistants, leading to significant restructuring of the role.",
3344 Medical secretaries (Level 4),3,3344-medical-secretaries-level-4,3344,33348,wages_statfin,,Upper secondary,None,Vocational training,7154,2023,3,Stable,extras_csv,8,"Medical secretaries perform predominantly digital tasks such as scheduling, transcribing medical notes, and managing patient records, all of which are highly susceptible to automation via LLMs and speech-to-text AI. While the role requires some human coordination, the core information-processing functions are increasingly being handled by specialized healthcare software and AI agents.",
3344. Medical secretaries (Level 5),3,3344-medical-secretaries-level-5,3344.,33348,wages_statfin,,Upper secondary,None,Vocational training,7154,2023,3,Stable,extras_csv,8,"Medical secretaries perform predominantly digital tasks such as scheduling, transcribing medical notes, and managing patient records, all of which are highly susceptible to automation via LLMs and speech-to-text AI. While the role requires some human coordination, the core information-processing functions are increasingly being handled by specialized healthcare software and AI agents.",
335 Regulatory government associate professionals (Level 3),3,335-regulatory-government-associate-professionals-level-3,335,43212,wages_statfin,,,,,20020,2023,,,,8,"This role involves significant information processing, document review, and regulatory compliance tasks that are primarily digital in nature. Because these tasks rely heavily on analyzing text, interpreting complex rules, and drafting reports, they are highly susceptible to automation and augmentation by large language models.",
3351 Customs and border inspectors (Level 4),3,3351-customs-and-border-inspectors-level-4,3351,46536,wages_statfin,,Upper secondary,None,Vocational training,3859,2023,3,Stable,extras_csv,4,"Customs and border inspection involves significant physical presence and real-time human interaction, which limits AI automation. However, the role is increasingly reliant on digital data analysis, risk assessment, and document verification, where AI tools can significantly augment efficiency and decision-making.",
3351. Customs and border inspectors (Level 5),3,3351-customs-and-border-inspectors-level-5,3351.,46536,wages_statfin,,Upper secondary,None,Vocational training,3859,2023,3,Stable,extras_csv,4,"Customs and border inspection involves significant physical presence and real-time human interaction, which limits AI automation. However, the role is increasingly reliant on digital data analysis, risk assessment, and document verification, where AI tools can significantly augment efficiency and decision-making.",
3352 Government tax and excise officials (Level 4),3,3352-government-tax-and-excise-officials-level-4,3352,,,,Upper secondary,None,Vocational training,2906,2023,3,Stable,extras_csv,7,"The work of tax and excise officials is primarily digital, involving the processing of structured data, regulatory compliance, and information analysis. While human judgment is required for complex audits and enforcement, AI is highly capable of automating routine verification, risk assessment, and document processing, leading to significant restructuring of the role.",
3352. Government tax and excise officials (Level 5),3,3352-government-tax-and-excise-officials-level-5,3352.,,,,Upper secondary,None,Vocational training,2906,2023,3,Stable,extras_csv,7,"The work of tax and excise officials is primarily digital, involving the processing of structured data, regulatory compliance, and information analysis. While human judgment is required for complex audits and enforcement, AI is highly capable of automating routine verification, risk assessment, and document processing, leading to significant restructuring of the role.",
3353 Government social benefits officials (Level 4),3,3353-government-social-benefits-officials-level-4,3353,38472,wages_statfin,,Upper secondary,None,Vocational training,6763,2023,4,Below average,extras_csv,8,"The work of a social benefits official is primarily digital, involving the processing of applications, verification of eligibility, and database management. These tasks are highly susceptible to automation through AI-driven document analysis, rule-based decision support, and automated communication systems.",
3353. Government social benefits officials (Level 5),3,3353-government-social-benefits-officials-level-5,3353.,38472,wages_statfin,,Upper secondary,None,Vocational training,6763,2023,4,Below average,extras_csv,8,"The work of a social benefits official is primarily digital, involving the processing of applications, verification of eligibility, and database management. These tasks are highly susceptible to automation through AI-driven document analysis, rule-based decision support, and automated communication systems.",
3354 Government licensing officials (Level 4),3,3354-government-licensing-officials-level-4,3354,37476,wages_statfin,,Upper secondary,None,Vocational training,1286,2023,3,Stable,extras_csv,8,"Government licensing work is primarily digital, involving the processing of applications, verification of data, and adherence to standardized regulatory frameworks. These tasks are highly susceptible to automation through AI-driven document analysis, rule-based decision support, and automated workflow management.",
3354. Government licensing officials (Level 5),3,3354-government-licensing-officials-level-5,3354.,37476,wages_statfin,,Upper secondary,None,Vocational training,1286,2023,3,Stable,extras_csv,8,"Government licensing work is primarily digital, involving the processing of applications, verification of data, and adherence to standardized regulatory frameworks. These tasks are highly susceptible to automation through AI-driven document analysis, rule-based decision support, and automated workflow management.",
3355 Police inspectors and detectives (Level 4),3,3355-police-inspectors-and-detectives-level-4,3355,,,,Upper secondary,None,Vocational training,4938,2023,3,Stable,extras_csv,4,"Police inspectors and detectives perform a mix of analytical knowledge work and critical physical, on-site investigative tasks that require human judgment and legal accountability. While AI can assist in processing evidence, surveillance data, and report writing, the core requirements of physical presence, witness interaction, and ethical decision-making in unpredictable environments limit the scope for automation.",
3355. Police inspectors and detectives (Level 5),3,3355-police-inspectors-and-detectives-level-5,3355.,,,,Upper secondary,None,Vocational training,4938,2023,3,Stable,extras_csv,4,"Police inspectors and detectives perform a mix of analytical knowledge work and critical physical, on-site investigative tasks that require human judgment and legal accountability. While AI can assist in processing evidence, surveillance data, and report writing, the core requirements of physical presence, witness interaction, and ethical decision-making in unpredictable environments limit the scope for automation.",
3359 Regulatory government associate professionals not elsewhere classified (Level 4),3,3359-regulatory-government-associate-professionals-not-elsewhere-classified-level-4,3359,52224,wages_statfin,,Upper secondary,None,Vocational training,268,2023,4,Below average,extras_csv,7,"This role involves significant information processing, regulatory compliance, and administrative tasks that are highly susceptible to automation via AI. While the job requires human judgment for specific regulatory interpretations, the core work is digital and document-heavy, making it a prime candidate for AI-driven productivity gains.",
3359. Regulatory government associate professionals not elsewhere classified (Level 5),3,3359-regulatory-government-associate-professionals-not-elsewhere-classified-level-5,3359.,52224,wages_statfin,,Upper secondary,None,Vocational training,268,2023,4,Below average,extras_csv,7,"This role involves significant information processing, regulatory compliance, and administrative tasks that are highly susceptible to automation via AI. While the job requires human judgment for specific regulatory interpretations, the core work is digital and document-heavy, making it a prime candidate for AI-driven productivity gains.",
"34 Legal, social, cultural and related associate professionals (Level 2)",3,34-legal-social-cultural-and-related-associate-professionals-level-2,34,38868,wages_statfin,,,,,65599,2023,,,,7,"This category encompasses a broad range of knowledge-based roles that rely heavily on information processing, documentation, and communication. Since these tasks are increasingly susceptible to automation via large language models and digital workflow tools, the occupation faces high exposure to AI-driven restructuring.",
"341 Legal, social and religious associate professionals (Level 3)",3,341-legal-social-and-religious-associate-professionals-level-3,341,38976,wages_statfin,,,,,45870,2023,,,,7,"This occupation involves significant information processing, documentation, and communication tasks that are increasingly susceptible to AI-driven automation and assistance. While the role requires human judgment and interpersonal interaction, the core administrative and analytical components are highly digital and prime for AI integration.",
3411 Police inspectors and detectives (Level 4),3,3411-police-inspectors-and-detectives-level-4,3411,46656,wages_statfin,,Upper secondary,None,Vocational training,6795,2023,4,Below average,extras_csv,4,"Police inspectors and detectives perform a mix of analytical knowledge work and critical physical, on-site investigative tasks that require human judgment and legal accountability. While AI can assist in processing evidence, surveillance data, and report writing, the core requirements of physical presence, witness interaction, and ethical decision-making in unpredictable environments limit the scope for automation.",
34111 Legal and related business associate professionals (Level 5),3,34111-legal-and-related-business-associate-professionals-level-5,34111,43464,wages_statfin,,Upper secondary,None,Vocational training,2477,2023,4,Moderate prospects,extras_csv,7,"This role involves significant information processing, document drafting, and administrative support, all of which are highly susceptible to automation via Large Language Models. While the job requires human judgment and client interaction, the core tasks are increasingly digital and can be augmented or replaced by AI-driven legal tech tools.",
"34112 Agents, officials and other organisation associate professionals (Level 5)",3,34112-agents-officials-and-other-organisation-associate-professionals-level-5,34112,49968,wages_statfin,,Upper secondary,None,Vocational training,4032,2023,4,Moderate prospects,extras_csv,6,"This role involves significant administrative, organizational, and communication tasks that are increasingly being automated by AI-driven workflow and management software. While the job requires human judgment and interpersonal coordination, the core information-processing components are highly susceptible to AI-assisted productivity gains.",
"34113 Consumer advisers, etc. (Level 5)",3,34113-consumer-advisers-etc-level-5,34113,44424,wages_statfin,,Upper secondary,None,Vocational training,286,2023,4,Moderate prospects,extras_csv,7,"Consumer advising is primarily a digital and communication-based role involving information synthesis, research, and client interaction. Since these core tasks are increasingly automatable through AI-driven knowledge retrieval and natural language processing, the occupation faces high exposure to restructuring.",
3412 Social work associate professionals (Level 4),3,3412-social-work-associate-professionals-level-4,3412,38484,wages_statfin,,Upper secondary,None,Vocational training,33756,2023,3,Stable,extras_csv,4,"Social work associate professionals perform essential interpersonal and physical tasks that require human empathy, real-time judgment, and presence in complex social environments. While AI can assist with documentation, reporting, and administrative efficiency, the core of the role involves direct human interaction and case management that cannot be automated.",
3412. (Not more specifically classified) Social work associate professionals (Level 5),3,3412-not-more-specifically-classified-social-work-associate-professionals-level-5,3412.,38484,wages_statfin,,Upper secondary,None,Vocational training,0,2023,3,Stable,extras_csv,4,"Social work associate professionals perform a mix of administrative tasks and interpersonal, face-to-face support work that requires human empathy and physical presence. While AI can assist with documentation, reporting, and information processing, the core of the role involves complex human interaction and situational judgment that cannot be automated.",
34121 Social instructors (Level 5),3,34121-social-instructors-level-5,34121,39552,wages_statfin,,Upper secondary,None,Vocational training,25724,2023,4,Moderate prospects,extras_csv,4,"Social instructors rely heavily on interpersonal interaction, empathy, and physical presence to support clients, which are difficult for AI to replicate. While AI can assist with administrative tasks, documentation, and resource planning, the core of the role remains centered on human-to-human connection and real-time social support.",
34122 Youth leaders (not parishes) (Level 5),3,34122-youth-leaders-not-parishes-level-5,34122,34080,wages_statfin,,Upper secondary,None,Vocational training,3044,2023,4,Moderate prospects,extras_csv,4,"Youth work relies heavily on interpersonal relationships, mentorship, and physical presence, which are difficult for AI to replicate. While AI can assist with administrative tasks, planning, and resource gathering, the core value of the role is rooted in human connection and real-time social interaction.",
34123 Work and craft leaders (Level 5),3,34123-work-and-craft-leaders-level-5,34123,34572,wages_statfin,,Upper secondary,None,Vocational training,4988,2023,4,Moderate prospects,extras_csv,4,"This role involves supervising manual labor and coordinating physical workflows, which requires significant on-site presence and human judgment. While AI can assist with administrative tasks like scheduling and resource planning, the core of the job remains tied to physical environments and human management.",
3413 Religious associate professionals (Level 4),3,3413-religious-associate-professionals-level-4,3413,37380,wages_statfin,,Upper secondary,None,Vocational training,5319,2023,4,Moderate prospects,extras_csv,7,"This occupation involves significant information processing, documentation, and communication tasks that are increasingly susceptible to AI-driven automation and assistance. While the role requires human judgment and interpersonal interaction, the core administrative and analytical components are highly digital and prime for AI integration.",
3413. (Not more specifically classified) Religious associate professionals (Level 5),3,3413-not-more-specifically-classified-religious-associate-professionals-level-5,3413.,37380,wages_statfin,,Upper secondary,None,Vocational training,0,2023,4,Moderate prospects,extras_csv,4,"This role involves significant interpersonal interaction, community engagement, and physical presence, which are difficult for AI to replicate. While AI can assist with administrative tasks, sermon preparation, or research, the core of the profession relies on human empathy, spiritual guidance, and real-time social connection.",
34131 Deacons and deaconesses (Level 5),3,34131-deacons-and-deaconesses-level-5,34131,38928,wages_statfin,,Upper secondary,None,Vocational training,1190,2023,4,Moderate prospects,extras_csv,4,"The role involves significant interpersonal, emotional, and community-based work that requires a physical human presence and empathy, which AI cannot replicate. While AI can assist with administrative tasks, scheduling, or drafting communications, the core of the profession relies on human connection and pastoral care.",
34139 Other religious associate professionals (Level 5),3,34139-other-religious-associate-professionals-level-5,34139,35640,wages_statfin,,Upper secondary,None,Vocational training,4129,2023,4,Moderate prospects,extras_csv,3,"This role relies heavily on interpersonal interaction, community engagement, and physical presence, which are difficult for AI to replicate. While AI may assist with administrative tasks or drafting communications, the core of the profession requires human empathy, moral judgment, and real-time social connection.",
342 Sports and fitness workers (Level 3),3,342-sports-and-fitness-workers-level-3,342,35820,wages_statfin,,Upper secondary,None,Vocational training,11849,2023,4,Moderate prospects,extras_csv,2,"Sports and fitness workers primarily rely on physical presence, manual instruction, and real-time interpersonal interaction to coach or train individuals. While AI can assist with administrative tasks like scheduling or basic workout planning, it cannot replace the core requirement of physical guidance and human motivation.",
342.  (Not more specifically classified) Sports and fitness workers (Level 4),3,342-not-more-specifically-classified-sports-and-fitness-workers-level-4,342.,,,,Upper secondary,None,Vocational training,0,2023,4,Moderate prospects,extras_csv,2,"Sports and fitness workers primarily rely on physical presence, manual instruction, and real-time interpersonal interaction to coach or train individuals. While AI can assist with administrative tasks like scheduling or basic workout planning, it cannot replace the core requirement of physical guidance and human motivation.",
342.. (Not more specifically classified) Sports and fitness workers (Level 5),3,342-not-more-specifically-classified-sports-and-fitness-workers-level-5,342..,35820,wages_statfin,,Upper secondary,None,Vocational training,0,2023,4,Moderate prospects,extras_csv,2,"Sports and fitness workers primarily rely on physical presence, manual instruction, and real-time interpersonal interaction to coach or train individuals. While AI can assist with administrative tasks like scheduling or basic workout planning, it cannot replace the core requirement of physical guidance and human motivation.",
3421 Athletes and sports players (Level 4),3,3421-athletes-and-sports-players-level-4,3421,,,,Upper secondary,None,Vocational training,557,2023,3,Stable,extras_csv,1,"The core of this occupation is physical performance, athletic training, and competition, which cannot be replaced or significantly automated by AI. While AI may assist in performance analytics or training optimization, the fundamental work product remains entirely physical.",
3421. Athletes and sports players (Level 5),3,3421-athletes-and-sports-players-level-5,3421.,,,,Upper secondary,None,Vocational training,557,2023,3,Stable,extras_csv,1,"The core of this occupation is physical performance, athletic training, and competition, which cannot be replaced or significantly automated by AI. While AI may assist in performance analytics or training optimization, the fundamental work product remains entirely physical.",
"3422 Sports coaches, instructors and officials (Level 4)",3,3422-sports-coaches-instructors-and-officials-level-4,3422,36540,wages_statfin,,Upper secondary,None,Vocational training,3422,2023,4,Below average,extras_csv,3,"The core of this occupation relies on physical presence, real-time human interaction, and the ability to provide immediate, context-specific feedback in a sports environment. While AI can assist with administrative tasks, scheduling, or basic performance data analysis, it cannot replace the physical coaching, motivation, and interpersonal guidance required for the role.",
"3422. Sports coaches, instructors and officials (Level 5)",3,3422-sports-coaches-instructors-and-officials-level-5,3422.,36540,wages_statfin,,Upper secondary,None,Vocational training,3422,2023,4,Below average,extras_csv,3,"The core of this occupation relies on physical presence, real-time human interaction, and the ability to provide immediate, context-specific feedback in a sports environment. While AI can assist with administrative tasks, scheduling, or basic performance data analysis, it cannot replace the physical coaching, motivation, and interpersonal guidance required for the role.",
3423 Fitness and recreation instructors and program leaders (Level 4),3,3423-fitness-and-recreation-instructors-and-program-leaders-level-4,3423,34188,wages_statfin,,Upper secondary,None,Vocational training,7870,2023,3,Stable,extras_csv,2,"The core of this occupation involves physical instruction, real-time human interaction, and monitoring of physical safety, which are difficult for AI to replicate. AI may assist with administrative tasks like scheduling or basic program planning, but it cannot replace the essential physical presence and interpersonal guidance required for fitness instruction.",
3423. Fitness and recreation instructors and program leaders (Level 5),3,3423-fitness-and-recreation-instructors-and-program-leaders-level-5,3423.,34188,wages_statfin,,Upper secondary,None,Vocational training,7870,2023,3,Stable,extras_csv,2,"The core of this occupation involves physical instruction, real-time human interaction, and monitoring of physical safety, which are difficult for AI to replicate. AI may assist with administrative tasks like scheduling or basic program planning, but it cannot replace the essential physical presence and interpersonal guidance required for fitness instruction.",
"343 Artistic, cultural and culinary associate professionals (Level 3)",3,343-artistic-cultural-and-culinary-associate-professionals-level-3,343,40800,wages_statfin,,,,,7880,2023,,,,7,"This category encompasses diverse roles such as photographers, graphic designers, and culinary specialists, many of which involve significant digital content creation. While culinary and performance-based roles retain physical requirements, the core tasks of design, editing, and media production are highly susceptible to generative AI automation and augmentation.",
3431 Photographers (Level 4),3,3431-photographers-level-4,3431,47784,wages_statfin,,Upper secondary,None,Vocational training,2205,2023,3,Stable,extras_csv,7,"Photography is increasingly impacted by AI-driven image generation, automated editing, and sophisticated post-processing tools that handle tasks previously requiring manual expertise. While the physical act of capturing images in specific locations remains human-centric, the core value proposition of many commercial photography roles is being rapidly reshaped by digital synthesis and automation.",
3431. Photographers (Level 5),3,3431-photographers-level-5,3431.,47784,wages_statfin,,Upper secondary,None,Vocational training,2205,2023,3,Stable,extras_csv,7,"Photography is increasingly impacted by AI-driven image generation, automated editing, and sophisticated post-processing tools that handle tasks previously requiring manual expertise. While the physical act of capturing images in specific locations remains human-centric, the core value proposition of many commercial photography roles is being rapidly reshaped by digital synthesis and automation.",
3432 Interior designers and decorators (Level 4),3,3432-interior-designers-and-decorators-level-4,3432,36684,wages_statfin,,Upper secondary,None,Vocational training,1475,2023,4,Below average,extras_csv,7,"Interior design is increasingly reliant on digital tools for 3D modeling, rendering, and space planning, all of which are being rapidly automated by generative AI. While the role requires human aesthetic judgment and client interaction, the core technical tasks of drafting and visualization are highly susceptible to AI-driven efficiency gains.",
3432. Interior designers and decorators (Level 5),3,3432-interior-designers-and-decorators-level-5,3432.,36684,wages_statfin,,Upper secondary,None,Vocational training,1475,2023,4,Below average,extras_csv,7,"Interior design is increasingly reliant on digital tools for 3D modeling, rendering, and space planning, all of which are being rapidly automated by generative AI. While the role requires human aesthetic judgment and client interaction, the core technical tasks of drafting and visualization are highly susceptible to AI-driven efficiency gains.",
"3433 Gallery, museum and library technicians (Level 4)",3,3433-gallery-museum-and-library-technicians-level-4,3433,35160,wages_statfin,,Upper secondary,None,Vocational training,596,2023,2,Stable,extras_csv,6,"The role involves significant digital information management, cataloging, and research, which are tasks increasingly supported by AI-driven metadata generation and search tools. While physical tasks like collection handling and visitor interaction remain, the core administrative and archival functions are highly susceptible to automation and AI-assisted workflows.",
"3433. Gallery, museum and library technicians (Level 5)",3,3433-gallery-museum-and-library-technicians-level-5,3433.,35160,wages_statfin,,Upper secondary,None,Vocational training,596,2023,2,Stable,extras_csv,6,"The role involves significant digital information management, cataloging, and research, which are tasks increasingly supported by AI-driven metadata generation and search tools. While physical tasks like collection handling and visitor interaction remain, the core administrative and archival functions are highly susceptible to automation and AI-assisted workflows.",
3434 Chefs (Level 4),3,3434-chefs-level-4,3434,42240,wages_statfin,,Upper secondary,None,Vocational training,1921,2023,3,Stable,extras_csv,2,"The role of a chef is fundamentally rooted in physical labor, sensory judgment, and manual skill in a kitchen environment. While AI can assist with peripheral tasks like inventory management or recipe optimization, it cannot replace the core physical execution and real-time human interaction required for professional culinary work.",
3434. Chefs (Level 5),3,3434-chefs-level-5,3434.,42240,wages_statfin,,Upper secondary,None,Vocational training,1921,2023,3,Stable,extras_csv,2,"The role of a chef is fundamentally rooted in physical labor, sensory judgment, and manual skill in a kitchen environment. While AI can assist with peripheral tasks like inventory management or recipe optimization, it cannot replace the core physical execution and real-time human interaction required for professional culinary work.",
3435 Other artistic and cultural associate professionals (Level 4),3,3435-other-artistic-and-cultural-associate-professionals-level-4,3435,40512,wages_statfin,,Upper secondary,None,Vocational training,1683,2023,4,Moderate prospects,extras_csv,7,"This occupation involves creative and cultural tasks that are increasingly susceptible to generative AI tools capable of producing text, images, and design concepts. While human judgment and artistic intent remain important, the core work is largely digital and highly vulnerable to automation and augmentation.",
3435. (Not more specifically classified) Other artistic and cultural associate professionals (Level 5),3,3435-not-more-specifically-classified-other-artistic-and-cultural-associate-professionals-level-5,3435.,40512,wages_statfin,,Upper secondary,None,Vocational training,26,2023,4,Moderate prospects,extras_csv,7,"This occupation involves creative and cultural tasks that are increasingly susceptible to generative AI tools capable of producing text, images, and design concepts. While human judgment and artistic intent remain important, the core work is largely digital and highly vulnerable to automation and augmentation.",
34351 Producer's assistants and other stagecraft associate professionals (Level 5),3,34351-producer-s-assistants-and-other-stagecraft-associate-professionals-level-5,34351,40848,wages_statfin,,Upper secondary,None,Vocational training,1453,2023,4,Moderate prospects,extras_csv,5,"This role involves a mix of administrative, logistical, and coordination tasks that are increasingly supported by digital tools, but it also requires significant on-site physical presence and real-time human interaction in unpredictable production environments. While AI can streamline scheduling and documentation, the core of the job relies on human judgment and physical coordination that remains difficult to automate.",
34359 Other artistic and cultural associate professionals (Level 5),3,34359-other-artistic-and-cultural-associate-professionals-level-5,34359,39024,wages_statfin,,Upper secondary,None,Vocational training,204,2023,4,Moderate prospects,extras_csv,7,"This occupation involves creative and cultural tasks that are increasingly susceptible to generative AI tools capable of producing text, images, and design concepts. While human judgment and artistic intent remain important, the core work is largely digital and highly vulnerable to automation and augmentation.",
35 Information and communications technicians (Level 2),3,35-information-and-communications-technicians-level-2,35,48276,wages_statfin,,,,,21525,2023,,,,8,"This occupation involves core digital tasks such as network administration, technical support, and systems maintenance, which are highly susceptible to automation via AI-driven diagnostics and script-based management. As these roles are almost entirely computer-based, AI tools are rapidly transforming how these technicians troubleshoot, monitor, and secure information systems.",
351 Information and communications technology operations and user support technicians (Level 3),3,351-information-and-communications-technology-operations-and-user-support-technicians-level-3,351,47976,wages_statfin,,Upper secondary,None,Vocational training,17499,2023,4,Moderate prospects,extras_csv,8,"This role is almost entirely digital, focusing on system monitoring, troubleshooting, and user support, all of which are primary targets for AI automation and intelligent ticketing systems. As AI-driven diagnostics and self-healing infrastructure become standard, the core tasks of this occupation face significant restructuring and potential displacement.",
351.  (Not more specifically classified) Information and communications technology operations and user support technicians (Level 4),3,351-not-more-specifically-classified-information-and-communications-technology-operations-and-user-support-technicians-level-4,351.,,,,Upper secondary,None,Vocational training,0,2023,4,Moderate prospects,extras_csv,8,"This role is almost entirely digital, focusing on system monitoring, troubleshooting, and user support, all of which are primary targets for AI automation and intelligent ticketing systems. As AI-driven diagnostics and self-healing infrastructure become standard, the core tasks of this occupation face significant restructuring and potential displacement.",
351.. (Not more specifically classified) Information and communications technology operations and user support technicians (Level 5),3,351-not-more-specifically-classified-information-and-communications-technology-operations-and-user-support-technicians-level-5,351..,47976,wages_statfin,,Upper secondary,None,Vocational training,0,2023,4,Moderate prospects,extras_csv,8,"This role is almost entirely digital, focusing on system monitoring, troubleshooting, and user support, all of which are primary targets for AI automation and intelligent ticketing systems. As AI-driven diagnostics and self-healing infrastructure become standard, the core tasks of this occupation face significant restructuring and potential displacement.",
3511 Information and communications technology operations technicians (Level 4),3,3511-information-and-communications-technology-operations-technicians-level-4,3511,51180,wages_statfin,,Upper secondary,None,Vocational training,2469,2023,5,Moderate prospects,extras_csv,8,"This role is almost entirely digital, focusing on system monitoring, troubleshooting, and user support, all of which are primary targets for AI automation and intelligent ticketing systems. As AI-driven diagnostics and self-healing infrastructure become standard, the core tasks of this occupation face significant restructuring and potential displacement.",
3511. Information and communications technology operations technicians (Level 5),3,3511-information-and-communications-technology-operations-technicians-level-5,3511.,51180,wages_statfin,,Upper secondary,None,Vocational training,2469,2023,5,Moderate prospects,extras_csv,8,"This role is almost entirely digital, focusing on system monitoring, troubleshooting, and user support, all of which are primary targets for AI automation and intelligent ticketing systems. As AI-driven diagnostics and self-healing infrastructure become standard, the core tasks of this occupation face significant restructuring and potential displacement.",
3512 Information and communications technology user support technicians (Level 4),3,3512-information-and-communications-technology-user-support-technicians-level-4,3512,45588,wages_statfin,,Upper secondary,None,Vocational training,12155,2023,5,Moderate prospects,extras_csv,8,"This role is almost entirely digital, focusing on system monitoring, troubleshooting, and user support, all of which are primary targets for AI automation and intelligent ticketing systems. As AI-driven diagnostics and self-healing infrastructure become standard, the core tasks of this occupation face significant restructuring and potential displacement.",
3512. Information and communications technology user support technicians (Level 5),3,3512-information-and-communications-technology-user-support-technicians-level-5,3512.,45588,wages_statfin,,Upper secondary,None,Vocational training,12155,2023,5,Moderate prospects,extras_csv,8,"This role is almost entirely digital, focusing on system monitoring, troubleshooting, and user support, all of which are primary targets for AI automation and intelligent ticketing systems. As AI-driven diagnostics and self-healing infrastructure become standard, the core tasks of this occupation face significant restructuring and potential displacement.",
3513 Computer network and systems technicians (Level 4),3,3513-computer-network-and-systems-technicians-level-4,3513,54780,wages_statfin,,Upper secondary,None,Vocational training,1796,2023,4,Below average,extras_csv,8,"This role is almost entirely digital, involving the configuration, monitoring, and troubleshooting of network systems. AI tools are increasingly capable of automating routine network diagnostics, script generation, and predictive maintenance, which directly impacts the core tasks of this occupation.",
3513. Computer network and systems technicians (Level 5),3,3513-computer-network-and-systems-technicians-level-5,3513.,54780,wages_statfin,,Upper secondary,None,Vocational training,1796,2023,4,Below average,extras_csv,8,"This role is almost entirely digital, involving the configuration, monitoring, and troubleshooting of network systems. AI tools are increasingly capable of automating routine network diagnostics, script generation, and predictive maintenance, which directly impacts the core tasks of this occupation.",
3514 Web technicians (Level 4),3,3514-web-technicians-level-4,3514,51372,wages_statfin,,Upper secondary,None,Vocational training,1079,2023,4,Below average,extras_csv,9,"Web technicians perform tasks that are almost entirely digital, involving server maintenance, website troubleshooting, and code-based configuration. These activities are highly susceptible to automation through AI-driven diagnostic tools, automated deployment pipelines, and intelligent infrastructure management.",
3514. Web technicians (Level 5),3,3514-web-technicians-level-5,3514.,51372,wages_statfin,,Upper secondary,None,Vocational training,1079,2023,4,Below average,extras_csv,9,"Web technicians perform tasks that are almost entirely digital, involving server maintenance, website troubleshooting, and code-based configuration. These activities are highly susceptible to automation through AI-driven diagnostic tools, automated deployment pipelines, and intelligent infrastructure management.",
352 Telecommunications and broadcasting technicians (Level 3),3,352-telecommunications-and-broadcasting-technicians-level-3,352,51276,wages_statfin,,Upper secondary,None,Vocational training,4026,2023,4,Moderate prospects,extras_csv,5,"This role involves a mix of technical knowledge work and physical, on-site maintenance or installation of equipment. While AI can assist with diagnostic analysis and documentation, the requirement for physical presence and manual troubleshooting in the field creates a significant barrier to full automation.",
352.  (Not more specifically classified) Telecommunications and broadcasting technicians (Level 4),3,352-not-more-specifically-classified-telecommunications-and-broadcasting-technicians-level-4,352.,,,,Upper secondary,None,Vocational training,0,2023,4,Moderate prospects,extras_csv,5,"This role involves a mix of physical field work, such as installing and maintaining hardware, and digital diagnostic tasks. While AI can assist with remote monitoring and troubleshooting, the physical requirement for on-site repairs and infrastructure maintenance provides a significant buffer against full automation.",
352.. (Not more specifically classified) Telecommunications and broadcasting technicians (Level 5),3,352-not-more-specifically-classified-telecommunications-and-broadcasting-technicians-level-5,352..,51276,wages_statfin,,Upper secondary,None,Vocational training,0,2023,4,Moderate prospects,extras_csv,5,"This role involves a mix of physical field work, such as installing and maintaining hardware, and digital diagnostic tasks. While AI can assist with remote monitoring and troubleshooting, the physical requirement for on-site repairs and infrastructure maintenance provides a significant buffer against full automation.",
3521 Broadcasting and audio-visual technicians (Level 4),3,3521-broadcasting-and-audio-visual-technicians-level-4,3521,45048,wages_statfin,,Upper secondary,None,Vocational training,2299,2023,5,Moderate prospects,extras_csv,6,"Broadcasting and audio-visual technicians perform a mix of technical, hands-on equipment operation and digital post-production work. While the physical setup and real-time troubleshooting require human presence, the editing, signal processing, and content management aspects are increasingly being automated by AI-driven software tools.",
3521. Broadcasting and audio-visual technicians (Level 5),3,3521-broadcasting-and-audio-visual-technicians-level-5,3521.,45048,wages_statfin,,Upper secondary,None,Vocational training,2299,2023,5,Moderate prospects,extras_csv,6,"Broadcasting and audio-visual technicians perform a mix of technical, hands-on equipment operation and digital post-production work. While the physical setup and real-time troubleshooting require human presence, the editing, signal processing, and content management aspects are increasingly being automated by AI-driven software tools.",
3522 Telecommunications engineering technicians (Level 4),3,3522-telecommunications-engineering-technicians-level-4,3522,58248,wages_statfin,,Upper secondary,None,Vocational training,1727,2023,4,Below average,extras_csv,6,"This role involves a mix of technical knowledge work and physical field tasks, such as installing and maintaining telecommunications equipment. While AI can assist with diagnostic analysis, network monitoring, and documentation, the requirement for physical site visits and manual hardware intervention provides a significant buffer against full automation.",
3522. Telecommunications engineering technicians (Level 5),3,3522-telecommunications-engineering-technicians-level-5,3522.,58248,wages_statfin,,Upper secondary,None,Vocational training,1727,2023,4,Below average,extras_csv,6,"This role involves a mix of technical knowledge work and physical field tasks, such as installing and maintaining telecommunications equipment. While AI can assist with diagnostic analysis, network monitoring, and documentation, the requirement for physical site visits and manual hardware intervention provides a significant buffer against full automation.",
4  Clerical support workers (Level 1),4,4-clerical-support-workers-level-1,4,37152,wages_statfin,,,,,120433,2023,,,,9,"Clerical support work is almost entirely digital, involving routine information processing, data entry, and document management. These tasks are highly susceptible to automation by large language models and intelligent process automation, leading to significant restructuring of the role.",
41 General and keyboard clerks (Level 2),4,41-general-and-keyboard-clerks-level-2,41,37080,wages_statfin,,Upper secondary,None,None,32352,2023,2,Below average,extras_csv,9,"General and keyboard clerks perform tasks that are almost entirely digital, involving data entry, document processing, and routine administrative communication. These core functions are highly susceptible to automation by large language models and intelligent process automation tools, leading to significant restructuring of the role.",
41. (Not more specifically classified) General and keyboard clerks (Level 3),4,41-not-more-specifically-classified-general-and-keyboard-clerks-level-3,41.,,,,Upper secondary,None,None,0,2023,2,Below average,extras_csv,9,"General and keyboard clerks perform tasks that are almost entirely digital, involving data entry, document processing, and routine administrative communication. These core functions are highly susceptible to automation by large language models and intelligent process automation tools, leading to significant restructuring of the role.",
41..  (Not more specifically classified) General and keyboard clerks (Level 4),4,41-not-more-specifically-classified-general-and-keyboard-clerks-level-4,41..,,,,Upper secondary,None,None,0,2023,2,Below average,extras_csv,9,"General and keyboard clerks perform tasks that are almost entirely digital, involving data entry, document processing, and routine administrative communication. These core functions are highly susceptible to automation by large language models and intelligent process automation tools, leading to significant restructuring of the role.",
41... (Not more specifically classified) General and keyboard clerks (Level 5),4,41-not-more-specifically-classified-general-and-keyboard-clerks-level-5,41...,37080,wages_statfin,,Upper secondary,None,None,0,2023,2,Below average,extras_csv,9,"General and keyboard clerks perform tasks that are almost entirely digital, involving data entry, document processing, and routine administrative communication. These core functions are highly susceptible to automation by large language models and intelligent process automation tools, leading to significant restructuring of the role.",
411 General office clerks (Level 3),4,411-general-office-clerks-level-3,411,35688,wages_statfin,,,,,4342,2023,,,,9,"General office clerks perform tasks that are almost entirely digital, such as data entry, document processing, and administrative communication. These core functions are highly susceptible to automation by LLMs and robotic process automation, leading to significant restructuring of the role.",
4110 General office clerks (Level 4),4,4110-general-office-clerks-level-4,4110,35688,wages_statfin,,Upper secondary,None,None,4342,2023,2,Below average,extras_csv,9,"General office clerks perform tasks that are almost entirely digital, such as data entry, document processing, and administrative communication. These core functions are highly susceptible to automation by LLMs and robotic process automation, leading to significant restructuring of the role.",
4110. General office clerks (Level 5),4,4110-general-office-clerks-level-5,4110.,35688,wages_statfin,,Upper secondary,None,None,4342,2023,2,Below average,extras_csv,9,"General office clerks perform tasks that are almost entirely digital, such as data entry, document processing, and administrative communication. These core functions are highly susceptible to automation by LLMs and robotic process automation, leading to significant restructuring of the role.",
412 Secretaries (general) (Level 3),4,412-secretaries-general-level-3,412,37320,wages_statfin,,,,,27245,2023,,,,9,"Secretarial work is almost entirely digital, involving tasks like scheduling, document preparation, and communication that are primary targets for AI automation. Large language models and intelligent assistants can already perform most of these core administrative functions, leading to significant restructuring of the role.",
4120 Secretaries (general) (Level 4),4,4120-secretaries-general-level-4,4120,37320,wages_statfin,,Upper secondary,None,None,27245,2023,2,Stable,extras_csv,9,"Secretarial work is almost entirely digital, involving tasks like scheduling, document preparation, and communication that are primary targets for AI automation. Large language models and intelligent assistants can already perform most of these core administrative functions, leading to significant restructuring of the role.",
4120. Secretaries (general) (Level 5),4,4120-secretaries-general-level-5,4120.,37320,wages_statfin,,Upper secondary,None,None,27245,2023,2,Stable,extras_csv,9,"Secretarial work is almost entirely digital, involving tasks like scheduling, document preparation, and communication that are primary targets for AI automation. Large language models and intelligent assistants can already perform most of these core administrative functions, leading to significant restructuring of the role.",
413 Keyboard operators (Level 3),4,413-keyboard-operators-level-3,413,33348,wages_statfin,,,,,765,2023,,,,10,"Keyboard operators perform routine, fully digital information processing tasks that are highly susceptible to automation. Current AI and OCR technologies can already perform these data entry and transcription functions with high accuracy, leaving little room for human-only value.",
4131 Typists and word processing operators (Level 4),4,4131-typists-and-word-processing-operators-level-4,4131,33348,wages_statfin,,Upper secondary,None,None,611,2023,2,Stable,extras_csv,9,"This occupation is almost entirely digital and focused on routine information processing, which are the primary domains where AI excels. Modern large language models and speech-to-text technologies have already automated the core tasks of typing and word processing, leaving little room for human labor in this role.",
4131. Typists and word processing operators (Level 5),4,4131-typists-and-word-processing-operators-level-5,4131.,33348,wages_statfin,,Upper secondary,None,None,611,2023,2,Stable,extras_csv,9,"This occupation is almost entirely digital and focused on routine information processing, which are the primary domains where AI excels. Modern large language models and speech-to-text technologies have already automated the core tasks of typing and word processing, leaving little room for human labor in this role.",
4132 Data entry clerks (Level 4),4,4132-data-entry-clerks-level-4,4132,33660,wages_statfin,,Upper secondary,None,None,154,2023,1,Declining,extras_csv,10,"Data entry is a fully digital, routine information-processing task that is already being automated by OCR, intelligent document processing, and AI-driven data integration tools. The occupation has no physical component and relies entirely on tasks where AI currently demonstrates near-perfect proficiency.",
4132. Data entry clerks (Level 5),4,4132-data-entry-clerks-level-5,4132.,33660,wages_statfin,,Upper secondary,None,None,154,2023,1,Declining,extras_csv,10,"Data entry is a fully digital, routine information-processing task that is already being automated by OCR, intelligent document processing, and AI-driven data integration tools. The occupation has no physical component and relies entirely on tasks where AI currently demonstrates near-perfect proficiency.",
42 Customer services clerks (Level 2),4,42-customer-services-clerks-level-2,42,36144,wages_statfin,,,,,37047,2023,,,,9,"Customer service clerk tasks are primarily digital, involving information retrieval, communication, and data entry, all of which are core domains for current AI and LLM capabilities. The role is highly susceptible to automation through chatbots, automated ticketing systems, and AI-driven customer support platforms, leading to significant restructuring of the occupation.",
"421 Tellers, money collectors and related clerks (Level 3)",4,421-tellers-money-collectors-and-related-clerks-level-3,421,39120,wages_statfin,,,,,11412,2023,,,,9,"This occupation involves routine, rule-based information processing and financial transactions that are increasingly digitized and automated through banking software and self-service kiosks. As physical cash handling declines and AI-driven systems manage verification and reconciliation, the core tasks of this role face significant displacement.",
4211 Bank tellers and related clerks (Level 4),4,4211-bank-tellers-and-related-clerks-level-4,4211,39876,wages_statfin,,Upper secondary,None,None,9374,2023,2,Stable,extras_csv,9,"The core tasks of bank tellers, such as processing transactions, data entry, and account management, are increasingly digitized and automated through self-service banking and AI-driven systems. As physical branch interactions decline, the role is shifting toward purely digital information processing, making it highly susceptible to full automation.",
4211. Bank tellers and related clerks (Level 5),4,4211-bank-tellers-and-related-clerks-level-5,4211.,39876,wages_statfin,,Upper secondary,None,None,9374,2023,2,Stable,extras_csv,9,"The core tasks of bank tellers, such as processing transactions, data entry, and account management, are increasingly digitized and automated through self-service banking and AI-driven systems. As physical branch interactions decline, the role is shifting toward purely digital information processing, making it highly susceptible to full automation.",
"4212 Bookmakers, croupiers and related gaming workers (Level 4)",4,4212-bookmakers-croupiers-and-related-gaming-workers-level-4,4212,41184,wages_statfin,,Upper secondary,None,None,422,2023,2,Stable,extras_csv,7,"The core tasks of this role, such as calculating odds, managing transactions, and monitoring gaming activities, are increasingly being digitized and automated by algorithmic systems. While the physical presence of a croupier remains relevant in traditional casinos, the industry is rapidly shifting toward digital platforms where AI can perform these functions with higher efficiency and lower costs.",
"4212. Bookmakers, croupiers and related gaming workers (Level 5)",4,4212-bookmakers-croupiers-and-related-gaming-workers-level-5,4212.,41184,wages_statfin,,Upper secondary,None,None,422,2023,2,Stable,extras_csv,7,"The core tasks of this role, such as calculating odds, managing transactions, and monitoring gaming activities, are increasingly being digitized and automated by algorithmic systems. While the physical presence of a croupier remains relevant in traditional casinos, the industry is rapidly shifting toward digital platforms where AI can perform these functions with higher efficiency and lower costs.",
4213 Pawnbrokers and money-lenders (Level 4),4,4213-pawnbrokers-and-money-lenders-level-4,4213,37320,wages_statfin,,Upper secondary,None,None,133,2023,1,Declining,extras_csv,6,"The role involves significant information processing, financial assessment, and digital record-keeping, which are highly susceptible to AI-driven automation and algorithmic risk assessment. While the job requires physical presence for item appraisal and customer interaction, the core administrative and lending decision-making tasks are increasingly being digitized and automated.",
4213. Pawnbrokers and money-lenders (Level 5),4,4213-pawnbrokers-and-money-lenders-level-5,4213.,37320,wages_statfin,,Upper secondary,None,None,133,2023,1,Declining,extras_csv,6,"The role involves significant information processing, financial assessment, and digital record-keeping, which are highly susceptible to AI-driven automation and algorithmic risk assessment. While the job requires physical presence for item appraisal and customer interaction, the core administrative and lending decision-making tasks are increasingly being digitized and automated.",
4214 Debt-collectors and related workers (Level 4),4,4214-debt-collectors-and-related-workers-level-4,4214,35820,wages_statfin,,Upper secondary,None,None,1483,2023,2,Stable,extras_csv,8,"The work is almost entirely digital, involving data processing, communication, and administrative tasks that are highly susceptible to automation. AI tools can already handle routine debt collection correspondence, payment scheduling, and automated negotiation, significantly restructuring the role.",
4214. Debt-collectors and related workers (Level 5),4,4214-debt-collectors-and-related-workers-level-5,4214.,35820,wages_statfin,,Upper secondary,None,None,1483,2023,2,Stable,extras_csv,8,"The work is almost entirely digital, involving data processing, communication, and administrative tasks that are highly susceptible to automation. AI tools can already handle routine debt collection correspondence, payment scheduling, and automated negotiation, significantly restructuring the role.",
422 Client information workers (Level 3),4,422-client-information-workers-level-3,422,34920,wages_statfin,,,,,25635,2023,,,,9,"Client information work is almost entirely digital, involving routine communication, data retrieval, and inquiry management. These tasks are highly susceptible to automation via advanced natural language processing and AI-driven customer service agents, leading to significant restructuring of the role.",
4221 Travel consultants and clerks (Level 4),4,4221-travel-consultants-and-clerks-level-4,4221,40296,wages_statfin,,Upper secondary,None,None,1371,2023,2,Stable,extras_csv,8,"Travel consulting is a predominantly digital role involving information retrieval, itinerary planning, and booking, all of which are core strengths of current AI models. As consumers increasingly shift toward self-service AI platforms for travel planning, the traditional role of a travel clerk faces significant restructuring and automation pressure.",
4221. Travel consultants and clerks (Level 5),4,4221-travel-consultants-and-clerks-level-5,4221.,40296,wages_statfin,,Upper secondary,None,None,1371,2023,2,Stable,extras_csv,8,"Travel consulting is a predominantly digital role involving information retrieval, itinerary planning, and booking, all of which are core strengths of current AI models. As consumers increasingly shift toward self-service AI platforms for travel planning, the traditional role of a travel clerk faces significant restructuring and automation pressure.",
4222 Contact centre information clerks (Level 4),4,4222-contact-centre-information-clerks-level-4,4222,32964,wages_statfin,,Upper secondary,None,None,3656,2023,2,Stable,extras_csv,9,"This role is almost entirely digital and involves routine information processing, which is highly susceptible to automation via advanced conversational AI and chatbots. The core tasks of answering queries and managing customer interactions are already being rapidly displaced by AI-driven self-service systems.",
4222. Contact centre information clerks (Level 5),4,4222-contact-centre-information-clerks-level-5,4222.,32964,wages_statfin,,Upper secondary,None,None,3656,2023,2,Stable,extras_csv,9,"This role is almost entirely digital and involves routine information processing, which is highly susceptible to automation via advanced conversational AI and chatbots. The core tasks of answering queries and managing customer interactions are already being rapidly displaced by AI-driven self-service systems.",
4223 Telephone switchboard operators (Level 4),4,4223-telephone-switchboard-operators-level-4,4223,33336,wages_statfin,,Upper secondary,None,None,1111,2023,2,Stable,extras_csv,9,"This role is almost entirely digital and focused on routine information processing and communication, which are core domains for AI-driven automation. Modern interactive voice response (IVR) systems and AI-powered virtual assistants have already largely replaced the need for human switchboard operators.",
4223. Telephone switchboard operators (Level 5),4,4223-telephone-switchboard-operators-level-5,4223.,33336,wages_statfin,,Upper secondary,None,None,1111,2023,2,Stable,extras_csv,9,"This role is almost entirely digital and focused on routine information processing and communication, which are core domains for AI-driven automation. Modern interactive voice response (IVR) systems and AI-powered virtual assistants have already largely replaced the need for human switchboard operators.",
4224 Hotel receptionists (Level 4),4,4224-hotel-receptionists-level-4,4224,34020,wages_statfin,,Upper secondary,None,None,2131,2023,1,Declining,extras_csv,6,"Hotel receptionists perform a mix of digital information processing and physical, interpersonal service. While AI can automate check-ins, bookings, and routine inquiries, the role requires real-time human presence for guest assistance, problem-solving, and physical hospitality tasks that cannot be fully digitized.",
4224. Hotel receptionists (Level 5),4,4224-hotel-receptionists-level-5,4224.,34020,wages_statfin,,Upper secondary,None,None,2131,2023,1,Declining,extras_csv,6,"Hotel receptionists perform a mix of digital information processing and physical, interpersonal service. While AI can automate check-ins, bookings, and routine inquiries, the role requires real-time human presence for guest assistance, problem-solving, and physical hospitality tasks that cannot be fully digitized.",
4225 Enquiry clerks (Level 4),4,4225-enquiry-clerks-level-4,4225,34800,wages_statfin,,Upper secondary,None,None,4962,2023,2,Below average,extras_csv,9,"Enquiry clerks perform highly routine, digital information-processing tasks such as responding to queries and managing records. These functions are prime targets for automation via AI-powered chatbots and automated knowledge management systems, which can handle these interactions with high efficiency.",
4225. Enquiry clerks (Level 5),4,4225-enquiry-clerks-level-5,4225.,34800,wages_statfin,,Upper secondary,None,None,4962,2023,2,Below average,extras_csv,9,"Enquiry clerks perform highly routine, digital information-processing tasks such as responding to queries and managing records. These functions are prime targets for automation via AI-powered chatbots and automated knowledge management systems, which can handle these interactions with high efficiency.",
4226 Receptionists (general) (Level 4),4,4226-receptionists-general-level-4,4226,33732,wages_statfin,,Upper secondary,None,None,4145,2023,2,Below average,extras_csv,8,"Receptionist tasks are increasingly digital, involving scheduling, communication, and information management, which are highly susceptible to automation via AI-driven virtual assistants and automated booking systems. While some physical presence is required for greeting visitors, the core administrative functions are rapidly being replaced by intelligent software.",
4226. Receptionists (general) (Level 5),4,4226-receptionists-general-level-5,4226.,33732,wages_statfin,,Upper secondary,None,None,4145,2023,2,Below average,extras_csv,8,"Receptionist tasks are increasingly digital, involving scheduling, communication, and information management, which are highly susceptible to automation via AI-driven virtual assistants and automated booking systems. While some physical presence is required for greeting visitors, the core administrative functions are rapidly being replaced by intelligent software.",
4227 Survey and market research interviewers (Level 4),4,4227-survey-and-market-research-interviewers-level-4,4227,35508,wages_statfin,,Upper secondary,None,None,1822,2023,2,Stable,extras_csv,9,"The core tasks of this occupation involve gathering and processing information, which is increasingly being automated through digital survey platforms, chatbots, and AI-driven data collection tools. As these roles are almost entirely digital and routine in nature, they face a very high risk of displacement by automated systems.",
4227. Survey and market research interviewers (Level 5),4,4227-survey-and-market-research-interviewers-level-5,4227.,35508,wages_statfin,,Upper secondary,None,None,1822,2023,2,Stable,extras_csv,9,"The core tasks of this occupation involve gathering and processing information, which is increasingly being automated through digital survey platforms, chatbots, and AI-driven data collection tools. As these roles are almost entirely digital and routine in nature, they face a very high risk of displacement by automated systems.",
4229 Client information workers not elsewhere classified (Level 4),4,4229-client-information-workers-not-elsewhere-classified-level-4,4229,36552,wages_statfin,,Upper secondary,None,None,6437,2023,1,Declining,extras_csv,9,"This occupation involves routine information processing, communication, and administrative tasks that are primarily digital and highly susceptible to automation. As these roles rely on structured data handling and standardized client interactions, AI tools can already perform or significantly augment the majority of the core job functions.",
4229. (Not more specifically classified) Client information workers not elsewhere classified (Level 5),4,4229-not-more-specifically-classified-client-information-workers-not-elsewhere-classified-level-5,4229.,36552,wages_statfin,,Upper secondary,None,None,0,2023,1,Declining,extras_csv,9,"This occupation involves routine information processing and client communication, which are tasks highly susceptible to automation by large language models and automated customer service systems. Because the work is almost entirely digital and lacks a physical component, it faces significant restructuring as AI tools increasingly handle inquiries and data management.",
42291 Emergency officers (Level 5),4,42291-emergency-officers-level-5,42291,48312,wages_statfin,,Upper secondary,None,None,638,2023,2,Below average,extras_csv,4,"Emergency officers perform critical interpersonal and coordination tasks that require real-time human judgment and physical presence in unpredictable environments. While AI can assist with data logging, dispatch optimization, and information processing, the core of the role involves high-stakes human interaction and physical coordination that cannot be automated.",
42299 Other client information clerks not elsewhere classified (Level 5),4,42299-other-client-information-clerks-not-elsewhere-classified-level-5,42299,36000,wages_statfin,,Upper secondary,None,None,5799,2023,2,Below average,extras_csv,9,"This role involves routine information processing, communication, and data management, all of which are primary targets for AI automation. As these tasks are almost entirely digital and follow structured protocols, AI-driven chatbots and automated systems can handle the majority of the workload, leading to significant restructuring of the occupation.",
43 Numerical and material recording clerks (Level 2),4,43-numerical-and-material-recording-clerks-level-2,43,39936,wages_statfin,,,,,31953,2023,,,,9,"This occupation involves routine, rule-based tasks such as data entry, record keeping, and numerical processing, which are primary targets for automation. Since the work is almost entirely digital and lacks a physical component, AI systems can already perform most of these functions with high accuracy.",
431 Numerical clerks (Level 3),4,431-numerical-clerks-level-3,431,38460,wages_statfin,,,,,19204,2023,,,,9,"Numerical clerks perform tasks that are almost entirely digital, involving data entry, calculation, and record-keeping. These core functions are highly susceptible to automation by AI and machine learning algorithms, which can process and reconcile numerical data with greater speed and accuracy than humans.",
4311 Accounting and bookkeeping clerks (Level 4),4,4311-accounting-and-bookkeeping-clerks-level-4,4311,37812,wages_statfin,,Upper secondary,None,None,8532,2023,2,Stable,extras_csv,9,"Accounting and bookkeeping tasks are highly structured, rule-based, and performed entirely within digital environments, making them prime candidates for full automation. AI tools are already capable of handling data entry, reconciliation, and financial reporting, which significantly reduces the need for manual human intervention in these core functions.",
4311. Accounting and bookkeeping clerks (Level 5),4,4311-accounting-and-bookkeeping-clerks-level-5,4311.,37812,wages_statfin,,Upper secondary,None,None,8532,2023,2,Stable,extras_csv,9,"Accounting and bookkeeping tasks are highly structured, rule-based, and performed entirely within digital environments, making them prime candidates for full automation. AI tools are already capable of handling data entry, reconciliation, and financial reporting, which significantly reduces the need for manual human intervention in these core functions.",
"4312 Statistical, finance and insurance clerks (Level 4)",4,4312-statistical-finance-and-insurance-clerks-level-4,4312,40932,wages_statfin,,Upper secondary,None,None,5468,2023,3,Stable,extras_csv,9,"This role is almost entirely digital, involving routine data processing, financial calculations, and record-keeping, all of which are primary targets for AI automation. Because the work is structured and computer-based, AI tools can already perform or significantly accelerate the majority of these tasks, leading to a high potential for restructuring.",
"4312. Statistical, finance and insurance clerks (Level 5)",4,4312-statistical-finance-and-insurance-clerks-level-5,4312.,40932,wages_statfin,,Upper secondary,None,None,5468,2023,3,Stable,extras_csv,9,"This role is almost entirely digital, involving routine data processing, financial calculations, and record-keeping, all of which are primary targets for AI automation. Because the work is structured and computer-based, AI tools can already perform or significantly accelerate the majority of these tasks, leading to a high potential for restructuring.",
4313 Payroll clerks (Level 4),4,4313-payroll-clerks-level-4,4313,37548,wages_statfin,,Upper secondary,None,None,5204,2023,2,Stable,extras_csv,9,"Payroll processing is a highly structured, rule-based, and fully digital task that is already being heavily automated by specialized software. AI integration further streamlines data entry, tax calculation, and compliance reporting, leaving very little of the core function that cannot be handled by algorithmic systems.",
4313. Payroll clerks (Level 5),4,4313-payroll-clerks-level-5,4313.,37548,wages_statfin,,Upper secondary,None,None,5204,2023,2,Stable,extras_csv,9,"Payroll processing is a highly structured, rule-based, and fully digital task that is already being heavily automated by specialized software. AI integration further streamlines data entry, tax calculation, and compliance reporting, leaving very little of the core function that cannot be handled by algorithmic systems.",
432 Material-recording and transport clerks (Level 3),4,432-material-recording-and-transport-clerks-level-3,432,42804,wages_statfin,,,,,12749,2023,,,,8,"This occupation involves routine, digital-heavy tasks such as inventory management, data entry, and logistics documentation, which are highly susceptible to automation. AI and integrated software systems can already perform most of these information-processing duties with higher accuracy and speed than human clerks.",
4321 Stock clerks (Level 4),4,4321-stock-clerks-level-4,4321,41580,wages_statfin,,Upper secondary,None,None,5756,2023,1,Declining,extras_csv,7,"Stock clerks perform routine, digital-heavy tasks such as inventory tracking, data entry, and supply chain management, which are increasingly automated by AI-driven warehouse management systems and predictive analytics. While there is a physical component to handling goods, the core information-processing aspects of the role are highly susceptible to AI-driven optimization and automation.",
4321. Stock clerks (Level 5),4,4321-stock-clerks-level-5,4321.,41580,wages_statfin,,Upper secondary,None,None,5756,2023,1,Declining,extras_csv,7,"Stock clerks perform routine, digital-heavy tasks such as inventory tracking, data entry, and supply chain management, which are increasingly automated by AI-driven warehouse management systems and predictive analytics. While there is a physical component to handling goods, the core information-processing aspects of the role are highly susceptible to AI-driven optimization and automation.",
4322 Production clerks (Level 4),4,4322-production-clerks-level-4,4322,38388,wages_statfin,,Upper secondary,None,None,597,2023,2,Stable,extras_csv,9,"Production clerks perform highly routine, digital-centric tasks such as data entry, inventory tracking, and scheduling, which are primary targets for automation. Because the work is almost entirely computer-based and involves structured information processing, AI systems can already perform or significantly streamline these core functions.",
4322. Production clerks (Level 5),4,4322-production-clerks-level-5,4322.,38388,wages_statfin,,Upper secondary,None,None,597,2023,2,Stable,extras_csv,9,"Production clerks perform highly routine, digital-centric tasks such as data entry, inventory tracking, and scheduling, which are primary targets for automation. Because the work is almost entirely computer-based and involves structured information processing, AI systems can already perform or significantly streamline these core functions.",
4323 Transport clerks (Level 4),4,4323-transport-clerks-level-4,4323,44940,wages_statfin,,Upper secondary,None,None,6396,2023,1,Declining,extras_csv,8,"This occupation involves routine, digital-heavy tasks such as inventory management, data entry, and logistics documentation, which are highly susceptible to automation. AI and integrated software systems can already perform most of these information-processing duties with higher accuracy and speed than human clerks.",
4323. (Not more specifically classified) Transport clerks (Level 5),4,4323-not-more-specifically-classified-transport-clerks-level-5,4323.,44940,wages_statfin,,Upper secondary,None,None,0,2023,1,Declining,extras_csv,8,"Transport clerks perform predominantly digital, information-processing tasks such as scheduling, documentation, and logistics coordination. These activities are highly susceptible to automation via AI-driven supply chain management systems and predictive analytics, which can handle routing and data entry with minimal human intervention.",
"43231 Rail traffic controllers, traffic co-ordinators, etc. (Level 5)",4,43231-rail-traffic-controllers-traffic-co-ordinators-etc-level-5,43231,56304,wages_statfin,,Upper secondary,None,None,462,2023,2,Below average,extras_csv,6,"Rail traffic control involves high-stakes decision-making and real-time monitoring of complex systems, which are increasingly supported by automated optimization algorithms. While the role requires human oversight for safety and emergency response, the core tasks of scheduling and traffic coordination are highly susceptible to AI-driven efficiency improvements.",
43239 Other transport clerks (Level 5),4,43239-other-transport-clerks-level-5,43239,44088,wages_statfin,,Upper secondary,None,None,5934,2023,2,Below average,extras_csv,8,"This role is primarily digital, involving data entry, scheduling, and logistics coordination, all of which are highly susceptible to automation via AI and integrated management software. Because the core tasks are information-processing and computer-based, the occupation faces significant restructuring as AI tools increasingly handle routing, documentation, and communication.",
44 Other clerical support workers (Level 2),4,44-other-clerical-support-workers-level-2,44,33960,wages_statfin,,,,,19081,2023,,,,9,"This occupation consists of routine, digital-first clerical tasks such as data entry, filing, and administrative support, which are highly susceptible to automation. Because the work is almost entirely computer-based and involves structured information processing, AI tools can already perform or significantly streamline the majority of these core functions.",
441 Other clerical support workers (Level 3),4,441-other-clerical-support-workers-level-3,441,33960,wages_statfin,,,,,19081,2023,,,,9,"This occupation consists of routine, digital-first clerical tasks such as data entry, filing, and administrative support, which are highly susceptible to automation. Because the work is almost entirely computer-based and involves structured information processing, AI tools can already perform or significantly streamline the majority of these core functions.",
4411 Library clerks (Level 4),4,4411-library-clerks-level-4,4411,32868,wages_statfin,,Upper secondary,None,None,3143,2023,2,Stable,extras_csv,7,"Library clerks perform predominantly digital and administrative tasks such as cataloging, database management, and information retrieval, which are highly susceptible to automation. While the role involves some physical interaction with library materials and patrons, the core information-processing functions are increasingly being handled by AI-driven search and management systems.",
4411. Library clerks (Level 5),4,4411-library-clerks-level-5,4411.,32868,wages_statfin,,Upper secondary,None,None,3143,2023,2,Stable,extras_csv,7,"Library clerks perform predominantly digital and administrative tasks such as cataloging, database management, and information retrieval, which are highly susceptible to automation. While the role involves some physical interaction with library materials and patrons, the core information-processing functions are increasingly being handled by AI-driven search and management systems.",
4412 Mail carriers and sorting clerks (Level 4),4,4412-mail-carriers-and-sorting-clerks-level-4,4412,31884,wages_statfin,,Upper secondary,None,None,9371,2023,1,Declining,extras_csv,3,"The core of this occupation involves the physical delivery and manual sorting of mail, which requires physical presence and navigation in the real world. While AI and automation can optimize logistics and route planning, the physical act of delivery remains largely resistant to AI-driven automation.",
44121 Mail carriers (Level 5),4,44121-mail-carriers-level-5,44121,,,,Upper secondary,None,None,6894,2023,2,Below average,extras_csv,3,"The core of this occupation involves the physical delivery and manual sorting of mail, which requires physical presence and navigation in the real world. While AI and automation can optimize logistics and route planning, the physical act of delivery remains largely resistant to AI-driven automation.",
44122 Porters (Level 5),4,44122-porters-level-5,44122,,,,Upper secondary,None,None,2477,2023,2,Below average,extras_csv,1,"The work of a porter is primarily physical, involving the manual transport of goods or luggage in real-world environments. Because the core tasks require physical presence and manual labor rather than digital information processing, AI has minimal impact on this occupation.",
"4413 Coding, proof-reading and related clerks (Level 4)",4,4413-coding-proof-reading-and-related-clerks-level-4,4413,42240,wages_statfin,,Upper secondary,None,None,54,2023,2,Stable,extras_csv,9,"This occupation involves routine digital tasks such as data entry, proofreading, and coding-related clerical work, all of which are primary targets for Large Language Models and automated text processing tools. Because the work is entirely computer-based and highly structured, AI can already perform the majority of these core functions with high accuracy.",
"4413. Coding, proof-reading and related clerks (Level 5)",4,4413-coding-proof-reading-and-related-clerks-level-5,4413.,42240,wages_statfin,,Upper secondary,None,None,54,2023,2,Stable,extras_csv,9,"This occupation involves routine digital tasks such as data entry, proofreading, and coding-related clerical work, all of which are primary targets for Large Language Models and automated text processing tools. Because the work is entirely computer-based and highly structured, AI can already perform the majority of these core functions with high accuracy.",
4415 Filing and copying clerks (Level 4),4,4415-filing-and-copying-clerks-level-4,4415,33540,wages_statfin,,Upper secondary,None,None,295,2023,2,Stable,extras_csv,9,"This role is almost entirely digital and involves routine information processing, filing, and document management tasks that are highly susceptible to automation. AI systems can already perform these administrative functions with high accuracy, leaving very little of the core job that cannot be handled by software.",
4415. Filing and copying clerks (Level 5),4,4415-filing-and-copying-clerks-level-5,4415.,33540,wages_statfin,,Upper secondary,None,None,295,2023,2,Stable,extras_csv,9,"This role is almost entirely digital and involves routine information processing, filing, and document management tasks that are highly susceptible to automation. AI systems can already perform these administrative functions with high accuracy, leaving very little of the core job that cannot be handled by software.",
4416 Personnel clerks (Level 4),4,4416-personnel-clerks-level-4,4416,39012,wages_statfin,,Upper secondary,None,None,2128,2023,1,Declining,extras_csv,9,"Personnel clerks perform highly routine, digital administrative tasks such as data entry, record keeping, and document processing, which are prime targets for automation. Because the work is almost entirely computer-based and involves structured information, AI tools can already perform the majority of these core functions with high accuracy.",
4416. Personnel clerks (Level 5),4,4416-personnel-clerks-level-5,4416.,39012,wages_statfin,,Upper secondary,None,None,2128,2023,1,Declining,extras_csv,9,"Personnel clerks perform highly routine, digital administrative tasks such as data entry, record keeping, and document processing, which are prime targets for automation. Because the work is almost entirely computer-based and involves structured information, AI tools can already perform the majority of these core functions with high accuracy.",
4419 Clerical support workers not elsewhere classified (Level 4),4,4419-clerical-support-workers-not-elsewhere-classified-level-4,4419,39120,wages_statfin,,Upper secondary,None,None,4090,2023,2,Stable,extras_csv,9,"This occupation involves routine clerical and administrative tasks that are almost entirely digital and information-based. Since these tasks are highly structured and involve data processing, documentation, and communication, they are prime candidates for automation by large language models and intelligent process automation tools.",
4419. Clerical support workers not elsewhere classified (Level 5),4,4419-clerical-support-workers-not-elsewhere-classified-level-5,4419.,39120,wages_statfin,,Upper secondary,None,None,4090,2023,2,Stable,extras_csv,9,"This occupation involves routine clerical and administrative tasks that are almost entirely digital and information-based. Since these tasks are highly structured and involve data processing, documentation, and communication, they are prime candidates for automation by large language models and intelligent process automation tools.",
5  Service and sales workers (Level 1),5,5-service-and-sales-workers-level-1,5,35028,wages_statfin,,,,,485109,2023,,,,5,"This category is broad and encompasses a mix of roles ranging from high-interaction service jobs (like waiters) to more routine digital-adjacent roles (like cashiers or ticket clerks). While physical service roles have low exposure, the administrative and transactional components of this category are increasingly susceptible to automation and AI-driven self-service technologies.",
51 Personal service workers (Level 2),5,51-personal-service-workers-level-2,51,34500,wages_statfin,,,,,111326,2023,,,,3,"This category encompasses roles like hairdressers, beauticians, and travel consultants, which rely heavily on physical presence, manual dexterity, and direct interpersonal service. While administrative tasks like scheduling may be automated, the core value of these roles is tied to physical interaction that AI cannot replicate.",
"511 Travel attendants, conductors and guides (Level 3)",5,511-travel-attendants-conductors-and-guides-level-3,511,40224,wages_statfin,,,,,3696,2023,,,,3,"The role is primarily focused on physical presence, real-time customer service, and safety management in transit environments, which are difficult to automate. While AI may assist with scheduling, ticketing, or administrative tasks, the core requirement of human interaction and physical oversight remains largely unaffected.",
5111 Travel attendants and travel stewards (Level 4),5,5111-travel-attendants-and-travel-stewards-level-4,5111,,,,Upper secondary,None,On-the-job training,1601,2023,3,Stable,extras_csv,2,"The role of a travel attendant is primarily physical and interpersonal, requiring real-time human presence to ensure passenger safety and provide service in unpredictable environments. While AI may assist with administrative tasks like scheduling or passenger manifest management, the core responsibilities of the job cannot be automated.",
5111. Travel attendants and travel stewards (Level 5),5,5111-travel-attendants-and-travel-stewards-level-5,5111.,,,,Upper secondary,None,On-the-job training,1601,2023,3,Stable,extras_csv,2,"The role of a travel attendant is primarily physical and interpersonal, requiring real-time human presence to ensure passenger safety and provide service in unpredictable environments. While AI may assist with administrative tasks like scheduling or passenger manifest management, the core responsibilities of the job cannot be automated.",
5112 Transport conductors (Level 4),5,5112-transport-conductors-level-4,5112,,,,Upper secondary,None,On-the-job training,857,2023,2,Stable,extras_csv,3,"The role of a transport conductor is primarily physical and interpersonal, involving ticket verification, passenger assistance, and safety monitoring on board. While AI can assist with administrative scheduling or automated ticketing systems, the core requirement of real-time human presence and physical interaction in a transit environment remains largely unaffected.",
5112. Transport conductors (Level 5),5,5112-transport-conductors-level-5,5112.,,,,Upper secondary,None,On-the-job training,857,2023,2,Stable,extras_csv,3,"The role of a transport conductor is primarily physical and interpersonal, involving ticket verification, passenger assistance, and safety monitoring on board. While AI can assist with administrative scheduling or automated ticketing systems, the core requirement of real-time human presence and physical interaction in a transit environment remains largely unaffected.",
5113 Travel guides (Level 4),5,5113-travel-guides-level-4,5113,34260,wages_statfin,,Upper secondary,None,On-the-job training,1238,2023,3,Stable,extras_csv,3,"Travel guiding is a role fundamentally rooted in physical presence, real-time interpersonal interaction, and navigating unpredictable environments. While AI can assist with itinerary planning and information delivery, it cannot replace the human element of leading groups, providing local context, and managing physical logistics.",
5113. Travel guides (Level 5),5,5113-travel-guides-level-5,5113.,34260,wages_statfin,,Upper secondary,None,On-the-job training,1238,2023,3,Stable,extras_csv,3,"Travel guiding is a role fundamentally rooted in physical presence, real-time interpersonal interaction, and navigating unpredictable environments. While AI can assist with itinerary planning and information delivery, it cannot replace the human element of leading groups, providing local context, and managing physical logistics.",
512 Cooks (Level 3),5,512-cooks-level-3,512,34140,wages_statfin,,,,,39478,2023,,,,2,"Cooking is a highly physical, manual profession that requires real-time sensory judgment and physical dexterity in a dynamic environment. While AI can assist with inventory management or recipe optimization, it cannot replace the core physical tasks of food preparation and service.",
5120 Cooks (Level 4),5,5120-cooks-level-4,5120,34140,wages_statfin,,Upper secondary,None,On-the-job training,39478,2023,2,Stable,extras_csv,2,"Cooking is a highly physical, manual profession that requires real-time sensory judgment and physical dexterity in a dynamic environment. While AI can assist with inventory management or recipe optimization, it cannot replace the core physical tasks of food preparation and service.",
5120. (Not more specifically classified) Cooks (Level 5),5,5120-not-more-specifically-classified-cooks-level-5,5120.,34140,wages_statfin,,Upper secondary,None,On-the-job training,0,2023,2,Stable,extras_csv,2,"The occupation of a cook is fundamentally physical, requiring manual dexterity, sensory judgment, and real-time interaction with physical ingredients in a kitchen environment. While AI can assist with peripheral tasks like inventory management or recipe optimization, it cannot replace the core manual labor and physical presence required for food preparation.",
51201 Cooks (Level 5),5,51201-cooks-level-5,51201,32376,wages_statfin,,Upper secondary,None,On-the-job training,18309,2023,2,Below average,extras_csv,2,"Cooking is a highly physical, manual profession that requires real-time sensory judgment and physical dexterity in a dynamic environment. While AI can assist with inventory management or recipe optimization, it cannot replace the core physical tasks of food preparation and service.",
51202 Restaurant services supervisors and shift managers (Level 5),5,51202-restaurant-services-supervisors-and-shift-managers-level-5,51202,36360,wages_statfin,,Upper secondary,None,On-the-job training,21169,2023,2,Below average,extras_csv,4,"This role involves a mix of physical presence, team management, and real-time customer service in a dynamic environment, which limits AI's ability to automate core tasks. While AI can assist with administrative duties like scheduling, inventory management, and reporting, the essential human-centric and on-site operational aspects remain resistant to full automation.",
513 Waiters and bartenders (Level 3),5,513-waiters-and-bartenders-level-3,513,32424,wages_statfin,,Upper secondary,None,On-the-job training,13963,2023,2,Below average,extras_csv,2,"The role of waiters and bartenders is fundamentally rooted in physical service, manual dexterity, and real-time interpersonal interaction in a dynamic environment. While AI may assist with peripheral tasks like digital ordering systems or inventory management, the core of the job requires a human presence that is not easily automated.",
513.  (Not more specifically classified) Waiters and bartenders (Level 4),5,513-not-more-specifically-classified-waiters-and-bartenders-level-4,513.,,,,Upper secondary,None,On-the-job training,0,2023,2,Below average,extras_csv,2,"The core of this occupation involves physical service, manual dexterity, and real-time interpersonal interaction in a dynamic, unpredictable environment. While AI may assist with peripheral tasks like digital ordering systems or inventory management, it cannot replace the physical presence and human service required for the role.",
513.. (Not more specifically classified) Waiters and bartenders (Level 5),5,513-not-more-specifically-classified-waiters-and-bartenders-level-5,513..,32424,wages_statfin,,Upper secondary,None,On-the-job training,0,2023,2,Below average,extras_csv,2,"The core of this occupation involves physical service, manual dexterity, and real-time interpersonal interaction in a dynamic, unpredictable environment. While AI may assist with peripheral tasks like digital ordering systems or inventory management, it cannot replace the physical presence and human service required for the role.",
5131 Waiters (Level 4),5,5131-waiters-level-4,5131,32160,wages_statfin,,Upper secondary,None,On-the-job training,13012,2023,2,Stable,extras_csv,2,"The role of waiters and bartenders is fundamentally rooted in physical service, manual dexterity, and real-time interpersonal interaction in a dynamic environment. While AI may assist with peripheral tasks like digital ordering systems or inventory management, the core of the job requires a human presence that is not easily automated.",
5131. Waiters (Level 5),5,5131-waiters-level-5,5131.,32160,wages_statfin,,Upper secondary,None,On-the-job training,13012,2023,2,Stable,extras_csv,2,"The role of waiters and bartenders is fundamentally rooted in physical service, manual dexterity, and real-time interpersonal interaction in a dynamic environment. While AI may assist with peripheral tasks like digital ordering systems or inventory management, the core of the job requires a human presence that is not easily automated.",
5132 Bartenders (Level 4),5,5132-bartenders-level-4,5132,37404,wages_statfin,,Upper secondary,None,On-the-job training,951,2023,3,Stable,extras_csv,2,"The role of waiters and bartenders is fundamentally rooted in physical service, manual dexterity, and real-time interpersonal interaction in a dynamic environment. While AI may assist with peripheral tasks like digital ordering systems or inventory management, the core of the job requires a human presence that is not easily automated.",
5132. Bartenders (Level 5),5,5132-bartenders-level-5,5132.,37404,wages_statfin,,Upper secondary,None,On-the-job training,951,2023,3,Stable,extras_csv,2,"The role of waiters and bartenders is fundamentally rooted in physical service, manual dexterity, and real-time interpersonal interaction in a dynamic environment. While AI may assist with peripheral tasks like digital ordering systems or inventory management, the core of the job requires a human presence that is not easily automated.",
"514 Hairdressers, beauticians and related workers (Level 3)",5,514-hairdressers-beauticians-and-related-workers-level-3,514,28452,wages_statfin,,Upper secondary,None,On-the-job training,16164,2023,2,Below average,extras_csv,1,"This occupation relies entirely on physical, manual dexterity and real-time human interaction in a physical environment. AI cannot perform the core tasks of cutting, styling, or applying treatments, making it highly resistant to automation.",
"514.  (Not more specifically classified) Hairdressers, beauticians and related workers (Level 4)",5,514-not-more-specifically-classified-hairdressers-beauticians-and-related-workers-level-4,514.,,,,Upper secondary,None,On-the-job training,0,2023,2,Below average,extras_csv,1,"This occupation relies entirely on physical, manual dexterity and real-time, in-person interaction with clients. Because the core tasks involve physical manipulation of hair and skin in an unpredictable, tactile environment, AI has no capacity to automate or significantly reshape the fundamental work.",
"514.. (Not more specifically classified) Hairdressers, beauticians and related workers (Level 5)",5,514-not-more-specifically-classified-hairdressers-beauticians-and-related-workers-level-5,514..,28452,wages_statfin,,Upper secondary,None,On-the-job training,0,2023,2,Below average,extras_csv,1,"This occupation relies entirely on physical, manual dexterity and real-time, in-person interaction with clients. Because the core tasks involve physical manipulation of hair and skin in an unpredictable, tactile environment, AI has no capacity to automate or significantly reshape the fundamental work.",
5141 Hairdressers (Level 4),5,5141-hairdressers-level-4,5141,28188,wages_statfin,,Upper secondary,None,On-the-job training,10868,2023,3,Stable,extras_csv,1,"This occupation relies entirely on physical, manual dexterity and real-time human interaction in a physical environment. AI cannot perform the core tasks of cutting, styling, or applying treatments, making it highly resistant to automation.",
5141. Hairdressers (Level 5),5,5141-hairdressers-level-5,5141.,28188,wages_statfin,,Upper secondary,None,On-the-job training,10868,2023,3,Stable,extras_csv,1,"This occupation relies entirely on physical, manual dexterity and real-time human interaction in a physical environment. AI cannot perform the core tasks of cutting, styling, or applying treatments, making it highly resistant to automation.",
5142 Beauticians and related workers (Level 4),5,5142-beauticians-and-related-workers-level-4,5142,29616,wages_statfin,,Upper secondary,None,On-the-job training,5296,2023,2,Stable,extras_csv,1,"This occupation relies entirely on physical, manual dexterity and real-time human interaction in a physical environment. AI cannot perform the core tasks of cutting, styling, or applying treatments, making it highly resistant to automation.",
5142. Beauticians and related workers (Level 5),5,5142-beauticians-and-related-workers-level-5,5142.,29616,wages_statfin,,Upper secondary,None,On-the-job training,5296,2023,2,Stable,extras_csv,1,"This occupation relies entirely on physical, manual dexterity and real-time human interaction in a physical environment. AI cannot perform the core tasks of cutting, styling, or applying treatments, making it highly resistant to automation.",
515 Building and housekeeping supervisors (Level 3),5,515-building-and-housekeeping-supervisors-level-3,515,35664,wages_statfin,,,,,34043,2023,,,,3,"This role involves significant physical presence, site management, and interpersonal coordination, which are difficult to automate. While AI can assist with administrative tasks like scheduling or maintenance tracking, the core of the job requires real-time physical oversight and human-centric problem solving.",
"5151 Cleaning and housekeeping supervisors in offices, hotels and other establishments (Level 4)",5,5151-cleaning-and-housekeeping-supervisors-in-offices-hotels-and-other-establishments-level-4,5151,,,,Upper secondary,None,On-the-job training,7071,2023,3,Stable,extras_csv,3,"This role involves significant physical oversight, coordination of staff, and on-site quality control in unpredictable environments like hotels and offices. While AI can assist with scheduling and administrative reporting, the core of the job requires human presence to manage personnel and ensure physical cleanliness standards.",
"5151. Cleaning and housekeeping supervisors in offices, hotels and other establishments (Level 5)",5,5151-cleaning-and-housekeeping-supervisors-in-offices-hotels-and-other-establishments-level-5,5151.,,,,Upper secondary,None,On-the-job training,7071,2023,3,Stable,extras_csv,3,"This role involves significant physical oversight, coordination of staff, and on-site quality control in unpredictable environments like hotels and offices. While AI can assist with scheduling and administrative reporting, the core of the job requires human presence to manage personnel and ensure physical cleanliness standards.",
5152 Domestic housekeepers (Level 4),5,5152-domestic-housekeepers-level-4,5152,,,,Upper secondary,None,On-the-job training,675,2023,2,Stable,extras_csv,1,"Domestic housekeeping is a physically demanding job that requires manual dexterity, physical presence, and the ability to navigate unpredictable home environments. Since the core tasks involve cleaning and physical maintenance, AI has virtually no capacity to automate the work.",
5152. Domestic housekeepers (Level 5),5,5152-domestic-housekeepers-level-5,5152.,,,,Upper secondary,None,On-the-job training,675,2023,2,Stable,extras_csv,1,"Domestic housekeeping is a physically demanding job that requires manual dexterity, physical presence, and the ability to navigate unpredictable home environments. Since the core tasks involve cleaning and physical maintenance, AI has virtually no capacity to automate the work.",
5153 Building caretakers (Level 4),5,5153-building-caretakers-level-4,5153,35148,wages_statfin,,Upper secondary,None,On-the-job training,26297,2023,3,Stable,extras_csv,2,"Building caretakers perform primarily physical, manual tasks such as maintenance, cleaning, and repairs that require on-site presence. While AI may assist with administrative scheduling or energy management systems, the core of the job remains tied to physical interaction with the building environment.",
5153. Building caretakers (Level 5),5,5153-building-caretakers-level-5,5153.,35148,wages_statfin,,Upper secondary,None,On-the-job training,26297,2023,3,Stable,extras_csv,2,"Building caretakers perform primarily physical, manual tasks such as maintenance, cleaning, and repairs that require on-site presence. While AI may assist with administrative scheduling or energy management systems, the core of the job remains tied to physical interaction with the building environment.",
516 Other personal services workers (Level 3),5,516-other-personal-services-workers-level-3,516,32364,wages_statfin,,,,,3982,2023,,,,2,"This category primarily includes roles like funeral workers, embalmers, and pet groomers, which are fundamentally physical and require manual dexterity or real-time human interaction. AI has minimal impact on these core tasks, as they cannot be digitized or automated by current technology.",
"5161 Astrologers, fortune-tellers and related workers (Level 4)",5,5161-astrologers-fortune-tellers-and-related-workers-level-4,5161,,,,Upper secondary,None,On-the-job training,2,2023,2,Stable,extras_csv,7,"The core tasks of this occupation involve information synthesis, pattern recognition, and communication, all of which are increasingly automated by AI-driven predictive models and chatbots. While the role relies on interpersonal trust and human connection, the technical generation of horoscopes and readings is highly susceptible to AI disruption.",
"5161. Astrologers, fortune-tellers and related workers (Level 5)",5,5161-astrologers-fortune-tellers-and-related-workers-level-5,5161.,,,,Upper secondary,None,On-the-job training,2,2023,2,Stable,extras_csv,7,"The core tasks of this occupation involve information synthesis, pattern recognition, and communication, all of which are increasingly automated by AI-driven predictive models and chatbots. While the role relies on interpersonal trust and human connection, the technical generation of horoscopes and readings is highly susceptible to AI disruption.",
5163 Undertakers and embalmers (Level 4),5,5163-undertakers-and-embalmers-level-4,5163,35460,wages_statfin,,Upper secondary,None,On-the-job training,602,2023,2,Stable,extras_csv,2,"The occupation involves significant physical labor, manual embalming skills, and sensitive, real-time interpersonal interaction with grieving families. While AI may assist with administrative tasks like scheduling or documentation, it cannot perform the core physical and emotional requirements of the role.",
51631 Undertakers and related funeral workers (Level 5),5,51631-undertakers-and-related-funeral-workers-level-5,51631,33336,wages_statfin,,Upper secondary,None,On-the-job training,485,2023,2,Below average,extras_csv,2,"The work of an undertaker is primarily physical, logistical, and deeply interpersonal, requiring real-time human presence and emotional labor in sensitive, unpredictable environments. AI may assist with minor administrative or scheduling tasks, but it cannot replace the core physical and human-centric requirements of the profession.",
51632 Other funeral workers (Level 5),5,51632-other-funeral-workers-level-5,51632,38076,wages_statfin,,Upper secondary,None,On-the-job training,117,2023,2,Below average,extras_csv,1,"This occupation involves significant physical labor, manual handling of sensitive materials, and direct, empathetic human interaction in unpredictable, real-world environments. These tasks are inherently resistant to automation, as they require physical presence and emotional intelligence that AI cannot replicate.",
5164 Pet groomers and animal care workers (Level 4),5,5164-pet-groomers-and-animal-care-workers-level-4,5164,30168,wages_statfin,,Upper secondary,None,On-the-job training,2443,2023,3,Stable,extras_csv,1,"Pet grooming and animal care are fundamentally physical, hands-on tasks that require manual dexterity and real-time interaction with live animals. Because the work cannot be performed digitally or automated by current AI systems, it remains largely immune to AI-driven displacement.",
5164. Pet groomers and animal care workers (Level 5),5,5164-pet-groomers-and-animal-care-workers-level-5,5164.,30168,wages_statfin,,Upper secondary,None,On-the-job training,2443,2023,3,Stable,extras_csv,1,"Pet grooming and animal care are fundamentally physical, hands-on tasks that require manual dexterity and real-time interaction with live animals. Because the work cannot be performed digitally or automated by current AI systems, it remains largely immune to AI-driven displacement.",
5165 Driving instructors (Level 4),5,5165-driving-instructors-level-4,5165,39120,wages_statfin,,Upper secondary,None,On-the-job training,838,2023,2,Below average,extras_csv,4,"Driving instruction involves a significant amount of real-time, physical interaction and safety-critical judgment in unpredictable traffic environments, which limits AI automation. However, the theoretical and administrative components of the curriculum are increasingly digital, and AI-driven simulation tools are beginning to supplement traditional in-car training.",
5165. Driving instructors (Level 5),5,5165-driving-instructors-level-5,5165.,39120,wages_statfin,,Upper secondary,None,On-the-job training,838,2023,2,Below average,extras_csv,4,"Driving instruction involves a significant amount of real-time, physical interaction and safety-critical judgment in unpredictable traffic environments, which limits AI automation. However, the theoretical and administrative components of the curriculum are increasingly digital, and AI-driven simulation tools are beginning to supplement traditional in-car training.",
5169 Personal services workers not elsewhere classified (Level 4),5,5169-personal-services-workers-not-elsewhere-classified-level-4,5169,31116,wages_statfin,,Upper secondary,None,On-the-job training,97,2023,2,Stable,extras_csv,3,"This category covers a diverse range of personal service roles that typically require physical presence, manual tasks, and direct human interaction. While AI may assist with administrative scheduling or basic communication, the core of these roles relies on physical service delivery that is largely insulated from automation.",
5169. Personal services workers not elsewhere classified (Level 5),5,5169-personal-services-workers-not-elsewhere-classified-level-5,5169.,31116,wages_statfin,,Upper secondary,None,On-the-job training,97,2023,2,Stable,extras_csv,3,"This category covers a diverse range of personal service roles that typically require physical presence, manual tasks, and direct human interaction. While AI may assist with administrative scheduling or basic communication, the core of these roles relies on physical service delivery that is largely insulated from automation.",
52 Sales workers (Level 2),5,52-sales-workers-level-2,52,34440,wages_statfin,,,,,149515,2023,,,,5,"This category is broad and encompasses a mix of roles ranging from high-interaction service jobs (like waiters) to more routine digital-adjacent roles (like cashiers or ticket clerks). While physical service roles have low exposure, the administrative and transactional components of this category are increasingly susceptible to automation and AI-driven self-service technologies.",
521 Street and market salespersons (Level 3),5,521-street-and-market-salespersons-level-3,521,25404,wages_statfin,,Upper secondary,None,On-the-job training,612,2023,2,Below average,extras_csv,3,"This role primarily involves physical presence, face-to-face customer interaction, and manual handling of goods in a market or street setting. While AI may assist with inventory management or digital payment systems, the core of the job requires human physical presence and real-time social engagement that AI cannot replicate.",
521.  (Not more specifically classified) Street and market salespersons (Level 4),5,521-not-more-specifically-classified-street-and-market-salespersons-level-4,521.,,,,Upper secondary,None,On-the-job training,0,2023,2,Below average,extras_csv,3,"This occupation relies heavily on physical presence, face-to-face customer interaction, and manual handling of goods in unpredictable environments. While AI may assist with inventory management or digital payment systems, the core tasks of sales and physical service remain largely resistant to automation.",
521.. (Not more specifically classified) Street and market salespersons (Level 5),5,521-not-more-specifically-classified-street-and-market-salespersons-level-5,521..,25404,wages_statfin,,Upper secondary,None,On-the-job training,0,2023,2,Below average,extras_csv,3,"This occupation relies heavily on physical presence, face-to-face customer interaction, and manual handling of goods in unpredictable environments. While AI may assist with inventory management or digital payment systems, the core tasks of sales and physical service remain largely resistant to automation.",
5211 Stall and market salespersons (Level 4),5,5211-stall-and-market-salespersons-level-4,5211,,,,Upper secondary,None,On-the-job training,612,2023,2,Stable,extras_csv,3,"The role is primarily focused on physical interaction, customer service, and manual tasks like stocking and handling goods in a market environment. While AI can assist with inventory management or digital payments, the core of the job requires a physical presence and human-to-human interaction that is not easily automated.",
5211. Stall and market salespersons (Level 5),5,5211-stall-and-market-salespersons-level-5,5211.,,,,Upper secondary,None,On-the-job training,612,2023,2,Stable,extras_csv,3,"The role is primarily focused on physical interaction, customer service, and manual tasks like stocking and handling goods in a market environment. While AI can assist with inventory management or digital payments, the core of the job requires a physical presence and human-to-human interaction that is not easily automated.",
5212 Street food salespersons (Level 4),5,5212-street-food-salespersons-level-4,5212,,,,Upper secondary,None,On-the-job training,0,2023,3,Stable,extras_csv,1,"The occupation is primarily physical, requiring manual preparation and service of food in a face-to-face, real-time environment. AI has no capacity to perform the core physical tasks of this role, resulting in minimal exposure.",
5212. Street food salespersons (Level 5),5,5212-street-food-salespersons-level-5,5212.,,,,Upper secondary,None,On-the-job training,0,2023,3,Stable,extras_csv,1,"The occupation is primarily physical, requiring manual preparation and service of food in a face-to-face, real-time environment. AI has no capacity to perform the core physical tasks of this role, resulting in minimal exposure.",
522 Shop salespersons (Level 3),5,522-shop-salespersons-level-3,522,34956,wages_statfin,,,,,124236,2023,,,,4,"While the role involves significant interpersonal interaction and physical presence in a retail environment, many administrative and inventory-related tasks are increasingly automated. AI is reshaping the sector through self-checkout systems, predictive inventory management, and personalized digital marketing, though the core human-centric sales and service aspects remain.",
5221 Shop keepers (Level 4),5,5221-shop-keepers-level-4,5221,46164,wages_statfin,,Upper secondary,None,On-the-job training,8145,2023,2,Below average,extras_csv,5,"Shop keepers perform a mix of physical tasks, such as inventory management and customer service, and digital tasks like accounting and procurement. While AI can automate inventory and administrative processes, the role requires significant human interaction and physical presence in a retail environment.",
5221. Shop keepers (Level 5),5,5221-shop-keepers-level-5,5221.,46164,wages_statfin,,Upper secondary,None,On-the-job training,8145,2023,2,Below average,extras_csv,5,"Shop keepers perform a mix of physical tasks, such as inventory management and customer service, and digital tasks like accounting and procurement. While AI can automate inventory and administrative processes, the role requires significant human interaction and physical presence in a retail environment.",
5222 Shop supervisors (Level 4),5,5222-shop-supervisors-level-4,5222,40836,wages_statfin,,Upper secondary,None,On-the-job training,12625,2023,2,Below average,extras_csv,5,"Shop supervisors combine physical presence and human interaction with administrative tasks like inventory management and scheduling. While AI can automate the digital aspects of their role, the core requirement of managing staff and physical retail environments provides a significant buffer against full automation.",
5222. Shop supervisors (Level 5),5,5222-shop-supervisors-level-5,5222.,40836,wages_statfin,,Upper secondary,None,On-the-job training,12625,2023,2,Below average,extras_csv,5,"Shop supervisors combine physical presence and human interaction with administrative tasks like inventory management and scheduling. While AI can automate the digital aspects of their role, the core requirement of managing staff and physical retail environments provides a significant buffer against full automation.",
5223 Shop sales assistants (Level 4),5,5223-shop-sales-assistants-level-4,5223,33660,wages_statfin,,Upper secondary,None,On-the-job training,103466,2023,2,Below average,extras_csv,4,"While the role involves significant physical presence and interpersonal interaction with customers, AI is increasingly automating inventory management, checkout processes, and demand forecasting. However, the core requirement for human-led customer service and physical product handling provides a natural barrier to full automation.",
5223. Shop sales assistants (Level 5),5,5223-shop-sales-assistants-level-5,5223.,33660,wages_statfin,,Upper secondary,None,On-the-job training,103466,2023,2,Below average,extras_csv,4,"While the role involves significant physical presence and interpersonal interaction with customers, AI is increasingly automating inventory management, checkout processes, and demand forecasting. However, the core requirement for human-led customer service and physical product handling provides a natural barrier to full automation.",
523 Cashiers and ticket clerks (Level 3),5,523-cashiers-and-ticket-clerks-level-3,523,30936,wages_statfin,,,,,4513,2023,,,,8,"The core tasks of this role, such as processing transactions and managing tickets, are increasingly being automated through self-checkout systems and digital ticketing platforms. While the role currently involves some physical interaction, the trend toward fully automated, cashless, and digital service environments significantly reduces the need for human intervention.",
5230 Cashiers and ticket clerks (Level 4),5,5230-cashiers-and-ticket-clerks-level-4,5230,30936,wages_statfin,,Upper secondary,None,On-the-job training,4513,2023,3,Stable,extras_csv,8,"The core tasks of this role, such as processing transactions and managing tickets, are increasingly being automated through self-checkout systems and digital ticketing platforms. While the role currently involves some physical interaction, the trend toward fully automated, cashless, and digital service environments significantly reduces the need for human intervention.",
5230. Cashiers and ticket clerks (Level 5),5,5230-cashiers-and-ticket-clerks-level-5,5230.,30936,wages_statfin,,Upper secondary,None,On-the-job training,4513,2023,3,Stable,extras_csv,8,"The core tasks of this role, such as processing transactions and managing tickets, are increasingly being automated through self-checkout systems and digital ticketing platforms. While the role currently involves some physical interaction, the trend toward fully automated, cashless, and digital service environments significantly reduces the need for human intervention.",
524 Other sales workers (Level 3),5,524-other-sales-workers-level-3,524,32064,wages_statfin,,,,,20154,2023,,,,5,"This role involves a mix of interpersonal customer service and physical tasks in retail environments, which provides a natural barrier to full automation. While AI can assist with inventory management, scheduling, and basic customer inquiries, the core requirement for human presence and physical interaction in a sales setting limits the overall impact.",
5241 Fashion and other models (Level 4),5,5241-fashion-and-other-models-level-4,5241,,,,Upper secondary,None,On-the-job training,62,2023,2,Stable,extras_csv,4,"While the core task of modeling requires a physical presence, AI is increasingly capable of generating high-quality synthetic models and virtual influencers, which directly competes with traditional fashion modeling. However, the industry still places a high premium on human authenticity, brand association, and physical runway presence, which limits the total displacement of human workers.",
5241. Fashion and other models (Level 5),5,5241-fashion-and-other-models-level-5,5241.,,,,Upper secondary,None,On-the-job training,62,2023,2,Stable,extras_csv,4,"While the core task of modeling requires a physical presence, AI is increasingly capable of generating high-quality synthetic models and virtual influencers, which directly competes with traditional fashion modeling. However, the industry still places a high premium on human authenticity, brand association, and physical runway presence, which limits the total displacement of human workers.",
5242 Sales demonstrators (Level 4),5,5242-sales-demonstrators-level-4,5242,40236,wages_statfin,,Upper secondary,None,On-the-job training,1052,2023,3,Stable,extras_csv,4,"Sales demonstrators rely heavily on physical presence, interpersonal persuasion, and real-time human interaction to influence consumer behavior in retail environments. While AI can assist with scheduling, inventory analysis, or digital marketing strategies, the core requirement of the role—engaging customers in person—remains largely resistant to automation.",
5242. Sales demonstrators (Level 5),5,5242-sales-demonstrators-level-5,5242.,40236,wages_statfin,,Upper secondary,None,On-the-job training,1052,2023,3,Stable,extras_csv,4,"Sales demonstrators rely heavily on physical presence, interpersonal persuasion, and real-time human interaction to influence consumer behavior in retail environments. While AI can assist with scheduling, inventory analysis, or digital marketing strategies, the core requirement of the role—engaging customers in person—remains largely resistant to automation.",
5243 Door to door salespersons (Level 4),5,5243-door-to-door-salespersons-level-4,5243,,,,Upper secondary,None,On-the-job training,204,2023,2,Stable,extras_csv,4,"This role relies heavily on human-to-human interaction, persuasion, and physical presence, which are difficult for AI to replicate in a face-to-face context. However, AI is increasingly used to optimize lead generation, route planning, and sales scripts, which moderately impacts the efficiency and methodology of the work.",
5243. Door to door salespersons (Level 5),5,5243-door-to-door-salespersons-level-5,5243.,,,,Upper secondary,None,On-the-job training,204,2023,2,Stable,extras_csv,4,"This role relies heavily on human-to-human interaction, persuasion, and physical presence, which are difficult for AI to replicate in a face-to-face context. However, AI is increasingly used to optimize lead generation, route planning, and sales scripts, which moderately impacts the efficiency and methodology of the work.",
5244 Contact centre salespersons (Level 4),5,5244-contact-centre-salespersons-level-4,5244,32064,wages_statfin,,Upper secondary,None,On-the-job training,5615,2023,3,Stable,extras_csv,9,"Contact centre sales is a fully digital, information-processing role that is highly susceptible to automation through conversational AI and large language models. AI can already handle routine customer interactions, script-based sales, and data entry, making this occupation face significant restructuring.",
5244. Contact centre salespersons (Level 5),5,5244-contact-centre-salespersons-level-5,5244.,32064,wages_statfin,,Upper secondary,None,On-the-job training,5615,2023,3,Stable,extras_csv,9,"Contact centre sales is a fully digital, information-processing role that is highly susceptible to automation through conversational AI and large language models. AI can already handle routine customer interactions, script-based sales, and data entry, making this occupation face significant restructuring.",
5245 Service station attendants (Level 4),5,5245-service-station-attendants-level-4,5245,31356,wages_statfin,,Upper secondary,None,On-the-job training,1270,2023,2,Stable,extras_csv,3,"The role involves significant physical presence and customer service tasks at a service station, which are difficult to automate entirely. While payment and inventory management are increasingly digitized, the core functions of assisting customers and maintaining the physical site remain largely manual.",
5245. Service station attendants (Level 5),5,5245-service-station-attendants-level-5,5245.,31356,wages_statfin,,Upper secondary,None,On-the-job training,1270,2023,2,Stable,extras_csv,3,"The role involves significant physical presence and customer service tasks at a service station, which are difficult to automate entirely. While payment and inventory management are increasingly digitized, the core functions of assisting customers and maintaining the physical site remain largely manual.",
5246 Food service counter attendants (Level 4),5,5246-food-service-counter-attendants-level-4,5246,29568,wages_statfin,,Upper secondary,None,On-the-job training,10800,2023,3,Stable,extras_csv,3,"The role involves significant physical interaction with customers and manual tasks such as food preparation and service that are difficult to automate fully. While AI can assist with peripheral tasks like order processing or inventory management, the core of the job requires a human presence in a physical environment.",
5246. Food service counter attendants (Level 5),5,5246-food-service-counter-attendants-level-5,5246.,29568,wages_statfin,,Upper secondary,None,On-the-job training,10800,2023,3,Stable,extras_csv,3,"The role involves significant physical interaction with customers and manual tasks such as food preparation and service that are difficult to automate fully. While AI can assist with peripheral tasks like order processing or inventory management, the core of the job requires a human presence in a physical environment.",
5249 Sales workers not elsewhere classified (Level 4),5,5249-sales-workers-not-elsewhere-classified-level-4,5249,37800,wages_statfin,,Upper secondary,None,On-the-job training,1151,2023,2,Below average,extras_csv,6,"This role involves significant interpersonal interaction and physical presence in retail or sales environments, which provides a buffer against full automation. However, the core tasks of product information dissemination, inventory management, and customer communication are increasingly being handled by digital interfaces and AI-driven recommendation systems.",
5249. Sales workers not elsewhere classified (Level 5),5,5249-sales-workers-not-elsewhere-classified-level-5,5249.,37800,wages_statfin,,Upper secondary,None,On-the-job training,1151,2023,2,Below average,extras_csv,6,"This role involves significant interpersonal interaction and physical presence in retail or sales environments, which provides a buffer against full automation. However, the core tasks of product information dissemination, inventory management, and customer communication are increasingly being handled by digital interfaces and AI-driven recommendation systems.",
53 Personal care workers (Level 2),5,53-personal-care-workers-level-2,53,35112,wages_statfin,,,,,202862,2023,,,,3,"Personal care work is fundamentally rooted in physical presence, empathy, and real-time human interaction, which are difficult for AI to replicate. While AI may assist with administrative tasks like scheduling or documentation, the core of the job requires manual care and physical assistance that remains largely shielded from automation.",
531 Child care workers and teachers' aides (Level 3),5,531-child-care-workers-and-teachers-aides-level-3,531,31068,wages_statfin,,,,,63206,2023,,,,3,"This occupation relies heavily on physical presence, emotional labor, and real-time supervision of children, which are domains where AI has very limited utility. While AI might assist with administrative tasks like scheduling or lesson planning, the core responsibilities of caregiving and direct interaction remain fundamentally human-centric.",
5311 Child care workers (Level 4),5,5311-child-care-workers-level-4,5311,31356,wages_statfin,,Upper secondary,None,On-the-job training,44429,2023,2,Stable,extras_csv,3,"This occupation relies heavily on physical presence, emotional labor, and real-time supervision of children, which are domains where AI has very limited utility. While AI might assist with administrative tasks like scheduling or lesson planning, the core responsibilities of caregiving and direct interaction remain fundamentally human-centric.",
5311. (Not more specifically classified) Child care workers (Level 5),5,5311-not-more-specifically-classified-child-care-workers-level-5,5311.,31356,wages_statfin,,Upper secondary,None,On-the-job training,0,2023,2,Stable,extras_csv,2,"Child care work is fundamentally based on physical presence, emotional labor, and real-time human interaction, which are domains where AI has very limited application. While AI might assist with administrative tasks like scheduling or reporting, it cannot replace the core requirement of providing direct, hands-on care and supervision to children.",
53111 Childminders in kindergartens and other institutions (Level 5),5,53111-childminders-in-kindergartens-and-other-institutions-level-5,53111,31560,wages_statfin,,Upper secondary,None,On-the-job training,38675,2023,2,Below average,extras_csv,2,"The core of this occupation involves physical care, supervision, and real-time interpersonal interaction with children, which cannot be automated by AI. While AI might assist with administrative tasks like scheduling or documentation, it has minimal impact on the essential, hands-on nature of the work.",
53112 Private childminders (Level 5),5,53112-private-childminders-level-5,53112,28572,wages_statfin,,Upper secondary,None,On-the-job training,2829,2023,2,Below average,extras_csv,1,"Private childminding is fundamentally based on physical presence, emotional care, and real-time human interaction in unpredictable environments. These tasks are outside the scope of current and near-future AI capabilities, as they require physical safety, nurturing, and direct supervision.",
53113 Children's club leaders (Level 5),5,53113-children-s-club-leaders-level-5,53113,30144,wages_statfin,,Upper secondary,None,On-the-job training,2925,2023,2,Below average,extras_csv,2,"This occupation relies heavily on physical presence, real-time interpersonal interaction, and the supervision of children, which are domains where AI has minimal utility. While AI might assist with administrative tasks like activity planning or scheduling, it cannot replace the core requirement of human care and physical engagement.",
5312 Teachers' aides (Level 4),5,5312-teachers-aides-level-4,5312,29784,wages_statfin,,Upper secondary,None,On-the-job training,18777,2023,3,Stable,extras_csv,3,"This occupation relies heavily on physical presence, emotional labor, and real-time supervision of children, which are domains where AI has very limited utility. While AI might assist with administrative tasks like scheduling or lesson planning, the core responsibilities of caregiving and direct interaction remain fundamentally human-centric.",
5312. Teachers' aides (Level 5),5,5312-teachers-aides-level-5,5312.,29784,wages_statfin,,Upper secondary,None,On-the-job training,18777,2023,3,Stable,extras_csv,3,"This occupation relies heavily on physical presence, emotional labor, and real-time supervision of children, which are domains where AI has very limited utility. While AI might assist with administrative tasks like scheduling or lesson planning, the core responsibilities of caregiving and direct interaction remain fundamentally human-centric.",
5321 Health care assistants (Level 4),5,5321-health-care-assistants-level-4,5321,38664,wages_statfin,,Upper secondary,None,On-the-job training,94245,2023,2,Below average,extras_csv,3,"Health care assistants perform tasks that are primarily physical, hands-on, and require real-time human presence in a clinical environment. While AI may assist with administrative tasks like scheduling or documentation, the core of the job involves direct patient care and physical support, which remains largely shielded from automation.",
5321. (Not more specifically classified) Health care assistants (Level 5),5,5321-not-more-specifically-classified-health-care-assistants-level-5,5321.,38664,wages_statfin,,Upper secondary,None,On-the-job training,17,2023,2,Below average,extras_csv,3,"Health care assistants perform tasks that are primarily physical, hands-on, and require real-time human presence in a clinical environment. While AI may assist with administrative tasks like scheduling or documentation, the core of the job involves direct patient care and physical support, which remains largely shielded from automation.",
53211 Practical mental nurses (Level 5),5,53211-practical-mental-nurses-level-5,53211,38556,wages_statfin,,Upper secondary,None,On-the-job training,4669,2023,2,Below average,extras_csv,3,"Practical mental nurses perform work that is fundamentally interpersonal, physical, and requires real-time human presence in unpredictable clinical environments. While AI may assist with administrative documentation or scheduling, the core of the role—providing emotional support, monitoring patient behavior, and physical care—remains largely shielded from automation.",
53212 Mental handicap nurses (Level 5),5,53212-mental-handicap-nurses-level-5,53212,38940,wages_statfin,,Upper secondary,None,On-the-job training,13971,2023,2,Below average,extras_csv,3,"This role relies heavily on physical presence, emotional intelligence, and real-time human interaction, which are difficult for AI to replicate. While AI may assist with administrative documentation or care planning, the core of the job involves direct, hands-on support for individuals with mental handicaps.",
53213 Social work assistants (Level 5),5,53213-social-work-assistants-level-5,53213,38928,wages_statfin,,Upper secondary,None,On-the-job training,57614,2023,2,Below average,extras_csv,4,"Social work assistants perform a mix of administrative tasks and direct, interpersonal support that requires human empathy and physical presence. While AI can assist with documentation and scheduling, the core of the role involves navigating complex human situations and providing hands-on care that remains resistant to automation.",
53219 Other practical nurses (Level 5),5,53219-other-practical-nurses-level-5,53219,37848,wages_statfin,,Upper secondary,None,On-the-job training,17974,2023,2,Below average,extras_csv,4,"Practical nursing involves significant physical interaction, patient care, and real-time human judgment that cannot be automated. While AI can assist with administrative tasks, scheduling, and monitoring patient data, the core of the role requires a physical presence and human empathy.",
532 Personal care workers in health services (Level 3),5,532-personal-care-workers-in-health-services-level-3,532,38064,wages_statfin,,,,,139656,2023,,,,3,"This role involves significant physical labor, direct patient interaction, and real-time caregiving that cannot be automated by current AI. While AI may assist with administrative tasks like scheduling or documentation, the core of the job requires human presence and physical dexterity.",
5322 Home-based personal care workers (Level 4),5,5322-home-based-personal-care-workers-level-4,5322,38400,wages_statfin,,Upper secondary,None,On-the-job training,31471,2023,2,Below average,extras_csv,2,"This occupation relies heavily on physical presence, manual care, and real-time human interaction, which are difficult for AI to replicate. While AI may assist with administrative tasks like scheduling or reporting, it cannot perform the core duties of providing physical and emotional support to individuals in their homes.",
5322. (Not more specifically classified) Home-based personal care workers (Level 5),5,5322-not-more-specifically-classified-home-based-personal-care-workers-level-5,5322.,38400,wages_statfin,,Upper secondary,None,On-the-job training,0,2023,2,Below average,extras_csv,2,"This occupation relies heavily on physical presence, manual care tasks, and real-time human interaction, which are difficult for AI to replicate. AI exposure is limited to minor administrative or scheduling tasks, while the core of the work remains inherently human-centric.",
53221 Household service workers (Level 5),5,53221-household-service-workers-level-5,53221,39060,wages_statfin,,Upper secondary,None,On-the-job training,23902,2023,2,Below average,extras_csv,1,"Household service work is fundamentally physical and requires manual labor in unpredictable, private environments. Because the core tasks involve cleaning, organizing, and physical maintenance, AI has virtually no capacity to automate or reshape the essential nature of this occupation.",
"53222 Personal care workers, family carers, etc. (Level 5)",5,53222-personal-care-workers-family-carers-etc-level-5,53222,28632,wages_statfin,,Upper secondary,None,On-the-job training,7569,2023,2,Below average,extras_csv,2,"This occupation relies heavily on physical presence, manual care, and real-time human interaction, which are difficult for AI to replicate. AI exposure is limited to minor administrative tasks like scheduling or documentation, while the core caregiving duties remain inherently human-centric.",
5329 Personal care workers in health services not elsewhere classified (Level 4),5,5329-personal-care-workers-in-health-services-not-elsewhere-classified-level-4,5329,32232,wages_statfin,,Upper secondary,None,On-the-job training,13940,2023,2,Below average,extras_csv,2,"This occupation involves direct physical care and real-time human interaction in unpredictable health environments, which are highly resistant to automation. AI may assist with minor administrative tasks or scheduling, but the core responsibilities require physical presence and human empathy that AI cannot replicate.",
53291 Dental assistants (Level 5),5,53291-dental-assistants-level-5,53291,33240,wages_statfin,,Upper secondary,None,On-the-job training,5503,2023,2,Below average,extras_csv,3,"The role is primarily physical and requires real-time, hands-on interaction with patients in a clinical setting, which creates a significant barrier to automation. While AI may assist with administrative tasks like scheduling or record-keeping, the core clinical responsibilities remain dependent on human dexterity and interpersonal care.",
53292 Equipment maintenance assistants (Level 5),5,53292-equipment-maintenance-assistants-level-5,53292,31500,wages_statfin,,Upper secondary,None,On-the-job training,2175,2023,2,Below average,extras_csv,3,"This role involves physical, hands-on maintenance tasks that require manual dexterity and presence in a physical environment. While AI may assist with scheduling or diagnostic documentation, the core of the work remains tied to physical equipment repair and maintenance, which is difficult to automate.",
53293 Pharmaceutical assistants (Level 5),5,53293-pharmaceutical-assistants-level-5,53293,29268,wages_statfin,,Upper secondary,None,On-the-job training,2918,2023,2,Below average,extras_csv,5,"Pharmaceutical assistants perform a mix of routine administrative tasks, inventory management, and customer-facing service in a physical pharmacy setting. While the digital aspects of record-keeping and inventory are highly susceptible to AI automation, the role requires physical presence for dispensing medication and providing human-centric patient interaction.",
53294 Massage therapists and practical rehabilitation nurses (Level 5),5,53294-massage-therapists-and-practical-rehabilitation-nurses-level-5,53294,34224,wages_statfin,,Upper secondary,None,On-the-job training,3344,2023,2,Below average,extras_csv,2,"The core of this occupation involves physical, hands-on therapeutic work that requires real-time human presence and tactile feedback, which cannot be automated by AI. AI may assist with administrative tasks like scheduling or record-keeping, but it has minimal impact on the primary physical duties of the role.",
54 Protective services workers (Level 2),5,54-protective-services-workers-level-2,54,42396,wages_statfin,,,,,21406,2023,,,,3,"Protective services work is primarily physical and requires real-time human presence, situational awareness, and interpersonal interaction in unpredictable environments. While AI can assist with surveillance monitoring or administrative reporting, the core responsibilities of physical intervention and human judgment in security contexts remain largely resistant to automation.",
541 Protective services workers (Level 3),5,541-protective-services-workers-level-3,541,42396,wages_statfin,,,,,21406,2023,,,,3,"Protective services work is primarily physical and requires real-time human presence, situational awareness, and interpersonal interaction in unpredictable environments. While AI can assist with surveillance monitoring or administrative reporting, the core responsibilities of physical intervention and human judgment in security contexts remain largely resistant to automation.",
5411 Fire-fighters (Level 4),5,5411-fire-fighters-level-4,5411,47580,wages_statfin,,Upper secondary,None,On-the-job training,4060,2023,3,Stable,extras_csv,2,"Firefighting is a highly physical, high-stakes occupation that requires real-time human decision-making and manual intervention in unpredictable, dangerous environments. While AI may assist with logistical tasks like route optimization or predictive maintenance of equipment, it cannot replace the core physical requirements of the job.",
5411. Fire-fighters (Level 5),5,5411-fire-fighters-level-5,5411.,47580,wages_statfin,,Upper secondary,None,On-the-job training,4060,2023,3,Stable,extras_csv,2,"Firefighting is a highly physical, high-stakes occupation that requires real-time human decision-making and manual intervention in unpredictable, dangerous environments. While AI may assist with logistical tasks like route optimization or predictive maintenance of equipment, it cannot replace the core physical requirements of the job.",
5412 Police officers (Level 4),5,5412-police-officers-level-4,5412,,,,Upper secondary,None,On-the-job training,3673,2023,2,Stable,extras_csv,4,"Police work involves significant physical presence, real-time decision-making in unpredictable environments, and interpersonal interaction that AI cannot replicate. While AI can assist with administrative tasks, data analysis, and surveillance monitoring, the core functions of law enforcement require human accountability and physical intervention.",
5412. Police officers (Level 5),5,5412-police-officers-level-5,5412.,,,,Upper secondary,None,On-the-job training,3673,2023,2,Stable,extras_csv,4,"Police work involves significant physical presence, real-time decision-making in unpredictable environments, and interpersonal interaction that AI cannot replicate. While AI can assist with administrative tasks, data analysis, and surveillance monitoring, the core functions of law enforcement require human accountability and physical intervention.",
5413 Prison guards (Level 4),5,5413-prison-guards-level-4,5413,41784,wages_statfin,,Upper secondary,None,On-the-job training,1691,2023,3,Stable,extras_csv,2,"The role of a prison guard is fundamentally centered on physical presence, real-time human interaction, and security monitoring in an unpredictable environment. While AI can assist with surveillance and administrative logging, the core responsibilities of maintaining order and responding to physical incidents remain inherently human-centric.",
5413. Prison guards (Level 5),5,5413-prison-guards-level-5,5413.,41784,wages_statfin,,Upper secondary,None,On-the-job training,1691,2023,3,Stable,extras_csv,2,"The role of a prison guard is fundamentally centered on physical presence, real-time human interaction, and security monitoring in an unpredictable environment. While AI can assist with surveillance and administrative logging, the core responsibilities of maintaining order and responding to physical incidents remain inherently human-centric.",
5414 Security guards (Level 4),5,5414-security-guards-level-4,5414,34296,wages_statfin,,Upper secondary,None,On-the-job training,10924,2023,2,Stable,extras_csv,3,"Security guard work is primarily physical and requires real-time human presence to monitor environments and respond to incidents. While AI-powered surveillance and analytics can assist with monitoring tasks, the core requirement for physical intervention and human judgment in unpredictable situations remains a significant barrier to automation.",
5414. Security guards (Level 5),5,5414-security-guards-level-5,5414.,34296,wages_statfin,,Upper secondary,None,On-the-job training,10924,2023,2,Stable,extras_csv,3,"Security guard work is primarily physical and requires real-time human presence to monitor environments and respond to incidents. While AI-powered surveillance and analytics can assist with monitoring tasks, the core requirement for physical intervention and human judgment in unpredictable situations remains a significant barrier to automation.",
5419 Protective services workers not elsewhere classified (Level 4),5,5419-protective-services-workers-not-elsewhere-classified-level-4,5419,,,,Upper secondary,None,On-the-job training,1058,2023,3,Stable,extras_csv,2,"This occupation involves physical presence and real-time human interaction in unpredictable environments, such as security or surveillance roles. While AI may assist with monitoring or reporting tasks, the core of the work requires physical intervention and human judgment that cannot be automated.",
5419. Protective services workers not elsewhere classified (Level 5),5,5419-protective-services-workers-not-elsewhere-classified-level-5,5419.,,,,Upper secondary,None,On-the-job training,1058,2023,3,Stable,extras_csv,2,"This occupation involves physical presence and real-time human interaction in unpredictable environments, such as security or surveillance roles. While AI may assist with monitoring or reporting tasks, the core of the work requires physical intervention and human judgment that cannot be automated.",
"6  Skilled agricultural, forestry and fishery workers (Level 1)",6,6-skilled-agricultural-forestry-and-fishery-workers-level-1,6,30732,wages_statfin,,,,,47545,2023,,,,2,"This occupation involves manual, physical labor in unpredictable outdoor environments that require high levels of dexterity and sensory perception. While AI may assist with precision farming or data-driven logistics, the core tasks remain fundamentally tied to physical interaction with biological and environmental systems.",
61 Market-oriented skilled agricultural workers (Level 2),6,61-market-oriented-skilled-agricultural-workers-level-2,61,30480,wages_statfin,,,,,42212,2023,,,,2,"This occupation is primarily physical and involves working in unpredictable outdoor environments, which creates a natural barrier to AI automation. While AI can assist with peripheral tasks like precision farming data analysis or resource scheduling, the core work remains hands-on and manual.",
611 Market gardeners and crop growers (Level 3),6,611-market-gardeners-and-crop-growers-level-3,611,29832,wages_statfin,,,,,18511,2023,,,,2,"The work is primarily physical and involves manual labor in unpredictable outdoor environments, which creates a high barrier to automation. While AI can assist with peripheral tasks like crop monitoring or resource management, the core activities of planting, tending, and harvesting remain largely physical.",
6111 Field crop and vegetable growers (Level 4),6,6111-field-crop-and-vegetable-growers-level-4,6111,29160,wages_statfin,,Upper secondary,None,Vocational training,12088,2023,3,Stable,extras_csv,1,"Field crop and vegetable growing is a physically intensive occupation that requires direct interaction with biological systems and unpredictable outdoor environments. While AI can assist with precision agriculture and monitoring, the core tasks of cultivation and harvesting remain fundamentally manual and physical, resulting in minimal exposure.",
6111. (Not more specifically classified) Field crop and vegetable growers (Level 5),6,6111-not-more-specifically-classified-field-crop-and-vegetable-growers-level-5,6111.,29160,wages_statfin,,Upper secondary,None,Vocational training,0,2023,3,Stable,extras_csv,1,"Field crop and vegetable growing is a physically intensive occupation that requires direct interaction with biological systems and unpredictable outdoor environments. While AI can assist with precision agriculture and monitoring, the core tasks of cultivation and harvesting remain fundamentally manual and physical, resulting in minimal exposure.",
61111 Crop growers (Level 5),6,61111-crop-growers-level-5,61111,,,,Upper secondary,None,Vocational training,11314,2023,2,Below average,extras_csv,2,"The work is primarily physical and involves manual labor in unpredictable outdoor environments, which creates a high barrier to automation. While AI can assist with peripheral tasks like crop monitoring or resource management, the core activities of planting, tending, and harvesting remain largely physical.",
61112 Field crop supervisors and workers (Level 5),6,61112-field-crop-supervisors-and-workers-level-5,61112,,,,Upper secondary,None,Vocational training,774,2023,2,Below average,extras_csv,1,"This occupation is primarily physical and involves manual labor in unpredictable outdoor environments, which presents a high barrier to automation. While AI may eventually assist with precision agriculture or monitoring, the core tasks of field crop work remain fundamentally hands-on and physical.",
6112 Tree and shrub crop growers (Level 4),6,6112-tree-and-shrub-crop-growers-level-4,6112,,,,Upper secondary,None,Vocational training,13,2023,2,Stable,extras_csv,1,"This occupation involves physical, hands-on agricultural work in outdoor environments that cannot be performed by digital AI systems. While AI-driven precision agriculture or robotics may eventually assist with monitoring or harvesting, the core tasks remain fundamentally manual and physical.",
6112. Tree and shrub crop growers (Level 5),6,6112-tree-and-shrub-crop-growers-level-5,6112.,,,,Upper secondary,None,Vocational training,13,2023,2,Stable,extras_csv,1,"This occupation involves physical, hands-on agricultural work in outdoor environments that cannot be performed by digital AI systems. While AI-driven precision agriculture or robotics may eventually assist with monitoring or harvesting, the core tasks remain fundamentally manual and physical.",
"6113 Gardeners, horticultural and nursery growers (Level 4)",6,6113-gardeners-horticultural-and-nursery-growers-level-4,6113,29892,wages_statfin,,Upper secondary,None,Vocational training,6400,2023,3,Stable,extras_csv,1,"The work is primarily physical, involving manual labor, plant care, and environmental management that requires real-time interaction with the physical world. AI has minimal impact on these core tasks, as they cannot be digitized or automated by current AI systems.",
"6113. (Not more specifically classified) Gardeners, horticultural and nursery growers (Level 5)",6,6113-not-more-specifically-classified-gardeners-horticultural-and-nursery-growers-level-5,6113.,29892,wages_statfin,,Upper secondary,None,Vocational training,0,2023,3,Stable,extras_csv,1,"This occupation is primarily physical and involves working in unpredictable, outdoor environments that require manual dexterity and biological knowledge. While AI may assist with basic scheduling or inventory management, the core tasks of cultivation and plant care remain largely immune to automation.",
"61131 Gardeners, horticultural and nursery growers (Level 5)",6,61131-gardeners-horticultural-and-nursery-growers-level-5,61131,29760,wages_statfin,,Upper secondary,None,Vocational training,1244,2023,2,Below average,extras_csv,1,"The work is primarily physical, involving manual labor, plant care, and environmental management that requires real-time interaction with the physical world. AI has minimal impact on these core tasks, as they cannot be digitized or automated by current AI systems.",
"61132 Gardeners, horticultural and nursery growers and workers (Level 5)",6,61132-gardeners-horticultural-and-nursery-growers-and-workers-level-5,61132,29904,wages_statfin,,Upper secondary,None,Vocational training,5156,2023,2,Below average,extras_csv,1,"The work is primarily physical and involves manual tasks in unpredictable outdoor or greenhouse environments that require dexterity and real-time sensory judgment. AI has minimal impact on these core horticultural activities, as they lack a digital work product.",
6114 Mixed crop growers (Level 4),6,6114-mixed-crop-growers-level-4,6114,,,,Upper secondary,None,Vocational training,10,2023,2,Stable,extras_csv,1,"This occupation is primarily physical and involves manual labor in unpredictable outdoor environments, which are difficult for AI to automate. While AI may assist with peripheral tasks like crop monitoring or data-driven decision-making, the core work remains hands-on and physical.",
6114. Mixed crop growers (Level 5),6,6114-mixed-crop-growers-level-5,6114.,,,,Upper secondary,None,Vocational training,10,2023,2,Stable,extras_csv,1,"This occupation is primarily physical and involves manual labor in unpredictable outdoor environments, which are difficult for AI to automate. While AI may assist with peripheral tasks like crop monitoring or data-driven decision-making, the core work remains hands-on and physical.",
612 Animal producers (Level 3),6,612-animal-producers-level-3,612,32160,wages_statfin,,,,,18841,2023,,,,2,"Animal production is a highly physical, hands-on occupation that requires real-time interaction with living organisms in unpredictable environments. While AI can assist with peripheral tasks like monitoring herd health via sensors or optimizing feed schedules, the core labor remains manual and physical, creating a natural barrier to automation.",
6121 Livestock and dairy producers (Level 4),6,6121-livestock-and-dairy-producers-level-4,6121,32760,wages_statfin,,Upper secondary,None,Vocational training,16955,2023,3,Stable,extras_csv,2,"The work is primarily physical and involves direct interaction with livestock and agricultural environments, which are difficult to automate fully. While AI and IoT sensors can assist with monitoring animal health or optimizing feed, the core tasks remain manual and require real-time physical presence.",
61211 Dairy and livestock producers (Level 5),6,61211-dairy-and-livestock-producers-level-5,61211,,,,Upper secondary,None,Vocational training,11886,2023,2,Below average,extras_csv,2,"The work is primarily physical and involves direct interaction with livestock and agricultural environments, which are difficult to automate fully. While AI and IoT sensors can assist with monitoring animal health or optimizing feed, the core tasks remain manual and require real-time physical presence.",
61212 Dairy and livestock workers (Level 5),6,61212-dairy-and-livestock-workers-level-5,61212,29220,wages_statfin,,Upper secondary,None,Vocational training,2510,2023,2,Below average,extras_csv,2,"The work is primarily physical and involves direct interaction with livestock in unpredictable, non-digital environments. While AI-driven monitoring systems for animal health or automated milking technology exist, the core tasks remain manual and require physical presence, limiting the overall impact of AI on the occupation.",
61213 Pet producers (Level 5),6,61213-pet-producers-level-5,61213,,,,Upper secondary,None,Vocational training,6,2023,2,Below average,extras_csv,1,"Pet production is a physically intensive, hands-on occupation involving the care, feeding, and management of live animals. Because the core tasks require direct physical interaction and real-time observation in a biological environment, AI has minimal capacity to automate or reshape the fundamental nature of the work.",
61214 Farm relief workers (Level 5),6,61214-farm-relief-workers-level-5,61214,,,,Upper secondary,None,Vocational training,2553,2023,2,Below average,extras_csv,1,"Farm relief work is fundamentally physical and requires real-time, hands-on interaction with livestock and agricultural equipment in unpredictable environments. AI has minimal impact on these core manual tasks, as they require physical presence and sensory judgment that current technology cannot replicate.",
6122 Poultry producers (Level 4),6,6122-poultry-producers-level-4,6122,30720,wages_statfin,,Upper secondary,None,Vocational training,702,2023,2,Stable,extras_csv,1,"Poultry production is a highly physical, hands-on occupation that requires direct interaction with livestock and maintenance of physical facilities. While AI can assist with environmental monitoring or automated feeding systems, the core tasks remain rooted in physical labor and biological management that cannot be performed digitally.",
6122. Poultry producers (Level 5),6,6122-poultry-producers-level-5,6122.,30720,wages_statfin,,Upper secondary,None,Vocational training,702,2023,2,Stable,extras_csv,1,"Poultry production is a highly physical, hands-on occupation that requires direct interaction with livestock and maintenance of physical facilities. While AI can assist with environmental monitoring or automated feeding systems, the core tasks remain rooted in physical labor and biological management that cannot be performed digitally.",
6123 Apiarists and sericulturists (Level 4),6,6123-apiarists-and-sericulturists-level-4,6123,,,,Upper secondary,None,Vocational training,7,2023,3,Stable,extras_csv,1,"This occupation is primarily physical and requires direct, hands-on interaction with biological organisms in unpredictable outdoor environments. AI has minimal impact on the core tasks of managing beehives or silkworm production, as these require manual dexterity and real-time physical judgment.",
6123. Apiarists and sericulturists (Level 5),6,6123-apiarists-and-sericulturists-level-5,6123.,,,,Upper secondary,None,Vocational training,7,2023,3,Stable,extras_csv,1,"This occupation is primarily physical and requires direct, hands-on interaction with biological organisms in unpredictable outdoor environments. AI has minimal impact on the core tasks of managing beehives or silkworm production, as these require manual dexterity and real-time physical judgment.",
6129 Animal producers not elsewhere classified (Level 4),6,6129-animal-producers-not-elsewhere-classified-level-4,6129,,,,Upper secondary,None,Vocational training,1177,2023,2,Stable,extras_csv,2,"This occupation involves manual, physical labor in agricultural settings, such as animal husbandry and farm maintenance, which are difficult to automate with current AI. While AI may assist with monitoring systems or record-keeping, the core tasks require physical presence and real-time interaction with living animals.",
6129. (Not more specifically classified) Animal producers not elsewhere classified (Level 5),6,6129-not-more-specifically-classified-animal-producers-not-elsewhere-classified-level-5,6129.,,,,Upper secondary,None,Vocational training,0,2023,2,Stable,extras_csv,1,"This occupation involves physical, hands-on work with animals in agricultural settings, which requires real-time physical interaction and unpredictable environmental management. AI has minimal impact on these core manual and biological tasks, as they cannot be performed in a digital or remote environment.",
61291 Fur and reindeer producers (Level 5),6,61291-fur-and-reindeer-producers-level-5,61291,30000,wages_statfin,,Upper secondary,None,Vocational training,872,2023,2,Below average,extras_csv,1,"This occupation is almost entirely physical and tied to animal husbandry, which requires direct, real-time interaction with living creatures in outdoor environments. AI has no capacity to perform the core manual and biological tasks required for reindeer and fur production.",
61299 Animal workers not elsewhere classified (Level 5),6,61299-animal-workers-not-elsewhere-classified-level-5,61299,,,,Upper secondary,None,Vocational training,305,2023,2,Below average,extras_csv,2,"This occupation involves hands-on, physical work with animals, which requires real-time interaction and manual skill in unpredictable environments. AI has minimal impact on these core tasks, potentially only assisting with minor administrative or scheduling duties.",
613 Mixed crop and animal producers (Level 3),6,613-mixed-crop-and-animal-producers-level-3,613,30000,wages_statfin,,,,,4860,2023,,,,2,"The work is primarily physical and involves direct interaction with biological systems, livestock, and unpredictable outdoor environments. While AI can assist with peripheral tasks like farm management software or automated monitoring, the core labor remains manual and site-specific.",
6130 Mixed crop and animal producers (Level 4),6,6130-mixed-crop-and-animal-producers-level-4,6130,30000,wages_statfin,,Upper secondary,None,Vocational training,4860,2023,3,Stable,extras_csv,2,"The work is primarily physical and involves direct interaction with biological systems, livestock, and unpredictable outdoor environments. While AI can assist with peripheral tasks like farm management software or automated monitoring, the core labor remains manual and site-specific.",
6130. Mixed crop and animal producers (Level 5),6,6130-mixed-crop-and-animal-producers-level-5,6130.,30000,wages_statfin,,Upper secondary,None,Vocational training,4860,2023,3,Stable,extras_csv,2,"The work is primarily physical and involves direct interaction with biological systems, livestock, and unpredictable outdoor environments. While AI can assist with peripheral tasks like farm management software or automated monitoring, the core labor remains manual and site-specific.",
"62 Market-oriented skilled forestry, fishery and hunting workers (Level 2)",6,62-market-oriented-skilled-forestry-fishery-and-hunting-workers-level-2,62,32340,wages_statfin,,,,,5333,2023,,,,1,"This occupation involves manual, physical labor in outdoor environments that are highly unpredictable and require complex sensory-motor skills. Because the work is fundamentally tied to physical interaction with nature and machinery, it remains largely immune to current and near-future AI automation.",
621 Forestry and related workers (Level 3),6,621-forestry-and-related-workers-level-3,621,31308,wages_statfin,,,,,4362,2023,,,,1,"Forestry work is primarily physical and performed in unpredictable outdoor environments, requiring manual skills and real-time interaction with the physical landscape. AI has minimal impact on the core tasks of planting, maintaining, and harvesting trees, as these activities are not digital in nature.",
6210 Forestry and related workers (Level 4),6,6210-forestry-and-related-workers-level-4,6210,31308,wages_statfin,,Upper secondary,None,Vocational training,4362,2023,3,Stable,extras_csv,1,"Forestry work is primarily physical and performed in unpredictable outdoor environments, requiring manual skills and real-time interaction with the physical landscape. AI has minimal impact on the core tasks of planting, maintaining, and harvesting trees, as these activities are not digital in nature.",
6210. Forestry and related workers (Level 5),6,6210-forestry-and-related-workers-level-5,6210.,31308,wages_statfin,,Upper secondary,None,Vocational training,4362,2023,3,Stable,extras_csv,1,"Forestry work is primarily physical and performed in unpredictable outdoor environments, requiring manual skills and real-time interaction with the physical landscape. AI has minimal impact on the core tasks of planting, maintaining, and harvesting trees, as these activities are not digital in nature.",
"622 Fishery workers, hunters and trappers (Level 3)",6,622-fishery-workers-hunters-and-trappers-level-3,622,37224,wages_statfin,,,,,971,2023,,,,1,"This occupation is almost entirely physical and performed in unpredictable, outdoor environments. The core tasks of fishing, hunting, and trapping rely on manual skill and physical presence, which are largely immune to AI automation.",
6221 Aquaculture workers (Level 4),6,6221-aquaculture-workers-level-4,6221,36732,wages_statfin,,Upper secondary,None,Vocational training,352,2023,2,Stable,extras_csv,1,"Aquaculture work is primarily physical, involving the manual care, feeding, and monitoring of aquatic life in outdoor or facility-based environments. Because the core tasks require direct physical interaction with biological systems and equipment, AI has minimal impact on the daily execution of the job.",
6221. (Not more specifically classified) Aquaculture workers (Level 5),6,6221-not-more-specifically-classified-aquaculture-workers-level-5,6221.,36732,wages_statfin,,Upper secondary,None,Vocational training,0,2023,2,Stable,extras_csv,1,"Aquaculture work is primarily physical, involving the manual care, feeding, and monitoring of aquatic life in outdoor or facility-based environments. Because the core tasks require direct physical interaction with biological systems and equipment, AI has minimal impact on the daily execution of the job.",
62211 Fish farmers (Level 5),6,62211-fish-farmers-level-5,62211,,,,Upper secondary,None,Vocational training,35,2023,2,Below average,extras_csv,1,"Fish farming is a physically demanding, hands-on occupation centered on biological processes and outdoor environments. While AI may assist with monitoring water quality or automated feeding systems, the core tasks remain manual and site-specific, leaving the occupation with minimal exposure to AI-driven automation.",
62212 Fishery supervisors and workers (Level 5),6,62212-fishery-supervisors-and-workers-level-5,62212,36732,wages_statfin,,Upper secondary,None,Vocational training,317,2023,2,Below average,extras_csv,1,"The occupation involves manual, physical labor in an unpredictable outdoor environment that requires real-time interaction with physical equipment and biological systems. AI has minimal impact on the core tasks of fishing and fishery management, as these activities cannot be digitized or automated by current AI technology.",
6222 Inland and coastal waters fishery workers (Level 4),6,6222-inland-and-coastal-waters-fishery-workers-level-4,6222,,,,Upper secondary,None,Vocational training,538,2023,3,Stable,extras_csv,1,"This occupation is almost entirely physical and performed in unpredictable, outdoor environments that require manual dexterity and real-time interaction with the physical world. AI has no capacity to perform the core tasks of fishing, such as operating vessels or handling equipment in marine conditions.",
6222. Inland and coastal waters fishery workers (Level 5),6,6222-inland-and-coastal-waters-fishery-workers-level-5,6222.,,,,Upper secondary,None,Vocational training,538,2023,3,Stable,extras_csv,1,"This occupation is almost entirely physical and performed in unpredictable, outdoor environments that require manual dexterity and real-time interaction with the physical world. AI has no capacity to perform the core tasks of fishing, such as operating vessels or handling equipment in marine conditions.",
6224 Hunters and trappers (Level 4),6,6224-hunters-and-trappers-level-4,6224,,,,Upper secondary,None,Vocational training,81,2023,3,Stable,extras_csv,1,"This occupation is almost entirely physical and performed in unpredictable, outdoor environments. The core tasks of fishing, hunting, and trapping rely on manual skill and physical presence, which are largely immune to AI automation.",
6224. Hunters and trappers (Level 5),6,6224-hunters-and-trappers-level-5,6224.,,,,Upper secondary,None,Vocational training,81,2023,3,Stable,extras_csv,1,"This occupation is almost entirely physical and performed in unpredictable, outdoor environments. The core tasks of fishing, hunting, and trapping rely on manual skill and physical presence, which are largely immune to AI automation.",
7  Craft and related trades workers (Level 1),7,7-craft-and-related-trades-workers-level-1,7,40980,wages_statfin,,,,,220431,2023,,,,2,"This category encompasses a broad range of manual, skilled trades that rely heavily on physical dexterity, tool manipulation, and on-site problem-solving in unpredictable environments. While AI may assist with administrative tasks like scheduling or material estimation, the core work remains fundamentally tied to physical interaction with materials and structures, which is highly resistant to automation.",
"71 Building and related trades workers, excluding electricians (Level 2)",7,71-building-and-related-trades-workers-excluding-electricians-level-2,71,41064,wages_statfin,,,,,88328,2023,,,,2,"This occupation consists of manual, physical labor in construction and building trades that requires dexterity, spatial awareness, and on-site problem solving. While AI may assist with administrative tasks like scheduling or material estimation, the core work remains fundamentally tied to the physical environment and cannot be automated by current or near-future AI.",
711 Building frame and related trades workers (Level 3),7,711-building-frame-and-related-trades-workers-level-3,711,40128,wages_statfin,,Upper secondary,None,Vocational training,55005,2023,3,Below average,extras_csv,1,"This occupation involves manual, physical construction tasks that require dexterity, spatial awareness, and real-time adaptation to unpredictable physical environments. Because the work is fundamentally hands-on and site-specific, it remains largely insulated from AI-driven automation.",
711.  (Not more specifically classified) Building frame and related trades workers (Level 4),7,711-not-more-specifically-classified-building-frame-and-related-trades-workers-level-4,711.,,,,Upper secondary,None,Vocational training,0,2023,3,Below average,extras_csv,1,"This occupation involves manual, physical labor in construction environments that require complex motor skills and real-time navigation of unpredictable physical spaces. AI has minimal impact on these core tasks, as they are not digital or information-processing in nature.",
711.. (Not more specifically classified) Building frame and related trades workers (Level 5),7,711-not-more-specifically-classified-building-frame-and-related-trades-workers-level-5,711..,40128,wages_statfin,,Upper secondary,None,Vocational training,0,2023,3,Below average,extras_csv,1,"This occupation involves manual, physical labor in construction environments that require complex motor skills and real-time navigation of unpredictable physical spaces. AI has minimal impact on these core tasks, as they are not digital or information-processing in nature.",
7111 House builders (Level 4),7,7111-house-builders-level-4,7111,39384,wages_statfin,,Upper secondary,None,Vocational training,37054,2023,4,Below average,extras_csv,1,"House building is a highly physical, manual trade that requires complex interaction with unpredictable physical environments and materials. AI has minimal impact on the core tasks of construction, as these require dexterity, physical presence, and real-time problem-solving in the field.",
7111. House builders (Level 5),7,7111-house-builders-level-5,7111.,39384,wages_statfin,,Upper secondary,None,Vocational training,37054,2023,4,Below average,extras_csv,1,"House building is a highly physical, manual trade that requires complex interaction with unpredictable physical environments and materials. AI has minimal impact on the core tasks of construction, as these require dexterity, physical presence, and real-time problem-solving in the field.",
7112 Bricklayers and related workers (Level 4),7,7112-bricklayers-and-related-workers-level-4,7112,45264,wages_statfin,,Upper secondary,None,Vocational training,544,2023,3,Stable,extras_csv,1,"Bricklaying is a highly physical, manual trade that requires real-time interaction with unpredictable physical materials and environments. AI has no capacity to perform the core tasks of this occupation, as it lacks the physical dexterity and sensory judgment required for construction work.",
7112. Bricklayers and related workers (Level 5),7,7112-bricklayers-and-related-workers-level-5,7112.,45264,wages_statfin,,Upper secondary,None,Vocational training,544,2023,3,Stable,extras_csv,1,"Bricklaying is a highly physical, manual trade that requires real-time interaction with unpredictable physical materials and environments. AI has no capacity to perform the core tasks of this occupation, as it lacks the physical dexterity and sensory judgment required for construction work.",
"7113 Stonemasons, stone cutters, splitters and carvers (Level 4)",7,7113-stonemasons-stone-cutters-splitters-and-carvers-level-4,7113,39084,wages_statfin,,Upper secondary,None,Vocational training,631,2023,4,Below average,extras_csv,1,"This occupation is almost entirely physical, requiring manual skill, craftsmanship, and the physical manipulation of stone materials. Because the core tasks cannot be performed digitally or automated by current AI systems, the exposure to AI-driven disruption is minimal.",
"7113. Stonemasons, stone cutters, splitters and carvers (Level 5)",7,7113-stonemasons-stone-cutters-splitters-and-carvers-level-5,7113.,39084,wages_statfin,,Upper secondary,None,Vocational training,631,2023,4,Below average,extras_csv,1,"This occupation is almost entirely physical, requiring manual skill, craftsmanship, and the physical manipulation of stone materials. Because the core tasks cannot be performed digitally or automated by current AI systems, the exposure to AI-driven disruption is minimal.",
"7114 Concrete placers, concrete finishers and related workers (Level 4)",7,7114-concrete-placers-concrete-finishers-and-related-workers-level-4,7114,44508,wages_statfin,,Upper secondary,None,Vocational training,991,2023,3,Stable,extras_csv,1,"This occupation involves highly physical, manual labor performed in unpredictable construction environments that require complex motor skills and spatial awareness. AI and robotics currently lack the dexterity and adaptability to perform concrete finishing tasks, leaving the core work largely unaffected by digital automation.",
"7114. Concrete placers, concrete finishers and related workers (Level 5)",7,7114-concrete-placers-concrete-finishers-and-related-workers-level-5,7114.,44508,wages_statfin,,Upper secondary,None,Vocational training,991,2023,3,Stable,extras_csv,1,"This occupation involves highly physical, manual labor performed in unpredictable construction environments that require complex motor skills and spatial awareness. AI and robotics currently lack the dexterity and adaptability to perform concrete finishing tasks, leaving the core work largely unaffected by digital automation.",
7115 Carpenters and joiners (Level 4),7,7115-carpenters-and-joiners-level-4,7115,41712,wages_statfin,,Upper secondary,None,Vocational training,12881,2023,4,Below average,extras_csv,1,"Carpentry is a highly physical, manual trade requiring real-time interaction with unpredictable physical materials and environments. AI has minimal impact on the core tasks of construction, installation, and repair, as these require complex physical dexterity and on-site problem solving.",
7115. Carpenters and joiners (Level 5),7,7115-carpenters-and-joiners-level-5,7115.,41712,wages_statfin,,Upper secondary,None,Vocational training,12881,2023,4,Below average,extras_csv,1,"Carpentry is a highly physical, manual trade requiring real-time interaction with unpredictable physical materials and environments. AI has minimal impact on the core tasks of construction, installation, and repair, as these require complex physical dexterity and on-site problem solving.",
7119 Building frame and related trades workers not elsewhere classified (Level 4),7,7119-building-frame-and-related-trades-workers-not-elsewhere-classified-level-4,7119,38724,wages_statfin,,Upper secondary,None,Vocational training,2904,2023,3,Stable,extras_csv,1,"This occupation involves manual, physical labor on construction sites that requires dexterity, spatial awareness, and real-time adaptation to unpredictable physical environments. Because the work is fundamentally non-digital and requires hands-on interaction with physical materials, it remains largely immune to AI automation.",
7119. Building frame and related trades workers not elsewhere classified (Level 5),7,7119-building-frame-and-related-trades-workers-not-elsewhere-classified-level-5,7119.,38724,wages_statfin,,Upper secondary,None,Vocational training,2904,2023,3,Stable,extras_csv,1,"This occupation involves manual, physical labor on construction sites that requires dexterity, spatial awareness, and real-time adaptation to unpredictable physical environments. Because the work is fundamentally non-digital and requires hands-on interaction with physical materials, it remains largely immune to AI automation.",
712 Building finishers and related trades workers (Level 3),7,712-building-finishers-and-related-trades-workers-level-3,712,43656,wages_statfin,,Upper secondary,None,Vocational training,25177,2023,3,Below average,extras_csv,2,"The work of building finishers is primarily manual and physical, requiring specialized skills in construction environments that are difficult for AI to replicate. AI exposure is limited to peripheral administrative tasks like scheduling or material estimation, leaving the core manual labor unaffected.",
712.  (Not more specifically classified) Building finishers and related trades workers (Level 4),7,712-not-more-specifically-classified-building-finishers-and-related-trades-workers-level-4,712.,,,,Upper secondary,None,Vocational training,0,2023,3,Below average,extras_csv,2,"This occupation involves manual, physical labor such as plastering, painting, and floor laying, which requires significant dexterity and on-site physical presence. AI has minimal impact on these core tasks, as they are not digital and occur in unpredictable, non-standardized physical environments.",
712.. (Not more specifically classified) Building finishers and related trades workers (Level 5),7,712-not-more-specifically-classified-building-finishers-and-related-trades-workers-level-5,712..,43656,wages_statfin,,Upper secondary,None,Vocational training,0,2023,3,Below average,extras_csv,2,"This occupation involves manual, physical labor such as plastering, painting, and floor laying, which requires significant dexterity and on-site physical presence. AI has minimal impact on these core tasks, as they are not digital and occur in unpredictable, non-standardized physical environments.",
7121 Roofers (Level 4),7,7121-roofers-level-4,7121,42612,wages_statfin,,Upper secondary,None,Vocational training,2214,2023,3,Stable,extras_csv,1,"Roofing is a highly physical, manual trade that requires real-time interaction with unpredictable physical environments and complex site-specific conditions. AI has no capacity to perform the core tasks of this occupation, as it lacks the physical dexterity and situational awareness required for construction work.",
7121. Roofers (Level 5),7,7121-roofers-level-5,7121.,42612,wages_statfin,,Upper secondary,None,Vocational training,2214,2023,3,Stable,extras_csv,1,"Roofing is a highly physical, manual trade that requires real-time interaction with unpredictable physical environments and complex site-specific conditions. AI has no capacity to perform the core tasks of this occupation, as it lacks the physical dexterity and situational awareness required for construction work.",
7122 Floor layers and tile setters (Level 4),7,7122-floor-layers-and-tile-setters-level-4,7122,45372,wages_statfin,,Upper secondary,None,Vocational training,1890,2023,4,Below average,extras_csv,1,"This occupation is almost entirely physical and manual, requiring precise on-site craftsmanship and spatial judgment that AI cannot replicate. There is no digital component to the core tasks of laying floors or setting tiles, making it highly resistant to automation.",
7122. Floor layers and tile setters (Level 5),7,7122-floor-layers-and-tile-setters-level-5,7122.,45372,wages_statfin,,Upper secondary,None,Vocational training,1890,2023,4,Below average,extras_csv,1,"This occupation is almost entirely physical and manual, requiring precise on-site craftsmanship and spatial judgment that AI cannot replicate. There is no digital component to the core tasks of laying floors or setting tiles, making it highly resistant to automation.",
7123 Plasterers (Level 4),7,7123-plasterers-level-4,7123,42612,wages_statfin,,Upper secondary,None,Vocational training,552,2023,3,Stable,extras_csv,1,"Plastering is a highly manual, physical trade that requires real-time tactile feedback and physical presence on construction sites. AI has no capacity to perform the core manual tasks of applying, smoothing, and finishing surfaces in unpredictable physical environments.",
7123. Plasterers (Level 5),7,7123-plasterers-level-5,7123.,42612,wages_statfin,,Upper secondary,None,Vocational training,552,2023,3,Stable,extras_csv,1,"Plastering is a highly manual, physical trade that requires real-time tactile feedback and physical presence on construction sites. AI has no capacity to perform the core manual tasks of applying, smoothing, and finishing surfaces in unpredictable physical environments.",
7124 Insulation workers (Level 4),7,7124-insulation-workers-level-4,7124,41508,wages_statfin,,Upper secondary,None,Vocational training,2072,2023,4,Below average,extras_csv,1,"Insulation work is a highly physical, manual trade that requires on-site presence and complex physical manipulation of materials in unpredictable construction environments. AI has no capacity to perform these core manual tasks, and the role remains largely insulated from digital automation.",
7124. Insulation workers (Level 5),7,7124-insulation-workers-level-5,7124.,41508,wages_statfin,,Upper secondary,None,Vocational training,2072,2023,4,Below average,extras_csv,1,"Insulation work is a highly physical, manual trade that requires on-site presence and complex physical manipulation of materials in unpredictable construction environments. AI has no capacity to perform these core manual tasks, and the role remains largely insulated from digital automation.",
7125 Glaziers (Level 4),7,7125-glaziers-level-4,7125,36600,wages_statfin,,Upper secondary,None,Vocational training,715,2023,3,Stable,extras_csv,1,"Glazing is a highly manual, physical trade that requires on-site measurement, cutting, and installation of glass in unpredictable environments. Because the core tasks rely on physical dexterity and real-time interaction with physical materials, AI has minimal impact on the daily work.",
7125. Glaziers (Level 5),7,7125-glaziers-level-5,7125.,36600,wages_statfin,,Upper secondary,None,Vocational training,715,2023,3,Stable,extras_csv,1,"Glazing is a highly manual, physical trade that requires on-site measurement, cutting, and installation of glass in unpredictable environments. Because the core tasks rely on physical dexterity and real-time interaction with physical materials, AI has minimal impact on the daily work.",
7126 Plumbers and pipe fitters (Level 4),7,7126-plumbers-and-pipe-fitters-level-4,7126,44400,wages_statfin,,Upper secondary,None,Vocational training,14935,2023,4,Below average,extras_csv,2,"The work is primarily physical, requiring manual dexterity and on-site problem-solving in unpredictable, complex environments. While AI may assist with administrative tasks like scheduling or parts ordering, it cannot perform the core physical installation and repair duties.",
7126. Plumbers and pipe fitters (Level 5),7,7126-plumbers-and-pipe-fitters-level-5,7126.,44400,wages_statfin,,Upper secondary,None,Vocational training,14935,2023,4,Below average,extras_csv,2,"The work is primarily physical, requiring manual dexterity and on-site problem-solving in unpredictable, complex environments. While AI may assist with administrative tasks like scheduling or parts ordering, it cannot perform the core physical installation and repair duties.",
7127 Air conditioning and refrigeration mechanics (Level 4),7,7127-air-conditioning-and-refrigeration-mechanics-level-4,7127,43728,wages_statfin,,Upper secondary,None,Vocational training,2799,2023,3,Stable,extras_csv,2,"This occupation is primarily physical and manual, requiring on-site diagnosis and repair of mechanical systems in unpredictable environments. While AI may assist with minor administrative tasks or digital diagnostic manuals, the core work of physical installation and maintenance remains largely immune to automation.",
7127. Air conditioning and refrigeration mechanics (Level 5),7,7127-air-conditioning-and-refrigeration-mechanics-level-5,7127.,43728,wages_statfin,,Upper secondary,None,Vocational training,2799,2023,3,Stable,extras_csv,2,"This occupation is primarily physical and manual, requiring on-site diagnosis and repair of mechanical systems in unpredictable environments. While AI may assist with minor administrative tasks or digital diagnostic manuals, the core work of physical installation and maintenance remains largely immune to automation.",
"713 Painters, building structure cleaners and related trades workers (Level 3)",7,713-painters-building-structure-cleaners-and-related-trades-workers-level-3,713,38232,wages_statfin,,Upper secondary,None,Vocational training,8146,2023,3,Below average,extras_csv,1,"The work is almost entirely physical, requiring manual dexterity and on-site presence to perform tasks like painting and cleaning building structures. These activities occur in unpredictable physical environments that are currently beyond the capabilities of AI and robotics.",
"713.  (Not more specifically classified) Painters, building structure cleaners and related trades workers (Level 4)",7,713-not-more-specifically-classified-painters-building-structure-cleaners-and-related-trades-workers-level-4,713.,,,,Upper secondary,None,Vocational training,0,2023,3,Below average,extras_csv,1,"This occupation involves manual, physical labor in the construction and maintenance sector, which requires real-time interaction with unpredictable physical environments. AI has no capacity to perform these hands-on tasks, and the role remains almost entirely shielded from digital automation.",
"713.. (Not more specifically classified) Painters, building structure cleaners and related trades workers (Level 5)",7,713-not-more-specifically-classified-painters-building-structure-cleaners-and-related-trades-workers-level-5,713..,38232,wages_statfin,,Upper secondary,None,Vocational training,0,2023,3,Below average,extras_csv,1,"This occupation involves manual, physical labor in the construction and maintenance sector, which requires real-time interaction with unpredictable physical environments. AI has no capacity to perform these hands-on tasks, and the role remains almost entirely shielded from digital automation.",
7131 Painters and related workers (Level 4),7,7131-painters-and-related-workers-level-4,7131,39192,wages_statfin,,Upper secondary,None,Vocational training,5385,2023,3,Stable,extras_csv,1,"The work is almost entirely physical, requiring manual dexterity and on-site presence to perform tasks like painting and cleaning building structures. These activities occur in unpredictable physical environments that are currently beyond the capabilities of AI and robotics.",
7131. Painters and related workers (Level 5),7,7131-painters-and-related-workers-level-5,7131.,39192,wages_statfin,,Upper secondary,None,Vocational training,5385,2023,3,Stable,extras_csv,1,"The work is almost entirely physical, requiring manual dexterity and on-site presence to perform tasks like painting and cleaning building structures. These activities occur in unpredictable physical environments that are currently beyond the capabilities of AI and robotics.",
7132 Spray painters and varnishers (Level 4),7,7132-spray-painters-and-varnishers-level-4,7132,36828,wages_statfin,,Upper secondary,None,Vocational training,1819,2023,4,Below average,extras_csv,2,"This occupation involves manual, physical labor in a specialized industrial environment that requires dexterity and real-time sensory feedback. While AI may assist in optimizing paint mixtures or monitoring equipment, the core task of applying coatings to surfaces remains fundamentally physical and resistant to automation.",
7132. Spray painters and varnishers (Level 5),7,7132-spray-painters-and-varnishers-level-5,7132.,36828,wages_statfin,,Upper secondary,None,Vocational training,1819,2023,4,Below average,extras_csv,2,"This occupation involves manual, physical labor in a specialized industrial environment that requires dexterity and real-time sensory feedback. While AI may assist in optimizing paint mixtures or monitoring equipment, the core task of applying coatings to surfaces remains fundamentally physical and resistant to automation.",
7133 Building structure cleaners (Level 4),7,7133-building-structure-cleaners-level-4,7133,36012,wages_statfin,,Upper secondary,None,Vocational training,942,2023,3,Stable,extras_csv,1,"The work is almost entirely physical, requiring manual dexterity and on-site presence to perform tasks like painting and cleaning building structures. These activities occur in unpredictable physical environments that are currently beyond the capabilities of AI and robotics.",
7133. Building structure cleaners (Level 5),7,7133-building-structure-cleaners-level-5,7133.,36012,wages_statfin,,Upper secondary,None,Vocational training,942,2023,3,Stable,extras_csv,1,"The work is almost entirely physical, requiring manual dexterity and on-site presence to perform tasks like painting and cleaning building structures. These activities occur in unpredictable physical environments that are currently beyond the capabilities of AI and robotics.",
"72 Metal, machinery and related trades workers (Level 2)",7,72-metal-machinery-and-related-trades-workers-level-2,72,40428,wages_statfin,,,,,77269,2023,,,,3,"This occupation involves manual labor, physical manipulation of materials, and specialized trade skills that require physical presence and dexterity. While AI may assist in optimizing production schedules or inventory management, the core tasks of metalworking and machinery maintenance remain largely resistant to automation.",
"721 Sheet and structural metal workers, moulders and welders, and related workers (Level 3)",7,721-sheet-and-structural-metal-workers-moulders-and-welders-and-related-workers-level-3,721,39900,wages_statfin,,Upper secondary,None,Vocational training,13346,2023,3,Below average,extras_csv,2,"This occupation involves manual, physical labor and specialized technical skills in metalworking and welding that require real-time physical interaction with materials. While AI may assist in peripheral tasks like inventory management or digital design integration, the core manual tasks remain largely shielded from automation.",
"721.  (Not more specifically classified) Sheet and structural metal workers, moulders and welders, and related workers (Level 4)",7,721-not-more-specifically-classified-sheet-and-structural-metal-workers-moulders-and-welders-and-related-workers-level-4,721.,,,,Upper secondary,None,Vocational training,0,2023,3,Below average,extras_csv,2,"This occupation involves manual, physical labor and specialized technical skills in metalworking and welding that require real-time physical interaction with materials. While AI may assist in peripheral tasks like scheduling or digital design, the core work remains highly resistant to automation due to the need for physical dexterity and on-site execution.",
"721.. (Not more specifically classified) Sheet and structural metal workers, moulders and welders, and related workers (Level 5)",7,721-not-more-specifically-classified-sheet-and-structural-metal-workers-moulders-and-welders-and-related-workers-level-5,721..,39900,wages_statfin,,Upper secondary,None,Vocational training,0,2023,3,Below average,extras_csv,2,"This occupation involves manual, physical labor and specialized technical skills in metalworking and welding that require real-time physical interaction with materials. While AI may assist in peripheral tasks like scheduling or digital design, the core work remains highly resistant to automation due to the need for physical dexterity and on-site execution.",
7211 Metal moulders and coremakers (Level 4),7,7211-metal-moulders-and-coremakers-level-4,7211,38544,wages_statfin,,Upper secondary,None,Vocational training,872,2023,4,Below average,extras_csv,2,"This occupation is primarily manual and physical, involving the operation of machinery and handling of materials in a factory setting. While AI might assist with peripheral tasks like production scheduling or inventory management, the core work of metal moulding and coremaking remains resistant to automation due to the physical nature of the tasks.",
7211. Metal moulders and coremakers (Level 5),7,7211-metal-moulders-and-coremakers-level-5,7211.,38544,wages_statfin,,Upper secondary,None,Vocational training,872,2023,4,Below average,extras_csv,2,"This occupation is primarily manual and physical, involving the operation of machinery and handling of materials in a factory setting. While AI might assist with peripheral tasks like production scheduling or inventory management, the core work of metal moulding and coremaking remains resistant to automation due to the physical nature of the tasks.",
7212 Welders and flamecutters (Level 4),7,7212-welders-and-flamecutters-level-4,7212,39756,wages_statfin,,Upper secondary,None,Vocational training,7212,2023,3,Stable,extras_csv,2,"Welding is a highly physical, manual trade that requires real-time spatial judgment and dexterity in unpredictable environments. While AI-driven robotics can automate repetitive industrial welding, the core of the occupation remains largely shielded from AI due to the need for physical presence and complex manual skill.",
7212. Welders and flamecutters (Level 5),7,7212-welders-and-flamecutters-level-5,7212.,39756,wages_statfin,,Upper secondary,None,Vocational training,7212,2023,3,Stable,extras_csv,2,"Welding is a highly physical, manual trade that requires real-time spatial judgment and dexterity in unpredictable environments. While AI-driven robotics can automate repetitive industrial welding, the core of the occupation remains largely shielded from AI due to the need for physical presence and complex manual skill.",
7213 Sheet-metal workers (Level 4),7,7213-sheet-metal-workers-level-4,7213,40812,wages_statfin,,Upper secondary,None,Vocational training,3556,2023,4,Below average,extras_csv,2,"Sheet-metal work is a highly physical, manual trade that requires specialized dexterity and real-time interaction with physical materials in unpredictable environments. While AI may assist with administrative tasks or digital design optimization, the core manual labor and physical installation components remain largely shielded from automation.",
7213. Sheet-metal workers (Level 5),7,7213-sheet-metal-workers-level-5,7213.,40812,wages_statfin,,Upper secondary,None,Vocational training,3556,2023,4,Below average,extras_csv,2,"Sheet-metal work is a highly physical, manual trade that requires specialized dexterity and real-time interaction with physical materials in unpredictable environments. While AI may assist with administrative tasks or digital design optimization, the core manual labor and physical installation components remain largely shielded from automation.",
7214 Structural-metal preparers and erectors (Level 4),7,7214-structural-metal-preparers-and-erectors-level-4,7214,40044,wages_statfin,,Upper secondary,None,Vocational training,1680,2023,3,Stable,extras_csv,1,"This occupation involves manual, physical labor in construction and assembly, requiring real-time physical interaction with materials and environments. Because the work is fundamentally non-digital and relies on physical dexterity and on-site judgment, it has minimal exposure to AI automation.",
7214. Structural-metal preparers and erectors (Level 5),7,7214-structural-metal-preparers-and-erectors-level-5,7214.,40044,wages_statfin,,Upper secondary,None,Vocational training,1680,2023,3,Stable,extras_csv,1,"This occupation involves manual, physical labor in construction and assembly, requiring real-time physical interaction with materials and environments. Because the work is fundamentally non-digital and relies on physical dexterity and on-site judgment, it has minimal exposure to AI automation.",
7215 Riggers and cable splicers (Level 4),7,7215-riggers-and-cable-splicers-level-4,7215,29616,wages_statfin,,Upper secondary,None,Vocational training,26,2023,3,Below average,extras_csv,1,"This occupation is almost entirely physical, involving manual labor, heavy machinery, and work in unpredictable outdoor or industrial environments. Because the core tasks require physical dexterity and real-time interaction with physical materials, AI has minimal potential to automate or reshape the work.",
7215. Riggers and cable splicers (Level 5),7,7215-riggers-and-cable-splicers-level-5,7215.,29616,wages_statfin,,Upper secondary,None,Vocational training,26,2023,3,Below average,extras_csv,1,"This occupation is almost entirely physical, involving manual labor, heavy machinery, and work in unpredictable outdoor or industrial environments. Because the core tasks require physical dexterity and real-time interaction with physical materials, AI has minimal potential to automate or reshape the work.",
"722 Blacksmiths, toolmakers and related trades workers (Level 3)",7,722-blacksmiths-toolmakers-and-related-trades-workers-level-3,722,39648,wages_statfin,,Upper secondary,None,Vocational training,19802,2023,3,Below average,extras_csv,2,"This occupation involves highly skilled manual labor, physical manipulation of materials, and craftsmanship that requires real-time sensory feedback in a physical environment. While AI might assist with peripheral tasks like inventory management or digital design, the core work of forging and toolmaking remains largely immune to automation.",
"722.  (Not more specifically classified) Blacksmiths, toolmakers and related trades workers (Level 4)",7,722-not-more-specifically-classified-blacksmiths-toolmakers-and-related-trades-workers-level-4,722.,,,,Upper secondary,None,Vocational training,0,2023,3,Below average,extras_csv,1,"This occupation is primarily manual and physical, requiring specialized craftsmanship and tactile interaction with materials that AI cannot replicate. While AI might assist with peripheral tasks like inventory management or digital design, the core work remains fundamentally tied to physical labor and manual skill.",
"722.. (Not more specifically classified) Blacksmiths, toolmakers and related trades workers (Level 5)",7,722-not-more-specifically-classified-blacksmiths-toolmakers-and-related-trades-workers-level-5,722..,39648,wages_statfin,,Upper secondary,None,Vocational training,0,2023,3,Below average,extras_csv,1,"This occupation is primarily manual and physical, requiring specialized craftsmanship and tactile interaction with materials that AI cannot replicate. While AI might assist with peripheral tasks like inventory management or digital design, the core work remains fundamentally tied to physical labor and manual skill.",
"7221 Blacksmiths, hammersmiths and forging press workers (Level 4)",7,7221-blacksmiths-hammersmiths-and-forging-press-workers-level-4,7221,40716,wages_statfin,,Upper secondary,None,Vocational training,185,2023,3,Stable,extras_csv,1,"This occupation is almost entirely physical, requiring manual skill, craftsmanship, and the manipulation of materials in a workshop environment. AI has no capacity to perform the core physical tasks of forging and shaping metal, making it immune to automation in its current form.",
"7221. Blacksmiths, hammersmiths and forging press workers (Level 5)",7,7221-blacksmiths-hammersmiths-and-forging-press-workers-level-5,7221.,40716,wages_statfin,,Upper secondary,None,Vocational training,185,2023,3,Stable,extras_csv,1,"This occupation is almost entirely physical, requiring manual skill, craftsmanship, and the manipulation of materials in a workshop environment. AI has no capacity to perform the core physical tasks of forging and shaping metal, making it immune to automation in its current form.",
7222 Toolmakers and related workers (Level 4),7,7222-toolmakers-and-related-workers-level-4,7222,38856,wages_statfin,,Upper secondary,None,Vocational training,4956,2023,4,Below average,extras_csv,2,"This occupation involves highly skilled manual labor, physical manipulation of materials, and craftsmanship that requires real-time sensory feedback in a physical environment. While AI might assist with peripheral tasks like inventory management or digital design, the core work of forging and toolmaking remains largely immune to automation.",
7222. Toolmakers and related workers (Level 5),7,7222-toolmakers-and-related-workers-level-5,7222.,38856,wages_statfin,,Upper secondary,None,Vocational training,4956,2023,4,Below average,extras_csv,2,"This occupation involves highly skilled manual labor, physical manipulation of materials, and craftsmanship that requires real-time sensory feedback in a physical environment. While AI might assist with peripheral tasks like inventory management or digital design, the core work of forging and toolmaking remains largely immune to automation.",
7223 Metal working machine tool setters and operators (Level 4),7,7223-metal-working-machine-tool-setters-and-operators-level-4,7223,40068,wages_statfin,,Upper secondary,None,Vocational training,13735,2023,3,Stable,extras_csv,3,"The work is primarily physical and involves operating, setting, and monitoring industrial machinery in a manufacturing environment. While AI can assist with predictive maintenance or process optimization, the core tasks require physical presence and manual intervention, creating a significant barrier to automation.",
7223. Metal working machine tool setters and operators (Level 5),7,7223-metal-working-machine-tool-setters-and-operators-level-5,7223.,40068,wages_statfin,,Upper secondary,None,Vocational training,13735,2023,3,Stable,extras_csv,3,"The work is primarily physical and involves operating, setting, and monitoring industrial machinery in a manufacturing environment. While AI can assist with predictive maintenance or process optimization, the core tasks require physical presence and manual intervention, creating a significant barrier to automation.",
"7224 Metal polishers, wheel grinders and tool sharpeners (Level 4)",7,7224-metal-polishers-wheel-grinders-and-tool-sharpeners-level-4,7224,37776,wages_statfin,,Upper secondary,None,Vocational training,926,2023,4,Below average,extras_csv,2,"This occupation involves manual, physical labor focused on precision metalwork and tool maintenance, which requires significant tactile skill and physical presence. AI exposure is limited to potential peripheral improvements in scheduling or inventory management, as the core task remains inherently physical and resistant to automation.",
"7224. Metal polishers, wheel grinders and tool sharpeners (Level 5)",7,7224-metal-polishers-wheel-grinders-and-tool-sharpeners-level-5,7224.,37776,wages_statfin,,Upper secondary,None,Vocational training,926,2023,4,Below average,extras_csv,2,"This occupation involves manual, physical labor focused on precision metalwork and tool maintenance, which requires significant tactile skill and physical presence. AI exposure is limited to potential peripheral improvements in scheduling or inventory management, as the core task remains inherently physical and resistant to automation.",
723 Machinery mechanics and repairers (Level 3),7,723-machinery-mechanics-and-repairers-level-3,723,41100,wages_statfin,,Upper secondary,None,Vocational training,44121,2023,3,Below average,extras_csv,2,"This occupation involves manual, physical labor and complex mechanical troubleshooting in unpredictable environments, which are difficult for AI to replicate. While AI may eventually assist with diagnostic data analysis or digital manuals, the core tasks of physical repair and maintenance remain largely shielded from automation.",
723.  (Not more specifically classified) Machinery mechanics and repairers (Level 4),7,723-not-more-specifically-classified-machinery-mechanics-and-repairers-level-4,723.,,,,Upper secondary,None,Vocational training,0,2023,3,Below average,extras_csv,2,"This occupation involves manual, physical labor and the diagnosis of mechanical issues in unpredictable, real-world environments. While AI may eventually assist with diagnostic manuals or scheduling, the core tasks require physical dexterity and on-site presence that AI cannot currently replicate.",
723.. (Not more specifically classified) Machinery mechanics and repairers (Level 5),7,723-not-more-specifically-classified-machinery-mechanics-and-repairers-level-5,723..,41100,wages_statfin,,Upper secondary,None,Vocational training,0,2023,3,Below average,extras_csv,2,"This occupation involves manual, physical labor and the diagnosis of mechanical issues in unpredictable, real-world environments. While AI may eventually assist with diagnostic manuals or scheduling, the core tasks require physical dexterity and on-site presence that AI cannot currently replicate.",
7231 Motor vehicle mechanics and repairers (Level 4),7,7231-motor-vehicle-mechanics-and-repairers-level-4,7231,38832,wages_statfin,,Upper secondary,None,Vocational training,24073,2023,3,Stable,extras_csv,2,"The work is predominantly physical and requires manual dexterity, diagnostic intuition, and the ability to operate in unpredictable physical environments. While AI can assist with diagnostic data analysis or digital service manuals, the core tasks of repairing and maintaining mechanical components remain largely immune to automation.",
7231. Motor vehicle mechanics and repairers (Level 5),7,7231-motor-vehicle-mechanics-and-repairers-level-5,7231.,38832,wages_statfin,,Upper secondary,None,Vocational training,24073,2023,3,Stable,extras_csv,2,"The work is predominantly physical and requires manual dexterity, diagnostic intuition, and the ability to operate in unpredictable physical environments. While AI can assist with diagnostic data analysis or digital service manuals, the core tasks of repairing and maintaining mechanical components remain largely immune to automation.",
7232 Aircraft engine mechanics and repairers (Level 4),7,7232-aircraft-engine-mechanics-and-repairers-level-4,7232,49200,wages_statfin,,Upper secondary,None,Vocational training,1086,2023,4,Below average,extras_csv,2,"The work is highly physical, requiring manual dexterity, specialized mechanical skills, and real-time interaction with complex physical machinery. While AI may assist in diagnostic data analysis or maintenance scheduling, the core tasks of engine repair and safety-critical physical maintenance remain largely immune to automation.",
7232. Aircraft engine mechanics and repairers (Level 5),7,7232-aircraft-engine-mechanics-and-repairers-level-5,7232.,49200,wages_statfin,,Upper secondary,None,Vocational training,1086,2023,4,Below average,extras_csv,2,"The work is highly physical, requiring manual dexterity, specialized mechanical skills, and real-time interaction with complex physical machinery. While AI may assist in diagnostic data analysis or maintenance scheduling, the core tasks of engine repair and safety-critical physical maintenance remain largely immune to automation.",
7233 Agricultural and industrial machinery mechanics and repairers (Level 4),7,7233-agricultural-and-industrial-machinery-mechanics-and-repairers-level-4,7233,43056,wages_statfin,,Upper secondary,None,Vocational training,18713,2023,3,Below average,extras_csv,2,"This occupation is primarily physical and requires hands-on mechanical repair, diagnostics, and manual dexterity in unpredictable environments. While AI may eventually assist with diagnostic data analysis or digital manuals, the core tasks of physical maintenance and repair remain largely shielded from automation.",
7233. Agricultural and industrial machinery mechanics and repairers (Level 5),7,7233-agricultural-and-industrial-machinery-mechanics-and-repairers-level-5,7233.,43056,wages_statfin,,Upper secondary,None,Vocational training,18713,2023,3,Below average,extras_csv,2,"This occupation is primarily physical and requires hands-on mechanical repair, diagnostics, and manual dexterity in unpredictable environments. While AI may eventually assist with diagnostic data analysis or digital manuals, the core tasks of physical maintenance and repair remain largely shielded from automation.",
7234 Bicycle and related repairers (Level 4),7,7234-bicycle-and-related-repairers-level-4,7234,30948,wages_statfin,,Upper secondary,None,Vocational training,249,2023,3,Below average,extras_csv,2,"The work is primarily manual and physical, requiring hands-on mechanical repair skills that are difficult to automate with current robotics. AI exposure is limited to minor administrative tasks like inventory management or scheduling, which do not fundamentally alter the core repair duties.",
7234. Bicycle and related repairers (Level 5),7,7234-bicycle-and-related-repairers-level-5,7234.,30948,wages_statfin,,Upper secondary,None,Vocational training,249,2023,3,Below average,extras_csv,2,"The work is primarily manual and physical, requiring hands-on mechanical repair skills that are difficult to automate with current robotics. AI exposure is limited to minor administrative tasks like inventory management or scheduling, which do not fundamentally alter the core repair duties.",
73 Handicraft and printing workers (Level 2),7,73-handicraft-and-printing-workers-level-2,73,36252,wages_statfin,,,,,4796,2023,,,,3,"This occupation group primarily involves manual craft, artistic skill, and physical printing processes that require tactile dexterity and physical presence. While AI can assist with digital design or workflow management, the core value of the work lies in the physical creation and manipulation of materials, which remains largely shielded from automation.",
731 Handicraft workers (Level 3),7,731-handicraft-workers-level-3,731,35568,wages_statfin,,Upper secondary,None,Vocational training,1636,2023,3,Below average,extras_csv,1,"This occupation relies heavily on manual dexterity, physical craftsmanship, and the creation of tangible, unique goods. Because the work is fundamentally physical and requires human tactile skill, it is largely insulated from automation by AI.",
731.  (Not more specifically classified) Handicraft workers (Level 4),7,731-not-more-specifically-classified-handicraft-workers-level-4,731.,,,,Upper secondary,None,Vocational training,0,2023,3,Below average,extras_csv,1,"Handicraft work is fundamentally rooted in physical dexterity, manual skill, and the creation of tangible, unique objects. Because these tasks require physical presence and fine motor control in a non-digital environment, AI has minimal capacity to automate or reshape the core of this occupation.",
731.. (Not more specifically classified) Handicraft workers (Level 5),7,731-not-more-specifically-classified-handicraft-workers-level-5,731..,35568,wages_statfin,,Upper secondary,None,Vocational training,0,2023,3,Below average,extras_csv,1,"Handicraft work is fundamentally rooted in physical dexterity, manual skill, and the creation of tangible, unique objects. Because these tasks require physical presence and fine motor control in a non-digital environment, AI has minimal capacity to automate or reshape the core of this occupation.",
7311 Precision-instrument makers and repairers (Level 4),7,7311-precision-instrument-makers-and-repairers-level-4,7311,38280,wages_statfin,,Upper secondary,None,Vocational training,644,2023,3,Stable,extras_csv,3,"This occupation involves highly specialized manual dexterity and physical interaction with delicate mechanical or electronic instruments, which are difficult for AI to replicate. While AI may assist with diagnostic software or digital documentation, the core task of physical repair and calibration remains largely immune to automation.",
7311. Precision-instrument makers and repairers (Level 5),7,7311-precision-instrument-makers-and-repairers-level-5,7311.,38280,wages_statfin,,Upper secondary,None,Vocational training,644,2023,3,Stable,extras_csv,3,"This occupation involves highly specialized manual dexterity and physical interaction with delicate mechanical or electronic instruments, which are difficult for AI to replicate. While AI may assist with diagnostic software or digital documentation, the core task of physical repair and calibration remains largely immune to automation.",
7312 Musical instrument makers and tuners (Level 4),7,7312-musical-instrument-makers-and-tuners-level-4,7312,,,,Upper secondary,None,Vocational training,122,2023,4,Below average,extras_csv,2,"This occupation relies heavily on specialized manual dexterity, tactile feedback, and acoustic judgment, which are difficult for AI to replicate. While AI might assist with peripheral tasks like business administration or scheduling, the core work of crafting and tuning physical instruments remains inherently physical and craft-based.",
7312. Musical instrument makers and tuners (Level 5),7,7312-musical-instrument-makers-and-tuners-level-5,7312.,,,,Upper secondary,None,Vocational training,122,2023,4,Below average,extras_csv,2,"This occupation relies heavily on specialized manual dexterity, tactile feedback, and acoustic judgment, which are difficult for AI to replicate. While AI might assist with peripheral tasks like business administration or scheduling, the core work of crafting and tuning physical instruments remains inherently physical and craft-based.",
7313 Jewellery and precious-metal workers (Level 4),7,7313-jewellery-and-precious-metal-workers-level-4,7313,35664,wages_statfin,,Upper secondary,None,Vocational training,460,2023,3,Stable,extras_csv,2,"This occupation relies heavily on manual dexterity, artistic craftsmanship, and physical manipulation of precious materials, which are difficult for AI to replicate. While AI might assist with digital design or inventory management, the core value of the work remains in the physical creation process.",
7313. Jewellery and precious-metal workers (Level 5),7,7313-jewellery-and-precious-metal-workers-level-5,7313.,35664,wages_statfin,,Upper secondary,None,Vocational training,460,2023,3,Stable,extras_csv,2,"This occupation relies heavily on manual dexterity, artistic craftsmanship, and physical manipulation of precious materials, which are difficult for AI to replicate. While AI might assist with digital design or inventory management, the core value of the work remains in the physical creation process.",
7314 Potters and related workers (Level 4),7,7314-potters-and-related-workers-level-4,7314,,,,Upper secondary,None,Vocational training,45,2023,4,Below average,extras_csv,1,"Pottery is a highly manual, physical craft that relies on tactile skill, artistic intuition, and physical manipulation of materials. As the work is fundamentally non-digital and requires real-time physical interaction with clay, AI has minimal potential to automate or reshape the core tasks of this occupation.",
7314. Potters and related workers (Level 5),7,7314-potters-and-related-workers-level-5,7314.,,,,Upper secondary,None,Vocational training,45,2023,4,Below average,extras_csv,1,"Pottery is a highly manual, physical craft that relies on tactile skill, artistic intuition, and physical manipulation of materials. As the work is fundamentally non-digital and requires real-time physical interaction with clay, AI has minimal potential to automate or reshape the core tasks of this occupation.",
"7315 Glass makers, cutters, grinders and finishers (Level 4)",7,7315-glass-makers-cutters-grinders-and-finishers-level-4,7315,35904,wages_statfin,,Upper secondary,None,Vocational training,151,2023,3,Stable,extras_csv,2,"This occupation involves highly specialized manual labor and physical craftsmanship in shaping and finishing glass, which requires physical presence and tactile skill. While AI might assist in peripheral design or inventory management, it cannot replace the core manual dexterity and physical interaction with materials required for this work.",
"7315. Glass makers, cutters, grinders and finishers (Level 5)",7,7315-glass-makers-cutters-grinders-and-finishers-level-5,7315.,35904,wages_statfin,,Upper secondary,None,Vocational training,151,2023,3,Stable,extras_csv,2,"This occupation involves highly specialized manual labor and physical craftsmanship in shaping and finishing glass, which requires physical presence and tactile skill. While AI might assist in peripheral design or inventory management, it cannot replace the core manual dexterity and physical interaction with materials required for this work.",
"7316 Sign writers, decorative painters, engravers and etchers (Level 4)",7,7316-sign-writers-decorative-painters-engravers-and-etchers-level-4,7316,36624,wages_statfin,,Upper secondary,None,Vocational training,29,2023,4,Below average,extras_csv,5,"This occupation involves a mix of physical craftsmanship and digital design work. While the manual execution of signs and engravings remains physical, the design and layout phases are increasingly automated by AI-driven graphic design tools, leading to moderate exposure.",
"7316. Sign writers, decorative painters, engravers and etchers (Level 5)",7,7316-sign-writers-decorative-painters-engravers-and-etchers-level-5,7316.,36624,wages_statfin,,Upper secondary,None,Vocational training,29,2023,4,Below average,extras_csv,5,"This occupation involves a mix of physical craftsmanship and digital design work. While the manual execution of signs and engravings remains physical, the design and layout phases are increasingly automated by AI-driven graphic design tools, leading to moderate exposure.",
"7317 Handicraft workers in wood, basketry and related materials (Level 4)",7,7317-handicraft-workers-in-wood-basketry-and-related-materials-level-4,7317,,,,Upper secondary,None,Vocational training,46,2023,3,Stable,extras_csv,1,"This occupation relies heavily on manual dexterity, physical craftsmanship, and the manipulation of tangible materials, which are outside the current capabilities of AI. While AI might assist with digital marketing or design inspiration, the core production process remains entirely physical and immune to automation.",
"7317. Handicraft workers in wood, basketry and related materials (Level 5)",7,7317-handicraft-workers-in-wood-basketry-and-related-materials-level-5,7317.,,,,Upper secondary,None,Vocational training,46,2023,3,Stable,extras_csv,1,"This occupation relies heavily on manual dexterity, physical craftsmanship, and the manipulation of tangible materials, which are outside the current capabilities of AI. While AI might assist with digital marketing or design inspiration, the core production process remains entirely physical and immune to automation.",
"7318 Handicraft workers in textile, leather and related materials (Level 4)",7,7318-handicraft-workers-in-textile-leather-and-related-materials-level-4,7318,29796,wages_statfin,,Upper secondary,None,Vocational training,86,2023,4,Below average,extras_csv,1,"This occupation is primarily focused on manual, physical craftsmanship and the manipulation of physical materials, which are tasks that AI cannot perform. While AI might assist with digital design patterns or inventory management, the core value of the work lies in the physical skill and tactile execution, leaving it largely unaffected by AI automation.",
"7318. Handicraft workers in textile, leather and related materials (Level 5)",7,7318-handicraft-workers-in-textile-leather-and-related-materials-level-5,7318.,29796,wages_statfin,,Upper secondary,None,Vocational training,86,2023,4,Below average,extras_csv,1,"This occupation is primarily focused on manual, physical craftsmanship and the manipulation of physical materials, which are tasks that AI cannot perform. While AI might assist with digital design patterns or inventory management, the core value of the work lies in the physical skill and tactile execution, leaving it largely unaffected by AI automation.",
7319 Handicraft workers not elsewhere classified (Level 4),7,7319-handicraft-workers-not-elsewhere-classified-level-4,7319,29928,wages_statfin,,Upper secondary,None,Vocational training,53,2023,3,Stable,extras_csv,1,"This occupation involves manual, physical craftsmanship where the value is derived from human skill, tactile creation, and physical artistry. AI has minimal impact on these tasks as they require physical presence and dexterity rather than digital information processing.",
7319. Handicraft workers not elsewhere classified (Level 5),7,7319-handicraft-workers-not-elsewhere-classified-level-5,7319.,29928,wages_statfin,,Upper secondary,None,Vocational training,53,2023,3,Stable,extras_csv,1,"This occupation involves manual, physical craftsmanship where the value is derived from human skill, tactile creation, and physical artistry. AI has minimal impact on these tasks as they require physical presence and dexterity rather than digital information processing.",
732 Printing trades workers (Level 3),7,732-printing-trades-workers-level-3,732,36492,wages_statfin,,Upper secondary,None,Vocational training,3160,2023,3,Below average,extras_csv,7,"Printing trades are increasingly reliant on digital prepress software and automated workflows, making them highly susceptible to AI-driven design and production optimization. While the final output involves physical machinery, the core technical tasks are shifting toward digital management where AI can automate layout, color correction, and quality control.",
732.  (Not more specifically classified) Printing trades workers (Level 4),7,732-not-more-specifically-classified-printing-trades-workers-level-4,732.,,,,Upper secondary,None,Vocational training,0,2023,3,Below average,extras_csv,6,"Printing trades involve a mix of physical machine operation and digital prepress work, which is increasingly automated by software and AI-driven design tools. While the physical handling of materials remains, the core workflow of file preparation, color management, and layout is highly susceptible to digital transformation.",
732.. (Not more specifically classified) Printing trades workers (Level 5),7,732-not-more-specifically-classified-printing-trades-workers-level-5,732..,36492,wages_statfin,,Upper secondary,None,Vocational training,0,2023,3,Below average,extras_csv,6,"Printing trades involve a mix of physical machine operation and digital prepress work, which is increasingly automated by software and AI-driven design tools. While the physical handling of materials remains, the core workflow of file preparation, color management, and layout is highly susceptible to digital transformation.",
7321 Pre-press technicians (Level 4),7,7321-pre-press-technicians-level-4,7321,36120,wages_statfin,,Upper secondary,None,Vocational training,579,2023,3,Stable,extras_csv,8,"Pre-press technician work is almost entirely digital, involving file preparation, color correction, and layout formatting, all of which are core domains for AI automation. As software tools increasingly integrate AI for automated image processing and error detection, the role faces significant restructuring.",
7321. Pre-press technicians (Level 5),7,7321-pre-press-technicians-level-5,7321.,36120,wages_statfin,,Upper secondary,None,Vocational training,579,2023,3,Stable,extras_csv,8,"Pre-press technician work is almost entirely digital, involving file preparation, color correction, and layout formatting, all of which are core domains for AI automation. As software tools increasingly integrate AI for automated image processing and error detection, the role faces significant restructuring.",
7322 Printers (Level 4),7,7322-printers-level-4,7322,37908,wages_statfin,,Upper secondary,None,Vocational training,1822,2023,4,Below average,extras_csv,7,"Modern printing is a highly digitized process involving computer-aided design, digital file preparation, and automated machine management. While the physical operation of large-scale presses remains, the core workflow is increasingly software-driven, making it susceptible to automation and AI-assisted optimization.",
7322. Printers (Level 5),7,7322-printers-level-5,7322.,37908,wages_statfin,,Upper secondary,None,Vocational training,1822,2023,4,Below average,extras_csv,7,"Modern printing is a highly digitized process involving computer-aided design, digital file preparation, and automated machine management. While the physical operation of large-scale presses remains, the core workflow is increasingly software-driven, making it susceptible to automation and AI-assisted optimization.",
7323 Print finishing and binding workers (Level 4),7,7323-print-finishing-and-binding-workers-level-4,7323,34476,wages_statfin,,Upper secondary,None,Vocational training,759,2023,3,Stable,extras_csv,3,"This occupation involves manual, physical tasks related to the operation of finishing and binding machinery, which are difficult to automate with current AI. While AI may assist with administrative scheduling or digital workflow management, the core of the job remains tied to physical production and equipment handling.",
7323. Print finishing and binding workers (Level 5),7,7323-print-finishing-and-binding-workers-level-5,7323.,34476,wages_statfin,,Upper secondary,None,Vocational training,759,2023,3,Stable,extras_csv,3,"This occupation involves manual, physical tasks related to the operation of finishing and binding machinery, which are difficult to automate with current AI. While AI may assist with administrative scheduling or digital workflow management, the core of the job remains tied to physical production and equipment handling.",
74 Electrical and electronic trades workers (Level 2),7,74-electrical-and-electronic-trades-workers-level-2,74,43992,wages_statfin,,,,,35518,2023,,,,2,"This occupation involves manual, physical work in unpredictable environments, such as installing and repairing electrical systems. While AI may assist with administrative tasks or diagnostic documentation, the core of the job requires physical presence, manual dexterity, and real-time problem-solving in the physical world.",
741 Electrical equipment installers and repairers (Level 3),7,741-electrical-equipment-installers-and-repairers-level-3,741,44424,wages_statfin,,Upper secondary,None,Vocational training,26589,2023,3,Below average,extras_csv,2,"This occupation involves manual, physical labor and the diagnosis of complex electrical systems in unpredictable, real-world environments. While AI may assist with diagnostic documentation or scheduling, the core tasks of physical installation and repair remain largely immune to automation.",
741.  (Not more specifically classified) Electrical equipment installers and repairers (Level 4),7,741-not-more-specifically-classified-electrical-equipment-installers-and-repairers-level-4,741.,,,,Upper secondary,None,Vocational training,0,2023,3,Below average,extras_csv,2,"This occupation involves manual, physical labor and the diagnosis of complex electrical systems in unpredictable, real-world environments. While AI may assist with diagnostic documentation or scheduling, the core tasks of physical installation and repair remain largely immune to automation.",
741.. (Not more specifically classified) Electrical equipment installers and repairers (Level 5),7,741-not-more-specifically-classified-electrical-equipment-installers-and-repairers-level-5,741..,44424,wages_statfin,,Upper secondary,None,Vocational training,0,2023,3,Below average,extras_csv,2,"This occupation involves manual, physical labor and the diagnosis of complex electrical systems in unpredictable, real-world environments. While AI may assist with diagnostic documentation or scheduling, the core tasks of physical installation and repair remain largely immune to automation.",
7411 Building and related electricians (Level 4),7,7411-building-and-related-electricians-level-4,7411,44436,wages_statfin,,Upper secondary,None,Vocational training,14801,2023,4,Below average,extras_csv,2,"This occupation consists of manual, physical labor in construction and building trades that requires dexterity, spatial awareness, and on-site problem solving. While AI may assist with administrative tasks like scheduling or material estimation, the core work remains fundamentally tied to the physical environment and cannot be automated by current or near-future AI.",
7411. Building and related electricians (Level 5),7,7411-building-and-related-electricians-level-5,7411.,44436,wages_statfin,,Upper secondary,None,Vocational training,14801,2023,4,Below average,extras_csv,2,"This occupation consists of manual, physical labor in construction and building trades that requires dexterity, spatial awareness, and on-site problem solving. While AI may assist with administrative tasks like scheduling or material estimation, the core work remains fundamentally tied to the physical environment and cannot be automated by current or near-future AI.",
7412 Electrical mechanics and fitters (Level 4),7,7412-electrical-mechanics-and-fitters-level-4,7412,43944,wages_statfin,,Upper secondary,None,Vocational training,9681,2023,3,Stable,extras_csv,2,"This occupation involves manual, physical work in electrical installation and repair that requires real-time interaction with physical components and unpredictable environments. AI exposure is limited to peripheral tasks like scheduling or digital documentation, as the core work remains highly dependent on physical dexterity and on-site problem solving.",
7412. Electrical mechanics and fitters (Level 5),7,7412-electrical-mechanics-and-fitters-level-5,7412.,43944,wages_statfin,,Upper secondary,None,Vocational training,9681,2023,3,Stable,extras_csv,2,"This occupation involves manual, physical work in electrical installation and repair that requires real-time interaction with physical components and unpredictable environments. AI exposure is limited to peripheral tasks like scheduling or digital documentation, as the core work remains highly dependent on physical dexterity and on-site problem solving.",
7413 Electrical line installers and repairers (Level 4),7,7413-electrical-line-installers-and-repairers-level-4,7413,46392,wages_statfin,,Upper secondary,None,Vocational training,2107,2023,3,Below average,extras_csv,2,"This occupation is primarily physical and requires manual dexterity, specialized tools, and real-time problem-solving in unpredictable outdoor environments. While AI may assist with administrative tasks or diagnostic data analysis, the core work of installing and repairing physical infrastructure remains largely immune to automation.",
7413. Electrical line installers and repairers (Level 5),7,7413-electrical-line-installers-and-repairers-level-5,7413.,46392,wages_statfin,,Upper secondary,None,Vocational training,2107,2023,3,Below average,extras_csv,2,"This occupation is primarily physical and requires manual dexterity, specialized tools, and real-time problem-solving in unpredictable outdoor environments. While AI may assist with administrative tasks or diagnostic data analysis, the core work of installing and repairing physical infrastructure remains largely immune to automation.",
742 Electronics and telecommunications installers and repairers (Level 3),7,742-electronics-and-telecommunications-installers-and-repairers-level-3,742,42516,wages_statfin,,Upper secondary,None,Vocational training,8929,2023,3,Below average,extras_csv,3,"This occupation involves significant physical labor, manual dexterity, and on-site troubleshooting of hardware and infrastructure. While AI can assist with diagnostic documentation or scheduling, the core tasks require physical presence and interaction with tangible electronic systems, limiting AI's direct impact.",
742.  (Not more specifically classified) Electronics and telecommunications installers and repairers (Level 4),7,742-not-more-specifically-classified-electronics-and-telecommunications-installers-and-repairers-level-4,742.,,,,Upper secondary,None,Vocational training,0,2023,3,Below average,extras_csv,3,"This role involves significant physical labor, manual dexterity, and on-site troubleshooting of hardware and infrastructure, which are difficult for AI to replicate. While AI may assist with diagnostic documentation or remote monitoring, the core tasks require physical presence and interaction with complex, non-standardized physical environments.",
742.. (Not more specifically classified) Electronics and telecommunications installers and repairers (Level 5),7,742-not-more-specifically-classified-electronics-and-telecommunications-installers-and-repairers-level-5,742..,42516,wages_statfin,,Upper secondary,None,Vocational training,0,2023,3,Below average,extras_csv,3,"This role involves significant physical labor, manual dexterity, and on-site troubleshooting of hardware and infrastructure, which are difficult for AI to replicate. While AI may assist with diagnostic documentation or remote monitoring, the core tasks require physical presence and interaction with complex, non-standardized physical environments.",
7421 Electronics mechanics and servicers (Level 4),7,7421-electronics-mechanics-and-servicers-level-4,7421,41388,wages_statfin,,Upper secondary,None,Vocational training,4767,2023,3,Stable,extras_csv,3,"This occupation involves hands-on physical repair, diagnostics, and maintenance of electronic hardware, which requires significant manual dexterity and physical presence. While AI can assist with diagnostic documentation or providing technical manuals, the core task of physical component replacement and hardware troubleshooting remains largely resistant to automation.",
7421. (Not more specifically classified) Electronics mechanics and servicers (Level 5),7,7421-not-more-specifically-classified-electronics-mechanics-and-servicers-level-5,7421.,41388,wages_statfin,,Upper secondary,None,Vocational training,0,2023,3,Stable,extras_csv,3,"This role involves physical, hands-on repair and maintenance of electronic hardware, which requires manual dexterity and physical presence in unpredictable environments. While AI can assist with diagnostic documentation or troubleshooting manuals, it cannot replace the core requirement of physical interaction with hardware components.",
74211 Electronics installers and repairers (Level 5),7,74211-electronics-installers-and-repairers-level-5,74211,38052,wages_statfin,,Upper secondary,None,Vocational training,2126,2023,3,Below average,extras_csv,3,"This occupation involves significant physical labor, manual dexterity, and on-site troubleshooting of hardware and infrastructure. While AI can assist with diagnostic documentation or scheduling, the core tasks require physical presence and interaction with tangible electronic systems, limiting AI's direct impact.",
74212 Automation installers and repairers (Level 5),7,74212-automation-installers-and-repairers-level-5,74212,44340,wages_statfin,,Upper secondary,None,Vocational training,2641,2023,3,Below average,extras_csv,3,"This occupation involves hands-on physical installation and repair of complex machinery, which requires significant manual dexterity and real-time problem-solving in physical environments. While AI may assist with diagnostic data analysis or technical documentation, the core tasks of physical maintenance and hardware integration remain largely shielded from automation.",
7422 Information and communications technology installers and servicers (Level 4),7,7422-information-and-communications-technology-installers-and-servicers-level-4,7422,44064,wages_statfin,,Upper secondary,None,Vocational training,4162,2023,4,Below average,extras_csv,3,"This role involves physical installation, maintenance, and repair of hardware and network infrastructure, which requires manual dexterity and on-site presence. While AI can assist with diagnostic troubleshooting and documentation, the core tasks are inherently physical and cannot be automated by current AI systems.",
7422. Information and communications technology installers and servicers (Level 5),7,7422-information-and-communications-technology-installers-and-servicers-level-5,7422.,44064,wages_statfin,,Upper secondary,None,Vocational training,4162,2023,4,Below average,extras_csv,3,"This role involves physical installation, maintenance, and repair of hardware and network infrastructure, which requires manual dexterity and on-site presence. While AI can assist with diagnostic troubleshooting and documentation, the core tasks are inherently physical and cannot be automated by current AI systems.",
"75 Food processing, wood working, garment and other craft and related trades workers (Level 2)",7,75-food-processing-wood-working-garment-and-other-craft-and-related-trades-workers-level-2,75,36252,wages_statfin,,,,,14520,2023,,,,2,"This occupation group consists primarily of manual, physical craft and trade work that requires dexterity and physical presence in a workshop or factory setting. While AI may assist with administrative or supply chain tasks, the core work of manipulating physical materials remains largely shielded from automation.",
751 Food processing and related trades workers (Level 3),7,751-food-processing-and-related-trades-workers-level-3,751,39060,wages_statfin,,,,,5288,2023,,,,3,"This occupation involves manual, physical tasks in food production environments that require sensory judgment and dexterity. While AI and robotics can assist with automated packaging or quality control, the core work remains highly physical and tied to unpredictable, non-digital production processes.",
"7511 Butchers, fishmongers and related food preparers (Level 4)",7,7511-butchers-fishmongers-and-related-food-preparers-level-4,7511,45132,wages_statfin,,Upper secondary,None,Vocational training,2568,2023,3,Below average,extras_csv,1,"This occupation involves manual, physical labor in food preparation that requires tactile skill and real-time physical interaction with raw materials. Because the work is inherently non-digital and requires physical presence in a controlled environment, AI has minimal impact on the core tasks.",
"7511. Butchers, fishmongers and related food preparers (Level 5)",7,7511-butchers-fishmongers-and-related-food-preparers-level-5,7511.,45132,wages_statfin,,Upper secondary,None,Vocational training,2568,2023,3,Below average,extras_csv,1,"This occupation involves manual, physical labor in food preparation that requires tactile skill and real-time physical interaction with raw materials. Because the work is inherently non-digital and requires physical presence in a controlled environment, AI has minimal impact on the core tasks.",
"7512 Bakers, pastry-cooks and confectionery makers (Level 4)",7,7512-bakers-pastry-cooks-and-confectionery-makers-level-4,7512,33324,wages_statfin,,Upper secondary,None,Vocational training,2438,2023,3,Below average,extras_csv,2,"This occupation is primarily manual and physical, requiring sensory judgment and skilled craftsmanship in a kitchen environment. While AI may assist with inventory management or recipe optimization, it cannot replace the core physical tasks of baking and food preparation.",
"7512. Bakers, pastry-cooks and confectionery makers (Level 5)",7,7512-bakers-pastry-cooks-and-confectionery-makers-level-5,7512.,33324,wages_statfin,,Upper secondary,None,Vocational training,2438,2023,3,Below average,extras_csv,2,"This occupation is primarily manual and physical, requiring sensory judgment and skilled craftsmanship in a kitchen environment. While AI may assist with inventory management or recipe optimization, it cannot replace the core physical tasks of baking and food preparation.",
7513 Dairy-products makers (Level 4),7,7513-dairy-products-makers-level-4,7513,48936,wages_statfin,,Upper secondary,None,Vocational training,91,2023,3,Below average,extras_csv,3,"This occupation involves physical, manual labor in a food production environment, which creates a significant barrier to AI automation. While AI can assist with monitoring production parameters or supply chain logistics, the core tasks of processing dairy products remain largely physical and require human oversight for quality control and equipment handling.",
7513. Dairy-products makers (Level 5),7,7513-dairy-products-makers-level-5,7513.,48936,wages_statfin,,Upper secondary,None,Vocational training,91,2023,3,Below average,extras_csv,3,"This occupation involves physical, manual labor in a food production environment, which creates a significant barrier to AI automation. While AI can assist with monitoring production parameters or supply chain logistics, the core tasks of processing dairy products remain largely physical and require human oversight for quality control and equipment handling.",
"7514 Fruit, vegetable and related preservers (Level 4)",7,7514-fruit-vegetable-and-related-preservers-level-4,7514,31764,wages_statfin,,Upper secondary,None,Vocational training,169,2023,3,Below average,extras_csv,2,"This occupation involves manual, physical tasks related to food preservation and processing in a production environment. While AI may assist with peripheral tasks like inventory management or quality control monitoring, the core work requires physical handling and manual labor that is largely resistant to automation.",
"7514. Fruit, vegetable and related preservers (Level 5)",7,7514-fruit-vegetable-and-related-preservers-level-5,7514.,31764,wages_statfin,,Upper secondary,None,Vocational training,169,2023,3,Below average,extras_csv,2,"This occupation involves manual, physical tasks related to food preservation and processing in a production environment. While AI may assist with peripheral tasks like inventory management or quality control monitoring, the core work requires physical handling and manual labor that is largely resistant to automation.",
7515 Food and beverage tasters and graders (Level 4),7,7515-food-and-beverage-tasters-and-graders-level-4,7515,41340,wages_statfin,,Upper secondary,None,Vocational training,22,2023,3,Below average,extras_csv,2,"This occupation relies heavily on human sensory perception, specifically taste and smell, which are physical and biological processes that AI cannot currently replicate. While AI might assist with data logging or quality control reporting, the core task of sensory evaluation requires a human presence and subjective judgment.",
7515. Food and beverage tasters and graders (Level 5),7,7515-food-and-beverage-tasters-and-graders-level-5,7515.,41340,wages_statfin,,Upper secondary,None,Vocational training,22,2023,3,Below average,extras_csv,2,"This occupation relies heavily on human sensory perception, specifically taste and smell, which are physical and biological processes that AI cannot currently replicate. While AI might assist with data logging or quality control reporting, the core task of sensory evaluation requires a human presence and subjective judgment.",
"752 Wood treaters, cabinet-makers and related trades workers (Level 3)",7,752-wood-treaters-cabinet-makers-and-related-trades-workers-level-3,752,34524,wages_statfin,,Upper secondary,None,Vocational training,4640,2023,3,Below average,extras_csv,2,"This occupation is primarily manual and craft-based, requiring physical dexterity and the manipulation of physical materials in a workshop environment. While AI may assist with digital design or inventory management, the core tasks of woodworking and cabinet-making remain largely shielded from automation.",
"752.  (Not more specifically classified) Wood treaters, cabinet-makers and related trades workers (Level 4)",7,752-not-more-specifically-classified-wood-treaters-cabinet-makers-and-related-trades-workers-level-4,752.,,,,Upper secondary,None,Vocational training,0,2023,3,Below average,extras_csv,2,"This occupation involves manual, physical craftsmanship and the manipulation of physical materials, which are largely shielded from AI automation. While AI might assist with peripheral tasks like digital design or inventory management, the core work of cabinet-making and wood treatment requires physical dexterity and real-world interaction.",
"752.. (Not more specifically classified) Wood treaters, cabinet-makers and related trades workers (Level 5)",7,752-not-more-specifically-classified-wood-treaters-cabinet-makers-and-related-trades-workers-level-5,752..,34524,wages_statfin,,Upper secondary,None,Vocational training,0,2023,3,Below average,extras_csv,2,"This occupation involves manual, physical craftsmanship and the manipulation of physical materials, which are largely shielded from AI automation. While AI might assist with peripheral tasks like digital design or inventory management, the core work of cabinet-making and wood treatment requires physical dexterity and real-world interaction.",
7521 Wood treaters (Level 4),7,7521-wood-treaters-level-4,7521,36636,wages_statfin,,Upper secondary,None,Vocational training,632,2023,3,Stable,extras_csv,2,"This occupation is primarily manual and craft-based, requiring physical dexterity and the manipulation of physical materials in a workshop environment. While AI may assist with digital design or inventory management, the core tasks of woodworking and cabinet-making remain largely shielded from automation.",
7521. Wood treaters (Level 5),7,7521-wood-treaters-level-5,7521.,36636,wages_statfin,,Upper secondary,None,Vocational training,632,2023,3,Stable,extras_csv,2,"This occupation is primarily manual and craft-based, requiring physical dexterity and the manipulation of physical materials in a workshop environment. While AI may assist with digital design or inventory management, the core tasks of woodworking and cabinet-making remain largely shielded from automation.",
7522 Cabinet-makers and related workers (Level 4),7,7522-cabinet-makers-and-related-workers-level-4,7522,34440,wages_statfin,,Upper secondary,None,Vocational training,2518,2023,4,Below average,extras_csv,2,"This occupation is primarily manual and craft-based, requiring physical dexterity and the manipulation of physical materials in a workshop environment. While AI may assist with digital design or inventory management, the core tasks of woodworking and cabinet-making remain largely shielded from automation.",
7522. Cabinet-makers and related workers (Level 5),7,7522-cabinet-makers-and-related-workers-level-5,7522.,34440,wages_statfin,,Upper secondary,None,Vocational training,2518,2023,4,Below average,extras_csv,2,"This occupation is primarily manual and craft-based, requiring physical dexterity and the manipulation of physical materials in a workshop environment. While AI may assist with digital design or inventory management, the core tasks of woodworking and cabinet-making remain largely shielded from automation.",
7523 Woodworking-machine tool setters and operators (Level 4),7,7523-woodworking-machine-tool-setters-and-operators-level-4,7523,34020,wages_statfin,,Upper secondary,None,Vocational training,1490,2023,3,Stable,extras_csv,2,"The work is primarily physical and involves operating machinery in a manufacturing environment, which requires manual dexterity and physical presence. While AI may eventually assist with predictive maintenance or workflow optimization, the core task of setting and operating woodworking tools remains largely outside the scope of current AI automation.",
7523. Woodworking-machine tool setters and operators (Level 5),7,7523-woodworking-machine-tool-setters-and-operators-level-5,7523.,34020,wages_statfin,,Upper secondary,None,Vocational training,1490,2023,3,Stable,extras_csv,2,"The work is primarily physical and involves operating machinery in a manufacturing environment, which requires manual dexterity and physical presence. While AI may eventually assist with predictive maintenance or workflow optimization, the core task of setting and operating woodworking tools remains largely outside the scope of current AI automation.",
753 Garment and related trades workers (Level 3),7,753-garment-and-related-trades-workers-level-3,753,32364,wages_statfin,,Upper secondary,None,Vocational training,2995,2023,3,Below average,extras_csv,2,"This occupation group consists primarily of manual, physical craft and trade work that requires dexterity and physical presence in a workshop or factory setting. While AI may assist with administrative or supply chain tasks, the core work of manipulating physical materials remains largely shielded from automation.",
753.  (Not more specifically classified) Garment and related trades workers (Level 4),7,753-not-more-specifically-classified-garment-and-related-trades-workers-level-4,753.,,,,Upper secondary,None,Vocational training,0,2023,3,Below average,extras_csv,3,"This occupation involves manual, physical craft work in garment production, which requires high levels of dexterity and tactile skill that AI cannot currently replicate. While AI may assist in design or supply chain management, the core task of garment assembly remains largely resistant to automation.",
753.. (Not more specifically classified) Garment and related trades workers (Level 5),7,753-not-more-specifically-classified-garment-and-related-trades-workers-level-5,753..,32364,wages_statfin,,Upper secondary,None,Vocational training,0,2023,3,Below average,extras_csv,3,"This occupation involves manual, physical craft work in garment production, which requires high levels of dexterity and tactile skill that AI cannot currently replicate. While AI may assist in design or supply chain management, the core task of garment assembly remains largely resistant to automation.",
"7531 Tailors, dressmakers, furriers and hatters (Level 4)",7,7531-tailors-dressmakers-furriers-and-hatters-level-4,7531,33768,wages_statfin,,Upper secondary,None,Vocational training,991,2023,3,Stable,extras_csv,2,"This occupation relies heavily on manual dexterity, physical craftsmanship, and real-time interaction with materials and clients. While AI can assist with digital pattern design or inventory management, the core tasks of cutting, sewing, and fitting remain physical and require human tactile skill.",
"7531. Tailors, dressmakers, furriers and hatters (Level 5)",7,7531-tailors-dressmakers-furriers-and-hatters-level-5,7531.,33768,wages_statfin,,Upper secondary,None,Vocational training,991,2023,3,Stable,extras_csv,2,"This occupation relies heavily on manual dexterity, physical craftsmanship, and real-time interaction with materials and clients. While AI can assist with digital pattern design or inventory management, the core tasks of cutting, sewing, and fitting remain physical and require human tactile skill.",
7532 Garment and related pattern-makers and cutters (Level 4),7,7532-garment-and-related-pattern-makers-and-cutters-level-4,7532,,,,Upper secondary,None,Vocational training,81,2023,4,Below average,extras_csv,4,"The role involves a mix of physical craftsmanship and increasingly digital design processes, such as CAD-based pattern making. While AI can optimize fabric cutting and automate pattern generation, the occupation still requires significant physical handling of materials and human judgment regarding fit and textile properties.",
7532. Garment and related pattern-makers and cutters (Level 5),7,7532-garment-and-related-pattern-makers-and-cutters-level-5,7532.,,,,Upper secondary,None,Vocational training,81,2023,4,Below average,extras_csv,4,"The role involves a mix of physical craftsmanship and increasingly digital design processes, such as CAD-based pattern making. While AI can optimize fabric cutting and automate pattern generation, the occupation still requires significant physical handling of materials and human judgment regarding fit and textile properties.",
"7533 Sewing, embroidery and related workers (Level 4)",7,7533-sewing-embroidery-and-related-workers-level-4,7533,29892,wages_statfin,,Upper secondary,None,Vocational training,821,2023,3,Stable,extras_csv,2,"This occupation relies heavily on manual dexterity, physical manipulation of textiles, and specialized machine operation that cannot be replicated by AI. While AI might assist in digital pattern design or inventory management, the core task of sewing and embroidery remains a physical, hands-on process with low susceptibility to automation.",
"7533. Sewing, embroidery and related workers (Level 5)",7,7533-sewing-embroidery-and-related-workers-level-5,7533.,29892,wages_statfin,,Upper secondary,None,Vocational training,821,2023,3,Stable,extras_csv,2,"This occupation relies heavily on manual dexterity, physical manipulation of textiles, and specialized machine operation that cannot be replicated by AI. While AI might assist in digital pattern design or inventory management, the core task of sewing and embroidery remains a physical, hands-on process with low susceptibility to automation.",
7534 Upholsterers and related workers (Level 4),7,7534-upholsterers-and-related-workers-level-4,7534,32124,wages_statfin,,Upper secondary,None,Vocational training,762,2023,4,Below average,extras_csv,1,"Upholstery is a highly manual, physical craft that requires tactile skill and real-time manipulation of materials in a physical environment. AI has no capacity to perform the core tasks of this occupation, as it lacks the physical dexterity and sensory feedback required for custom furniture repair and fabrication.",
7534. Upholsterers and related workers (Level 5),7,7534-upholsterers-and-related-workers-level-5,7534.,32124,wages_statfin,,Upper secondary,None,Vocational training,762,2023,4,Below average,extras_csv,1,"Upholstery is a highly manual, physical craft that requires tactile skill and real-time manipulation of materials in a physical environment. AI has no capacity to perform the core tasks of this occupation, as it lacks the physical dexterity and sensory feedback required for custom furniture repair and fabrication.",
"7535 Pelt dressers, tanners and fellmongers (Level 4)",7,7535-pelt-dressers-tanners-and-fellmongers-level-4,7535,,,,Upper secondary,None,Vocational training,104,2023,3,Stable,extras_csv,1,"This occupation involves manual, physical labor related to the processing of animal hides and skins, which requires tactile skill and physical presence. As the work is not digital or information-based, it remains largely immune to automation by current AI technologies.",
"7535. Pelt dressers, tanners and fellmongers (Level 5)",7,7535-pelt-dressers-tanners-and-fellmongers-level-5,7535.,,,,Upper secondary,None,Vocational training,104,2023,3,Stable,extras_csv,1,"This occupation involves manual, physical labor related to the processing of animal hides and skins, which requires tactile skill and physical presence. As the work is not digital or information-based, it remains largely immune to automation by current AI technologies.",
7536 Shoemakers and related workers (Level 4),7,7536-shoemakers-and-related-workers-level-4,7536,34128,wages_statfin,,Upper secondary,None,Vocational training,236,2023,4,Below average,extras_csv,1,"Shoemaking is a highly manual, craft-based occupation requiring physical dexterity and the manipulation of physical materials. Because the core tasks involve physical assembly and repair that cannot be digitized, AI has minimal impact on the fundamental nature of this work.",
7536. Shoemakers and related workers (Level 5),7,7536-shoemakers-and-related-workers-level-5,7536.,34128,wages_statfin,,Upper secondary,None,Vocational training,236,2023,4,Below average,extras_csv,1,"Shoemaking is a highly manual, craft-based occupation requiring physical dexterity and the manipulation of physical materials. Because the core tasks involve physical assembly and repair that cannot be digitized, AI has minimal impact on the fundamental nature of this work.",
754 Other craft and related workers (Level 3),7,754-other-craft-and-related-workers-level-3,754,40440,wages_statfin,,,,,1597,2023,,,,2,"This occupation group consists primarily of manual, physical craft and trade work that requires dexterity and physical presence in a workshop or factory setting. While AI may assist with administrative or supply chain tasks, the core work of manipulating physical materials remains largely shielded from automation.",
7541 Underwater divers (Level 4),7,7541-underwater-divers-level-4,7541,,,,Upper secondary,None,Vocational training,26,2023,3,Stable,extras_csv,0,"Underwater diving is a highly physical, manual occupation performed in unpredictable, hazardous environments that require real-time human judgment and physical dexterity. Because the work is entirely non-digital and relies on specialized physical skills, it has virtually no exposure to AI automation.",
7541. Underwater divers (Level 5),7,7541-underwater-divers-level-5,7541.,,,,Upper secondary,None,Vocational training,26,2023,3,Stable,extras_csv,0,"Underwater diving is a highly physical, manual occupation performed in unpredictable, hazardous environments that require real-time human judgment and physical dexterity. Because the work is entirely non-digital and relies on specialized physical skills, it has virtually no exposure to AI automation.",
7542 Shotfirers and blasters (Level 4),7,7542-shotfirers-and-blasters-level-4,7542,48804,wages_statfin,,Upper secondary,None,Vocational training,169,2023,4,Below average,extras_csv,1,"This occupation involves highly specialized, high-risk physical work in mining or construction that requires real-time human judgment and safety compliance in unpredictable environments. AI cannot perform the physical handling of explosives or the on-site safety assessments required for this role.",
7542. Shotfirers and blasters (Level 5),7,7542-shotfirers-and-blasters-level-5,7542.,48804,wages_statfin,,Upper secondary,None,Vocational training,169,2023,4,Below average,extras_csv,1,"This occupation involves highly specialized, high-risk physical work in mining or construction that requires real-time human judgment and safety compliance in unpredictable environments. AI cannot perform the physical handling of explosives or the on-site safety assessments required for this role.",
7543 Product graders and testers (excluding foods and beverages) (Level 4),7,7543-product-graders-and-testers-excluding-foods-and-beverages-level-4,7543,40200,wages_statfin,,Upper secondary,None,Vocational training,1276,2023,3,Stable,extras_csv,4,"This role involves physical inspection and testing of products, which requires sensory perception and manual handling that AI cannot currently replicate. While AI-powered computer vision systems are increasingly used for automated quality control, the role remains tied to physical production environments and human oversight.",
7543. Product graders and testers (excluding foods and beverages) (Level 5),7,7543-product-graders-and-testers-excluding-foods-and-beverages-level-5,7543.,40200,wages_statfin,,Upper secondary,None,Vocational training,1276,2023,3,Stable,extras_csv,4,"This role involves physical inspection and testing of products, which requires sensory perception and manual handling that AI cannot currently replicate. While AI-powered computer vision systems are increasingly used for automated quality control, the role remains tied to physical production environments and human oversight.",
7544 Fumigators and other pest and weed controllers (Level 4),7,7544-fumigators-and-other-pest-and-weed-controllers-level-4,7544,,,,Upper secondary,None,Vocational training,80,2023,4,Below average,extras_csv,1,"This occupation is almost entirely physical, requiring manual application of chemicals and on-site inspection of environments. Because the work involves navigating unpredictable physical spaces and performing hands-on labor, AI has virtually no impact on the core tasks.",
7544. Fumigators and other pest and weed controllers (Level 5),7,7544-fumigators-and-other-pest-and-weed-controllers-level-5,7544.,,,,Upper secondary,None,Vocational training,80,2023,4,Below average,extras_csv,1,"This occupation is almost entirely physical, requiring manual application of chemicals and on-site inspection of environments. Because the work involves navigating unpredictable physical spaces and performing hands-on labor, AI has virtually no impact on the core tasks.",
7549 Craft and related workers not elsewhere classified (Level 4),7,7549-craft-and-related-workers-not-elsewhere-classified-level-4,7549,36948,wages_statfin,,Upper secondary,None,Vocational training,46,2023,3,Stable,extras_csv,1,"This occupation involves specialized manual craft work that requires physical dexterity and tactile interaction with materials. Because the tasks are performed in a physical environment and lack a digital work product, AI has minimal potential to automate or reshape the core functions of the role.",
7549. Craft and related workers not elsewhere classified (Level 5),7,7549-craft-and-related-workers-not-elsewhere-classified-level-5,7549.,36948,wages_statfin,,Upper secondary,None,Vocational training,46,2023,3,Stable,extras_csv,1,"This occupation involves specialized manual craft work that requires physical dexterity and tactile interaction with materials. Because the tasks are performed in a physical environment and lack a digital work product, AI has minimal potential to automate or reshape the core functions of the role.",
"8  Plant and machine operators, and assemblers (Level 1)",8,8-plant-and-machine-operators-and-assemblers-level-1,8,40572,wages_statfin,,,,,190769,2023,,,,4,"This category covers a broad range of manual machine operation and assembly tasks that are largely physical and require human dexterity. While AI and robotics are increasingly integrated into industrial automation, the physical nature of the work and the need for human oversight in unpredictable factory environments provide a significant buffer against total automation.",
81 Stationary plant and machine operators (Level 2),8,81-stationary-plant-and-machine-operators-level-2,81,40224,wages_statfin,,,,,67404,2023,,,,3,"This occupation involves operating stationary machinery, which requires physical presence and manual oversight in a factory or industrial environment. While AI and automation can optimize machine performance and predictive maintenance, the core tasks remain physical and tied to the operation of hardware, limiting the direct impact of generative AI.",
811 Mining and mineral processing plant operators (Level 3),8,811-mining-and-mineral-processing-plant-operators-level-3,811,44592,wages_statfin,,,,,6203,2023,,,,3,"This occupation involves operating heavy machinery and monitoring physical mineral processing plants, which requires significant physical presence and real-time manual intervention. While AI can assist with predictive maintenance and process optimization, the core tasks are tied to the physical environment and cannot be automated by current AI systems.",
8111 Miners and quarriers (Level 4),8,8111-miners-and-quarriers-level-4,8111,50088,wages_statfin,,Upper secondary,None,Vocational training,1177,2023,3,Stable,extras_csv,1,"The work of miners and quarriers is almost entirely physical, involving the operation of heavy machinery and manual labor in unpredictable, hazardous underground environments. AI has minimal impact on the core physical tasks of extraction, as these require real-time human presence and physical dexterity that current robotics cannot replicate.",
8111. Miners and quarriers (Level 5),8,8111-miners-and-quarriers-level-5,8111.,50088,wages_statfin,,Upper secondary,None,Vocational training,1177,2023,3,Stable,extras_csv,1,"The work of miners and quarriers is almost entirely physical, involving the operation of heavy machinery and manual labor in unpredictable, hazardous underground environments. AI has minimal impact on the core physical tasks of extraction, as these require real-time human presence and physical dexterity that current robotics cannot replicate.",
8112 Mineral and stone processing plant operators (Level 4),8,8112-mineral-and-stone-processing-plant-operators-level-4,8112,49512,wages_statfin,,Upper secondary,None,Vocational training,1066,2023,4,Below average,extras_csv,2,"This occupation involves operating heavy machinery and processing physical materials in industrial environments, which requires significant manual skill and physical presence. AI exposure is limited to potential improvements in predictive maintenance or process monitoring, but the core tasks remain fundamentally physical and resistant to automation.",
8112. Mineral and stone processing plant operators (Level 5),8,8112-mineral-and-stone-processing-plant-operators-level-5,8112.,49512,wages_statfin,,Upper secondary,None,Vocational training,1066,2023,4,Below average,extras_csv,2,"This occupation involves operating heavy machinery and processing physical materials in industrial environments, which requires significant manual skill and physical presence. AI exposure is limited to potential improvements in predictive maintenance or process monitoring, but the core tasks remain fundamentally physical and resistant to automation.",
8113 Well drillers and borers and related workers (Level 4),8,8113-well-drillers-and-borers-and-related-workers-level-4,8113,50640,wages_statfin,,Upper secondary,None,Vocational training,1024,2023,3,Stable,extras_csv,1,"This occupation is almost entirely physical, involving the operation of heavy machinery and manual labor in unpredictable outdoor environments. AI has no capacity to perform the core tasks of drilling and boring, as these require physical presence and real-time mechanical adjustments.",
8113. Well drillers and borers and related workers (Level 5),8,8113-well-drillers-and-borers-and-related-workers-level-5,8113.,50640,wages_statfin,,Upper secondary,None,Vocational training,1024,2023,3,Stable,extras_csv,1,"This occupation is almost entirely physical, involving the operation of heavy machinery and manual labor in unpredictable outdoor environments. AI has no capacity to perform the core tasks of drilling and boring, as these require physical presence and real-time mechanical adjustments.",
"8114 Cement, stone and other mineral products machine operators (Level 4)",8,8114-cement-stone-and-other-mineral-products-machine-operators-level-4,8114,41808,wages_statfin,,Upper secondary,None,Vocational training,2936,2023,4,Below average,extras_csv,2,"This role involves operating heavy machinery in a physical, industrial environment, which creates a high barrier to automation. While AI may eventually assist with predictive maintenance or process optimization, the core tasks remain manual and physical.",
"8114. Cement, stone and other mineral products machine operators (Level 5)",8,8114-cement-stone-and-other-mineral-products-machine-operators-level-5,8114.,41808,wages_statfin,,Upper secondary,None,Vocational training,2936,2023,4,Below average,extras_csv,2,"This role involves operating heavy machinery in a physical, industrial environment, which creates a high barrier to automation. While AI may eventually assist with predictive maintenance or process optimization, the core tasks remain manual and physical.",
812 Metal processing and finishing plant operators (Level 3),8,812-metal-processing-and-finishing-plant-operators-level-3,812,41676,wages_statfin,,Upper secondary,None,Vocational training,4992,2023,3,Below average,extras_csv,2,"This role involves operating physical machinery and metal processing equipment, which requires manual dexterity and physical presence in an industrial environment. While AI may assist with monitoring systems or predictive maintenance, the core tasks are inherently physical and cannot be automated by current AI technology.",
812.  (Not more specifically classified) Metal processing and finishing plant operators (Level 4),8,812-not-more-specifically-classified-metal-processing-and-finishing-plant-operators-level-4,812.,,,,Upper secondary,None,Vocational training,0,2023,3,Below average,extras_csv,2,"This role involves operating physical machinery and metal processing equipment, which requires manual dexterity and physical presence in an industrial environment. While AI may assist with monitoring systems or predictive maintenance, the core tasks are inherently physical and cannot be automated by current AI technology.",
812.. (Not more specifically classified) Metal processing and finishing plant operators (Level 5),8,812-not-more-specifically-classified-metal-processing-and-finishing-plant-operators-level-5,812..,41676,wages_statfin,,Upper secondary,None,Vocational training,0,2023,3,Below average,extras_csv,2,"This role involves operating physical machinery and metal processing equipment, which requires manual dexterity and physical presence in an industrial environment. While AI may assist with monitoring systems or predictive maintenance, the core tasks are inherently physical and cannot be automated by current AI technology.",
8121 Metal processing plant operators (Level 4),8,8121-metal-processing-plant-operators-level-4,8121,43944,wages_statfin,,Upper secondary,None,Vocational training,3433,2023,3,Stable,extras_csv,3,"This role involves operating heavy machinery and monitoring physical production processes in a factory environment, which requires significant manual skill and physical presence. While AI can assist with predictive maintenance and process optimization, the core tasks of handling metal materials and overseeing physical equipment remain largely resistant to automation.",
8121. Metal processing plant operators (Level 5),8,8121-metal-processing-plant-operators-level-5,8121.,43944,wages_statfin,,Upper secondary,None,Vocational training,3433,2023,3,Stable,extras_csv,3,"This role involves operating heavy machinery and monitoring physical production processes in a factory environment, which requires significant manual skill and physical presence. While AI can assist with predictive maintenance and process optimization, the core tasks of handling metal materials and overseeing physical equipment remain largely resistant to automation.",
"8122 Metal finishing, plating and coating machine operators (Level 4)",8,8122-metal-finishing-plating-and-coating-machine-operators-level-4,8122,37788,wages_statfin,,Upper secondary,None,Vocational training,1559,2023,4,Below average,extras_csv,2,"This role involves operating physical machinery in a manufacturing environment, which requires manual dexterity and physical presence. While AI may assist in monitoring machine performance or optimizing workflows, the core tasks of metal finishing and coating are inherently physical and not easily automated by current AI systems.",
"8122. Metal finishing, plating and coating machine operators (Level 5)",8,8122-metal-finishing-plating-and-coating-machine-operators-level-5,8122.,37788,wages_statfin,,Upper secondary,None,Vocational training,1559,2023,4,Below average,extras_csv,2,"This role involves operating physical machinery in a manufacturing environment, which requires manual dexterity and physical presence. While AI may assist in monitoring machine performance or optimizing workflows, the core tasks of metal finishing and coating are inherently physical and not easily automated by current AI systems.",
813 Chemical and photographic products plant and machine operators (Level 3),8,813-chemical-and-photographic-products-plant-and-machine-operators-level-3,813,42828,wages_statfin,,Upper secondary,None,Vocational training,7117,2023,3,Below average,extras_csv,3,"This role involves operating physical machinery in a manufacturing environment, which requires manual dexterity and physical presence. While AI can optimize production scheduling or monitor sensor data for maintenance, it cannot replace the physical tasks of operating, monitoring, and maintaining the chemical and photographic equipment.",
813.  (Not more specifically classified) Chemical and photographic products plant and machine operators (Level 4),8,813-not-more-specifically-classified-chemical-and-photographic-products-plant-and-machine-operators-level-4,813.,,,,Upper secondary,None,Vocational training,0,2023,3,Below average,extras_csv,3,"This role involves operating physical machinery in a manufacturing environment, which requires manual dexterity and physical presence. While AI can optimize production scheduling or monitor sensor data for maintenance, it cannot replace the physical tasks of operating, monitoring, and maintaining the chemical and photographic equipment.",
813.. (Not more specifically classified) Chemical and photographic products plant and machine operators (Level 5),8,813-not-more-specifically-classified-chemical-and-photographic-products-plant-and-machine-operators-level-5,813..,42828,wages_statfin,,Upper secondary,None,Vocational training,0,2023,3,Below average,extras_csv,3,"This role involves operating physical machinery in a manufacturing environment, which requires manual dexterity and physical presence. While AI can optimize production scheduling or monitor sensor data for maintenance, it cannot replace the physical tasks of operating, monitoring, and maintaining the chemical and photographic equipment.",
8131 Chemical products plant and machine operators (Level 4),8,8131-chemical-products-plant-and-machine-operators-level-4,8131,43020,wages_statfin,,Upper secondary,None,Vocational training,7045,2023,3,Stable,extras_csv,3,"This role involves operating physical machinery in a manufacturing environment, which requires manual dexterity and physical presence. While AI can optimize production scheduling or monitor sensor data for maintenance, it cannot replace the physical tasks of operating, monitoring, and maintaining the chemical and photographic equipment.",
8131. Chemical products plant and machine operators (Level 5),8,8131-chemical-products-plant-and-machine-operators-level-5,8131.,43020,wages_statfin,,Upper secondary,None,Vocational training,7045,2023,3,Stable,extras_csv,3,"This role involves operating physical machinery in a manufacturing environment, which requires manual dexterity and physical presence. While AI can optimize production scheduling or monitor sensor data for maintenance, it cannot replace the physical tasks of operating, monitoring, and maintaining the chemical and photographic equipment.",
8132 Photographic products machine operators (Level 4),8,8132-photographic-products-machine-operators-level-4,8132,30396,wages_statfin,,Upper secondary,None,Vocational training,72,2023,4,Below average,extras_csv,7,"This role involves operating machinery for photographic processing, a field that has been almost entirely digitized and largely superseded by digital photography and automated cloud-based printing services. The core tasks are highly susceptible to further automation and declining demand due to the shift away from physical photographic products.",
8132. Photographic products machine operators (Level 5),8,8132-photographic-products-machine-operators-level-5,8132.,30396,wages_statfin,,Upper secondary,None,Vocational training,72,2023,4,Below average,extras_csv,7,"This role involves operating machinery for photographic processing, a field that has been almost entirely digitized and largely superseded by digital photography and automated cloud-based printing services. The core tasks are highly susceptible to further automation and declining demand due to the shift away from physical photographic products.",
"814 Rubber, plastic and paper products machine operators (Level 3)",8,814-rubber-plastic-and-paper-products-machine-operators-level-3,814,39840,wages_statfin,,,,,9056,2023,,,,3,"This role involves operating physical machinery in a manufacturing environment, which requires manual intervention, physical presence, and real-time monitoring of equipment. While AI can assist with predictive maintenance and process optimization, the core tasks remain physical and tied to the factory floor, limiting the scope for automation.",
8141 Rubber products machine operators (Level 4),8,8141-rubber-products-machine-operators-level-4,8141,48408,wages_statfin,,Upper secondary,None,Vocational training,1022,2023,3,Stable,extras_csv,3,"The work is primarily manual and physical, involving the operation of machinery to produce rubber products in a factory setting. While AI can assist with predictive maintenance or process optimization, the core tasks of machine operation and physical handling remain largely outside the scope of current AI capabilities.",
8141. Rubber products machine operators (Level 5),8,8141-rubber-products-machine-operators-level-5,8141.,48408,wages_statfin,,Upper secondary,None,Vocational training,1022,2023,3,Stable,extras_csv,3,"The work is primarily manual and physical, involving the operation of machinery to produce rubber products in a factory setting. While AI can assist with predictive maintenance or process optimization, the core tasks of machine operation and physical handling remain largely outside the scope of current AI capabilities.",
8142 Plastic products machine operators (Level 4),8,8142-plastic-products-machine-operators-level-4,8142,38052,wages_statfin,,Upper secondary,None,Vocational training,6488,2023,4,Below average,extras_csv,3,"The work is primarily physical and involves operating machinery in a manufacturing environment, which limits the direct impact of AI on core tasks. While AI may assist with predictive maintenance or process optimization, the physical nature of handling plastic materials and monitoring equipment requires human presence and manual intervention.",
8142. Plastic products machine operators (Level 5),8,8142-plastic-products-machine-operators-level-5,8142.,38052,wages_statfin,,Upper secondary,None,Vocational training,6488,2023,4,Below average,extras_csv,3,"The work is primarily physical and involves operating machinery in a manufacturing environment, which limits the direct impact of AI on core tasks. While AI may assist with predictive maintenance or process optimization, the physical nature of handling plastic materials and monitoring equipment requires human presence and manual intervention.",
8143 Paper products machine operators (Level 4),8,8143-paper-products-machine-operators-level-4,8143,47316,wages_statfin,,Upper secondary,None,Vocational training,1546,2023,3,Below average,extras_csv,3,"This role involves operating physical machinery in a manufacturing environment, which requires manual intervention, physical presence, and real-time monitoring of equipment. While AI can assist with predictive maintenance and process optimization, the core tasks remain physical and tied to the factory floor, limiting the scope for automation.",
8143. Paper products machine operators (Level 5),8,8143-paper-products-machine-operators-level-5,8143.,47316,wages_statfin,,Upper secondary,None,Vocational training,1546,2023,3,Below average,extras_csv,3,"This role involves operating physical machinery in a manufacturing environment, which requires manual intervention, physical presence, and real-time monitoring of equipment. While AI can assist with predictive maintenance and process optimization, the core tasks remain physical and tied to the factory floor, limiting the scope for automation.",
"815 Textile, fur and leather products machine operators (Level 3)",8,815-textile-fur-and-leather-products-machine-operators-level-3,815,29304,wages_statfin,,,,,5518,2023,,,,3,"This occupation involves operating machinery for textile and leather production, which is primarily a physical and manual task. While AI can assist with supply chain management or predictive maintenance of equipment, the core work of handling materials and overseeing physical production processes remains largely outside the scope of current AI automation.",
"8151 Fibre preparing, spinning and winding machine operators (Level 4)",8,8151-fibre-preparing-spinning-and-winding-machine-operators-level-4,8151,37920,wages_statfin,,Upper secondary,None,Vocational training,89,2023,3,Stable,extras_csv,3,"This role involves operating physical machinery in a manufacturing environment, which limits AI's direct impact on the core manual tasks. While AI may eventually assist with predictive maintenance or process optimization, the physical nature of the work provides a significant barrier to automation.",
"8151. Fibre preparing, spinning and winding machine operators (Level 5)",8,8151-fibre-preparing-spinning-and-winding-machine-operators-level-5,8151.,37920,wages_statfin,,Upper secondary,None,Vocational training,89,2023,3,Stable,extras_csv,3,"This role involves operating physical machinery in a manufacturing environment, which limits AI's direct impact on the core manual tasks. While AI may eventually assist with predictive maintenance or process optimization, the physical nature of the work provides a significant barrier to automation.",
8152 Weaving and knitting machine operators (Level 4),8,8152-weaving-and-knitting-machine-operators-level-4,8152,36792,wages_statfin,,Upper secondary,None,Vocational training,378,2023,4,Below average,extras_csv,3,"This role involves operating physical machinery in a manufacturing environment, which limits the direct impact of AI on the core manual tasks. While AI may assist with predictive maintenance or supply chain optimization, the physical nature of the work provides a significant barrier to automation.",
8152. Weaving and knitting machine operators (Level 5),8,8152-weaving-and-knitting-machine-operators-level-5,8152.,36792,wages_statfin,,Upper secondary,None,Vocational training,378,2023,4,Below average,extras_csv,3,"This role involves operating physical machinery in a manufacturing environment, which limits the direct impact of AI on the core manual tasks. While AI may assist with predictive maintenance or supply chain optimization, the physical nature of the work provides a significant barrier to automation.",
8153 Sewing machine operators (Level 4),8,8153-sewing-machine-operators-level-4,8153,28932,wages_statfin,,Upper secondary,None,Vocational training,1098,2023,3,Stable,extras_csv,2,"The work is primarily manual and physical, requiring dexterity and real-time interaction with textile materials that AI-driven robotics are not yet capable of handling efficiently. AI exposure is limited to peripheral tasks like inventory management or production scheduling, while the core sewing process remains largely human-dependent.",
8153. Sewing machine operators (Level 5),8,8153-sewing-machine-operators-level-5,8153.,28932,wages_statfin,,Upper secondary,None,Vocational training,1098,2023,3,Stable,extras_csv,2,"The work is primarily manual and physical, requiring dexterity and real-time interaction with textile materials that AI-driven robotics are not yet capable of handling efficiently. AI exposure is limited to peripheral tasks like inventory management or production scheduling, while the core sewing process remains largely human-dependent.",
"8154 Bleaching, dyeing and fabric cleaning machine operators (Level 4)",8,8154-bleaching-dyeing-and-fabric-cleaning-machine-operators-level-4,8154,,,,Upper secondary,None,Vocational training,54,2023,4,Below average,extras_csv,3,"This role involves operating physical machinery in a manufacturing or industrial environment, which limits the direct impact of AI on core tasks. AI may assist with minor peripheral functions like inventory management or predictive maintenance, but the physical nature of the work remains the primary requirement.",
"8154. Bleaching, dyeing and fabric cleaning machine operators (Level 5)",8,8154-bleaching-dyeing-and-fabric-cleaning-machine-operators-level-5,8154.,,,,Upper secondary,None,Vocational training,54,2023,4,Below average,extras_csv,3,"This role involves operating physical machinery in a manufacturing or industrial environment, which limits the direct impact of AI on core tasks. AI may assist with minor peripheral functions like inventory management or predictive maintenance, but the physical nature of the work remains the primary requirement.",
8155 Fur and leather preparing machine operators (Level 4),8,8155-fur-and-leather-preparing-machine-operators-level-4,8155,,,,Upper secondary,None,Vocational training,22,2023,3,Stable,extras_csv,2,"This occupation involves manual operation of machinery for processing physical materials, which requires physical presence and tactile interaction. AI exposure is limited to potential improvements in machine monitoring or scheduling, but the core tasks remain fundamentally manual and physical.",
8155. Fur and leather preparing machine operators (Level 5),8,8155-fur-and-leather-preparing-machine-operators-level-5,8155.,,,,Upper secondary,None,Vocational training,22,2023,3,Stable,extras_csv,2,"This occupation involves manual operation of machinery for processing physical materials, which requires physical presence and tactile interaction. AI exposure is limited to potential improvements in machine monitoring or scheduling, but the core tasks remain fundamentally manual and physical.",
8156 Shoemaking and related machine operators (Level 4),8,8156-shoemaking-and-related-machine-operators-level-4,8156,33084,wages_statfin,,Upper secondary,None,Vocational training,585,2023,4,Below average,extras_csv,2,"This role involves operating machinery in a physical manufacturing environment, which requires manual dexterity and physical presence. While AI may eventually assist in optimizing production workflows or predictive maintenance, the core tasks of shoemaking remain fundamentally tied to physical material handling and machine operation.",
8156. Shoemaking and related machine operators (Level 5),8,8156-shoemaking-and-related-machine-operators-level-5,8156.,33084,wages_statfin,,Upper secondary,None,Vocational training,585,2023,4,Below average,extras_csv,2,"This role involves operating machinery in a physical manufacturing environment, which requires manual dexterity and physical presence. While AI may eventually assist in optimizing production workflows or predictive maintenance, the core tasks of shoemaking remain fundamentally tied to physical material handling and machine operation.",
8157 Laundry machine operators (Level 4),8,8157-laundry-machine-operators-level-4,8157,28392,wages_statfin,,Upper secondary,None,Vocational training,3102,2023,3,Stable,extras_csv,2,"The role is primarily physical, involving the operation of machinery and the handling of textiles in a manual environment. While AI may assist in optimizing facility logistics or inventory management, the core tasks of loading, unloading, and maintaining physical laundry equipment remain largely resistant to automation.",
8157. Laundry machine operators (Level 5),8,8157-laundry-machine-operators-level-5,8157.,28392,wages_statfin,,Upper secondary,None,Vocational training,3102,2023,3,Stable,extras_csv,2,"The role is primarily physical, involving the operation of machinery and the handling of textiles in a manual environment. While AI may assist in optimizing facility logistics or inventory management, the core tasks of loading, unloading, and maintaining physical laundry equipment remain largely resistant to automation.",
"8159 Textile, fur and leather products machine operators not elsewhere classified (Level 4)",8,8159-textile-fur-and-leather-products-machine-operators-not-elsewhere-classified-level-4,8159,30960,wages_statfin,,Upper secondary,None,Vocational training,190,2023,3,Stable,extras_csv,3,"This role involves operating physical machinery in a manufacturing environment, which limits the direct impact of AI on core tasks. While AI may eventually assist in predictive maintenance or supply chain optimization, the physical manipulation of textiles and leather remains the primary requirement of the job.",
"8159. Textile, fur and leather products machine operators not elsewhere classified (Level 5)",8,8159-textile-fur-and-leather-products-machine-operators-not-elsewhere-classified-level-5,8159.,30960,wages_statfin,,Upper secondary,None,Vocational training,190,2023,3,Stable,extras_csv,3,"This role involves operating physical machinery in a manufacturing environment, which limits the direct impact of AI on core tasks. While AI may eventually assist in predictive maintenance or supply chain optimization, the physical manipulation of textiles and leather remains the primary requirement of the job.",
816 Food and related products machine operators (Level 3),8,816-food-and-related-products-machine-operators-level-3,816,37056,wages_statfin,,,,,14814,2023,,,,3,"This role involves operating physical machinery in a manufacturing environment, which requires manual dexterity and physical presence. While AI can optimize production scheduling or predictive maintenance, the core tasks of monitoring and operating physical food processing equipment remain largely resistant to automation.",
8160 Food and related products machine operators (Level 4),8,8160-food-and-related-products-machine-operators-level-4,8160,37056,wages_statfin,,Upper secondary,None,Vocational training,14814,2023,3,Below average,extras_csv,3,"This role involves operating physical machinery in a manufacturing environment, which requires manual dexterity and physical presence. While AI can optimize production scheduling or predictive maintenance, the core tasks of monitoring and operating physical food processing equipment remain largely resistant to automation.",
8160. Food and related products machine operators (Level 5),8,8160-food-and-related-products-machine-operators-level-5,8160.,37056,wages_statfin,,Upper secondary,None,Vocational training,14814,2023,3,Below average,extras_csv,3,"This role involves operating physical machinery in a manufacturing environment, which requires manual dexterity and physical presence. While AI can optimize production scheduling or predictive maintenance, the core tasks of monitoring and operating physical food processing equipment remain largely resistant to automation.",
817 Wood processing and papermaking plant operators (Level 3),8,817-wood-processing-and-papermaking-plant-operators-level-3,817,47580,wages_statfin,,,,,11372,2023,,,,3,"This role involves operating heavy machinery and monitoring physical production processes in a factory environment, which requires significant manual oversight and physical presence. While AI can assist with predictive maintenance and process optimization, the core tasks of handling materials and managing physical plant operations remain largely resistant to automation.",
8171 Pulp and papermaking plant operators (Level 4),8,8171-pulp-and-papermaking-plant-operators-level-4,8171,59676,wages_statfin,,Upper secondary,None,Vocational training,6230,2023,3,Stable,extras_csv,3,"This role involves operating heavy machinery in a physical industrial environment, which limits the direct impact of AI on core tasks. While AI can assist with process optimization, predictive maintenance, and monitoring, the physical nature of the work and the need for human oversight in a manufacturing setting keep exposure low.",
8171. Pulp and papermaking plant operators (Level 5),8,8171-pulp-and-papermaking-plant-operators-level-5,8171.,59676,wages_statfin,,Upper secondary,None,Vocational training,6230,2023,3,Stable,extras_csv,3,"This role involves operating heavy machinery in a physical industrial environment, which limits the direct impact of AI on core tasks. While AI can assist with process optimization, predictive maintenance, and monitoring, the physical nature of the work and the need for human oversight in a manufacturing setting keep exposure low.",
8172 Wood processing plant operators (Level 4),8,8172-wood-processing-plant-operators-level-4,8172,38328,wages_statfin,,Upper secondary,None,Vocational training,5142,2023,4,Below average,extras_csv,3,"The role involves operating machinery in a physical industrial environment, which limits the direct impact of AI on core tasks. While AI may assist in monitoring production efficiency or predictive maintenance, the physical nature of wood processing requires human presence and manual intervention.",
8172. Wood processing plant operators (Level 5),8,8172-wood-processing-plant-operators-level-5,8172.,38328,wages_statfin,,Upper secondary,None,Vocational training,5142,2023,4,Below average,extras_csv,3,"The role involves operating machinery in a physical industrial environment, which limits the direct impact of AI on core tasks. While AI may assist in monitoring production efficiency or predictive maintenance, the physical nature of wood processing requires human presence and manual intervention.",
818 Other stationary plant and machine operators (Level 3),8,818-other-stationary-plant-and-machine-operators-level-3,818,39264,wages_statfin,,,,,8332,2023,,,,3,"This role involves operating stationary machinery, which requires physical presence and manual oversight of industrial processes. While AI can assist with predictive maintenance and process optimization, the core tasks remain physical and tied to specific machinery, limiting the scope for automation.",
8181 Glass and ceramics plant operators (Level 4),8,8181-glass-and-ceramics-plant-operators-level-4,8181,39240,wages_statfin,,Upper secondary,None,Vocational training,1317,2023,4,Below average,extras_csv,2,"This role involves operating machinery in a physical manufacturing environment, which requires manual dexterity and real-time physical monitoring of production processes. While AI may eventually assist in predictive maintenance or process optimization, the core tasks are fundamentally tied to physical labor and equipment operation that cannot be automated by digital AI agents.",
8181. Glass and ceramics plant operators (Level 5),8,8181-glass-and-ceramics-plant-operators-level-5,8181.,39240,wages_statfin,,Upper secondary,None,Vocational training,1317,2023,4,Below average,extras_csv,2,"This role involves operating machinery in a physical manufacturing environment, which requires manual dexterity and real-time physical monitoring of production processes. While AI may eventually assist in predictive maintenance or process optimization, the core tasks are fundamentally tied to physical labor and equipment operation that cannot be automated by digital AI agents.",
8182 Steam engine and boiler operators (Level 4),8,8182-steam-engine-and-boiler-operators-level-4,8182,49104,wages_statfin,,Upper secondary,None,Vocational training,2027,2023,3,Stable,extras_csv,3,"This role involves monitoring and operating physical machinery in an industrial setting, which requires physical presence and manual intervention. While AI can assist with predictive maintenance and data-driven monitoring of boiler systems, the core tasks remain tied to physical infrastructure and real-time safety management.",
8182. (Not more specifically classified) Steam engine and boiler operators (Level 5),8,8182-not-more-specifically-classified-steam-engine-and-boiler-operators-level-5,8182.,49104,wages_statfin,,Upper secondary,None,Vocational training,0,2023,3,Stable,extras_csv,3,"The role involves monitoring and controlling physical machinery in industrial settings, which requires physical presence and real-time manual intervention. While AI can assist with predictive maintenance and data-driven optimization of boiler performance, the core tasks remain tied to physical infrastructure and safety-critical operations.",
81821 Power-production and waste treatment plant workers (Level 5),8,81821-power-production-and-waste-treatment-plant-workers-level-5,81821,50208,wages_statfin,,Upper secondary,None,Vocational training,1697,2023,3,Below average,extras_csv,3,"The work involves monitoring and operating physical machinery in industrial settings, which requires significant physical presence and manual intervention. While AI can assist with predictive maintenance and data analysis of plant performance, the core tasks of physical plant operation and safety management remain largely outside the scope of current AI automation.",
"81822 Other plant workers, etc. (Level 5)",8,81822-other-plant-workers-etc-level-5,81822,43404,wages_statfin,,Upper secondary,None,Vocational training,330,2023,3,Below average,extras_csv,3,"This occupation involves manual operation of machinery and plant equipment in a physical, industrial environment, which limits the direct impact of AI. While AI may eventually assist with predictive maintenance or process optimization, the core tasks remain heavily reliant on physical presence and manual control.",
"8183 Packing, bottling and labelling machine operators (Level 4)",8,8183-packing-bottling-and-labelling-machine-operators-level-4,8183,37176,wages_statfin,,Upper secondary,None,Vocational training,4071,2023,4,Below average,extras_csv,3,"The role involves operating physical machinery in a manufacturing or logistics environment, which requires manual intervention and physical presence. While AI and robotics can optimize workflows and predictive maintenance, the core task of handling and packing physical goods remains largely resistant to full automation by current AI models.",
"8183. Packing, bottling and labelling machine operators (Level 5)",8,8183-packing-bottling-and-labelling-machine-operators-level-5,8183.,37176,wages_statfin,,Upper secondary,None,Vocational training,4071,2023,4,Below average,extras_csv,3,"The role involves operating physical machinery in a manufacturing or logistics environment, which requires manual intervention and physical presence. While AI and robotics can optimize workflows and predictive maintenance, the core task of handling and packing physical goods remains largely resistant to full automation by current AI models.",
8189 Stationary plant and machine operators not elsewhere classified (Level 4),8,8189-stationary-plant-and-machine-operators-not-elsewhere-classified-level-4,8189,39192,wages_statfin,,Upper secondary,None,Vocational training,917,2023,4,Below average,extras_csv,3,"The role involves operating stationary machinery, which requires physical presence and manual oversight of equipment in a non-digital environment. While AI can assist with predictive maintenance and process optimization, the core tasks remain physical and tied to specific industrial hardware.",
8189. Stationary plant and machine operators not elsewhere classified (Level 5),8,8189-stationary-plant-and-machine-operators-not-elsewhere-classified-level-5,8189.,39192,wages_statfin,,Upper secondary,None,Vocational training,917,2023,4,Below average,extras_csv,3,"The role involves operating stationary machinery, which requires physical presence and manual oversight of equipment in a non-digital environment. While AI can assist with predictive maintenance and process optimization, the core tasks remain physical and tied to specific industrial hardware.",
82 Assemblers (Level 2),8,82-assemblers-level-2,82,35928,wages_statfin,,,,,23361,2023,,,,4,"This category covers a broad range of manual machine operation and assembly tasks that are largely physical and require human dexterity. While AI and robotics are increasingly integrated into industrial automation, the physical nature of the work and the need for human oversight in unpredictable factory environments provide a significant buffer against total automation.",
821 Assemblers (Level 3),8,821-assemblers-level-3,821,35928,wages_statfin,,,,,23361,2023,,,,4,"This category covers a broad range of manual machine operation and assembly tasks that are largely physical and require human dexterity. While AI and robotics are increasingly integrated into industrial automation, the physical nature of the work and the need for human oversight in unpredictable factory environments provide a significant buffer against total automation.",
8211 Mechanical machinery assemblers (Level 4),8,8211-mechanical-machinery-assemblers-level-4,8211,36972,wages_statfin,,Upper secondary,None,Vocational training,12173,2023,3,Stable,extras_csv,3,"The work is primarily manual and physical, involving the assembly of mechanical components in a factory setting, which limits AI's direct impact on core tasks. While AI may assist with supply chain management or quality control monitoring, the physical nature of the assembly process remains a significant barrier to automation.",
8211. Mechanical machinery assemblers (Level 5),8,8211-mechanical-machinery-assemblers-level-5,8211.,36972,wages_statfin,,Upper secondary,None,Vocational training,12173,2023,3,Stable,extras_csv,3,"The work is primarily manual and physical, involving the assembly of mechanical components in a factory setting, which limits AI's direct impact on core tasks. While AI may assist with supply chain management or quality control monitoring, the physical nature of the assembly process remains a significant barrier to automation.",
8212 Electrical and electronic equipment assemblers (Level 4),8,8212-electrical-and-electronic-equipment-assemblers-level-4,8212,35304,wages_statfin,,Upper secondary,None,Vocational training,7832,2023,4,Below average,extras_csv,4,"This role involves manual assembly tasks that require physical dexterity and precision, which are difficult for current robotics to replicate in unstructured environments. However, the occupation is moderately exposed because AI-driven computer vision and automation systems are increasingly being integrated into manufacturing lines to improve quality control and assembly efficiency.",
8212. Electrical and electronic equipment assemblers (Level 5),8,8212-electrical-and-electronic-equipment-assemblers-level-5,8212.,35304,wages_statfin,,Upper secondary,None,Vocational training,7832,2023,4,Below average,extras_csv,4,"This role involves manual assembly tasks that require physical dexterity and precision, which are difficult for current robotics to replicate in unstructured environments. However, the occupation is moderately exposed because AI-driven computer vision and automation systems are increasingly being integrated into manufacturing lines to improve quality control and assembly efficiency.",
8219 Assemblers not elsewhere classified (Level 4),8,8219-assemblers-not-elsewhere-classified-level-4,8219,34164,wages_statfin,,Upper secondary,None,Vocational training,3356,2023,3,Stable,extras_csv,3,"This role involves manual assembly tasks in a physical environment, which limits the direct impact of AI on core duties. While AI may assist with inventory management or process optimization, the physical nature of the work provides a significant barrier to automation.",
8219. Assemblers not elsewhere classified (Level 5),8,8219-assemblers-not-elsewhere-classified-level-5,8219.,34164,wages_statfin,,Upper secondary,None,Vocational training,3356,2023,3,Stable,extras_csv,3,"This role involves manual assembly tasks in a physical environment, which limits the direct impact of AI on core duties. While AI may assist with inventory management or process optimization, the physical nature of the work provides a significant barrier to automation.",
83 Drivers and mobile plant operators (Level 2),8,83-drivers-and-mobile-plant-operators-level-2,83,42228,wages_statfin,,Upper secondary,None,Vocational training,100004,2023,3,Below average,extras_csv,3,"The occupation involves physical operation of machinery and vehicles, which requires real-time human presence and physical navigation in unpredictable environments. While AI and automation are impacting logistics and vehicle autonomy, the core task remains physical, limiting AI's immediate ability to replace the human operator.",
83. (Not more specifically classified) Drivers and mobile plant operators (Level 3),8,83-not-more-specifically-classified-drivers-and-mobile-plant-operators-level-3,83.,,,,Upper secondary,None,Vocational training,25,2023,3,Below average,extras_csv,3,"The occupation involves physical operation of machinery and vehicles, which requires real-time human presence and physical navigation in unpredictable environments. While AI and automation are impacting logistics and vehicle autonomy, the core task remains physical, limiting AI's immediate ability to replace the human operator.",
83..  (Not more specifically classified) Drivers and mobile plant operators (Level 4),8,83-not-more-specifically-classified-drivers-and-mobile-plant-operators-level-4,83..,,,,Upper secondary,None,Vocational training,25,2023,3,Below average,extras_csv,3,"The occupation involves physical operation of machinery and vehicles, which requires real-time human presence and physical navigation in unpredictable environments. While AI and automation are impacting logistics and vehicle autonomy, the core task remains physical, limiting AI's immediate ability to replace the human operator.",
83... (Not more specifically classified) Drivers and mobile plant operators (Level 5),8,83-not-more-specifically-classified-drivers-and-mobile-plant-operators-level-5,83...,42228,wages_statfin,,Upper secondary,None,Vocational training,25,2023,3,Below average,extras_csv,3,"The occupation involves physical operation of machinery and vehicles, which requires real-time human presence and physical navigation in unpredictable environments. While AI and automation are impacting logistics and vehicle autonomy, the core task remains physical, limiting AI's immediate ability to replace the human operator.",
831 Locomotive engine drivers and related workers (Level 3),8,831-locomotive-engine-drivers-and-related-workers-level-3,831,58572,wages_statfin,,Upper secondary,None,Vocational training,2088,2023,3,Below average,extras_csv,3,"The role of a locomotive engine driver is primarily physical and safety-critical, requiring real-time human presence to monitor tracks and manage unpredictable environmental conditions. While AI and automated train control systems can assist with speed regulation and signaling, the core responsibility of ensuring safety and responding to physical emergencies remains a human-centric task.",
831.  (Not more specifically classified) Locomotive engine drivers and related workers (Level 4),8,831-not-more-specifically-classified-locomotive-engine-drivers-and-related-workers-level-4,831.,,,,Upper secondary,None,Vocational training,0,2023,3,Below average,extras_csv,3,"The role involves operating heavy machinery in a physical environment, which requires high levels of safety-critical human oversight and real-time decision-making. While AI and automation can assist with train control and scheduling, the core task of physical operation and emergency response remains heavily reliant on human presence.",
831.. (Not more specifically classified) Locomotive engine drivers and related workers (Level 5),8,831-not-more-specifically-classified-locomotive-engine-drivers-and-related-workers-level-5,831..,58572,wages_statfin,,Upper secondary,None,Vocational training,0,2023,3,Below average,extras_csv,3,"The role involves operating heavy machinery in a physical environment, which requires high levels of safety-critical human oversight and real-time decision-making. While AI and automation can assist with train control and scheduling, the core task of physical operation and emergency response remains heavily reliant on human presence.",
8311 Locomotive engine drivers (Level 4),8,8311-locomotive-engine-drivers-level-4,8311,,,,Upper secondary,None,Vocational training,1431,2023,3,Stable,extras_csv,3,"The role of a locomotive engine driver is primarily physical and safety-critical, requiring real-time human presence to monitor tracks and manage unpredictable environmental conditions. While AI and automated train control systems can assist with speed regulation and signaling, the core responsibility of ensuring safety and responding to physical emergencies remains a human-centric task.",
8311. Locomotive engine drivers (Level 5),8,8311-locomotive-engine-drivers-level-5,8311.,,,,Upper secondary,None,Vocational training,1431,2023,3,Stable,extras_csv,3,"The role of a locomotive engine driver is primarily physical and safety-critical, requiring real-time human presence to monitor tracks and manage unpredictable environmental conditions. While AI and automated train control systems can assist with speed regulation and signaling, the core responsibility of ensuring safety and responding to physical emergencies remains a human-centric task.",
"8312 Railway brake, signal and switch operators (Level 4)",8,8312-railway-brake-signal-and-switch-operators-level-4,8312,,,,Upper secondary,None,Vocational training,657,2023,4,Below average,extras_csv,3,"This role involves physical monitoring and manual operation of railway infrastructure, requiring real-time human presence and safety-critical judgment in a physical environment. While AI can assist with scheduling and predictive maintenance, the core tasks of signaling and switching remain heavily tied to physical safety protocols and operational oversight.",
"8312. Railway brake, signal and switch operators (Level 5)",8,8312-railway-brake-signal-and-switch-operators-level-5,8312.,,,,Upper secondary,None,Vocational training,657,2023,4,Below average,extras_csv,3,"This role involves physical monitoring and manual operation of railway infrastructure, requiring real-time human presence and safety-critical judgment in a physical environment. While AI can assist with scheduling and predictive maintenance, the core tasks of signaling and switching remain heavily tied to physical safety protocols and operational oversight.",
"832 Car, van and motorcycle drivers (Level 3)",8,832-car-van-and-motorcycle-drivers-level-3,832,33120,wages_statfin,,Upper secondary,None,Vocational training,18009,2023,3,Below average,extras_csv,3,"Driving is a physical task requiring real-time navigation and interaction with unpredictable environments, which limits AI's immediate impact on the core job. While autonomous vehicle technology poses a long-term threat, current AI exposure is limited to peripheral tasks like route optimization and fleet management.",
"832.  (Not more specifically classified) Car, van and motorcycle drivers (Level 4)",8,832-not-more-specifically-classified-car-van-and-motorcycle-drivers-level-4,832.,,,,Upper secondary,None,Vocational training,0,2023,3,Below average,extras_csv,3,"The core of this occupation involves physical operation of a vehicle in unpredictable, real-world environments, which remains a significant barrier to full automation. While AI and sensor technology are increasingly used for navigation and route optimization, the physical task of driving and the requirement for human presence for safety and cargo handling limit the overall impact.",
"832.. (Not more specifically classified) Car, van and motorcycle drivers (Level 5)",8,832-not-more-specifically-classified-car-van-and-motorcycle-drivers-level-5,832..,33120,wages_statfin,,Upper secondary,None,Vocational training,0,2023,3,Below average,extras_csv,3,"The core of this occupation involves physical operation of a vehicle in unpredictable, real-world environments, which remains a significant barrier to full automation. While AI and sensor technology are increasingly used for navigation and route optimization, the physical task of driving and the requirement for human presence for safety and cargo handling limit the overall impact.",
8321 Motorcycle drivers (Level 4),8,8321-motorcycle-drivers-level-4,8321,,,,Upper secondary,None,Vocational training,4,2023,3,Stable,extras_csv,3,"Driving is a physical task requiring real-time navigation and interaction with unpredictable environments, which limits AI's immediate impact on the core job. While autonomous vehicle technology poses a long-term threat, current AI exposure is limited to peripheral tasks like route optimization and fleet management.",
8321. Motorcycle drivers (Level 5),8,8321-motorcycle-drivers-level-5,8321.,,,,Upper secondary,None,Vocational training,4,2023,3,Stable,extras_csv,3,"Driving is a physical task requiring real-time navigation and interaction with unpredictable environments, which limits AI's immediate impact on the core job. While autonomous vehicle technology poses a long-term threat, current AI exposure is limited to peripheral tasks like route optimization and fleet management.",
"8322 Car, taxi and van drivers (Level 4)",8,8322-car-taxi-and-van-drivers-level-4,8322,,,,Upper secondary,None,Vocational training,18005,2023,4,Below average,extras_csv,3,"The core task of driving requires physical presence and real-time navigation in unpredictable environments, which presents a high barrier to full automation. While AI and autonomous systems are impacting the industry, the role remains largely physical and requires human oversight for safety and passenger interaction.",
"8322. Car, taxi and van drivers (Level 5)",8,8322-car-taxi-and-van-drivers-level-5,8322.,,,,Upper secondary,None,Vocational training,18005,2023,4,Below average,extras_csv,3,"The core task of driving requires physical presence and real-time navigation in unpredictable environments, which presents a high barrier to full automation. While AI and autonomous systems are impacting the industry, the role remains largely physical and requires human oversight for safety and passenger interaction.",
833 Heavy truck and bus drivers (Level 3),8,833-heavy-truck-and-bus-drivers-level-3,833,42444,wages_statfin,,,,,51662,2023,,,,3,"While the core task of driving is physical and requires real-time navigation of unpredictable environments, AI is increasingly integrated into logistics, route optimization, and driver assistance systems. However, the requirement for physical presence, vehicle maintenance, and complex real-world interaction keeps the overall exposure low.",
8331 Bus and tram drivers (Level 4),8,8331-bus-and-tram-drivers-level-4,8331,42036,wages_statfin,,Upper secondary,None,Vocational training,11005,2023,3,Stable,extras_csv,2,"The core tasks of this occupation involve operating heavy vehicles in complex, unpredictable physical environments, which requires significant manual skill and real-time human judgment. While AI may assist with route optimization or safety monitoring, the physical operation and responsibility for passenger safety remain inherently human-centric.",
8331. Bus and tram drivers (Level 5),8,8331-bus-and-tram-drivers-level-5,8331.,42036,wages_statfin,,Upper secondary,None,Vocational training,11005,2023,3,Stable,extras_csv,2,"The core tasks of this occupation involve operating heavy vehicles in complex, unpredictable physical environments, which requires significant manual skill and real-time human judgment. While AI may assist with route optimization or safety monitoring, the physical operation and responsibility for passenger safety remain inherently human-centric.",
8332 Heavy truck and lorry drivers (Level 4),8,8332-heavy-truck-and-lorry-drivers-level-4,8332,42588,wages_statfin,,Upper secondary,None,Vocational training,40657,2023,4,Below average,extras_csv,3,"The core of this occupation involves physical operation of heavy machinery in unpredictable, real-world environments, which remains a significant barrier to automation. While AI and autonomous systems may eventually impact long-haul logistics and route optimization, the physical and safety-critical aspects of driving require human presence for the foreseeable future.",
8332. Heavy truck and lorry drivers (Level 5),8,8332-heavy-truck-and-lorry-drivers-level-5,8332.,42588,wages_statfin,,Upper secondary,None,Vocational training,40657,2023,4,Below average,extras_csv,3,"The core of this occupation involves physical operation of heavy machinery in unpredictable, real-world environments, which remains a significant barrier to automation. While AI and autonomous systems may eventually impact long-haul logistics and route optimization, the physical and safety-critical aspects of driving require human presence for the foreseeable future.",
834 Mobile plant operators (Level 3),8,834-mobile-plant-operators-level-3,834,43452,wages_statfin,,,,,26908,2023,,,,3,"The occupation involves physical operation of machinery and vehicles, which requires real-time human presence and physical navigation in unpredictable environments. While AI and automation are impacting logistics and vehicle autonomy, the core task remains physical, limiting AI's immediate ability to replace the human operator.",
8341 Mobile farm and forestry plant operators (Level 4),8,8341-mobile-farm-and-forestry-plant-operators-level-4,8341,40764,wages_statfin,,Upper secondary,None,Vocational training,7723,2023,3,Stable,extras_csv,2,"This occupation involves operating heavy machinery in physical, outdoor environments, which requires significant manual skill and real-time physical interaction with unpredictable terrain. While AI may eventually assist with autonomous navigation or fleet management, the core tasks remain fundamentally physical and outside the reach of current generative AI.",
8341. Mobile farm and forestry plant operators (Level 5),8,8341-mobile-farm-and-forestry-plant-operators-level-5,8341.,40764,wages_statfin,,Upper secondary,None,Vocational training,7723,2023,3,Stable,extras_csv,2,"This occupation involves operating heavy machinery in physical, outdoor environments, which requires significant manual skill and real-time physical interaction with unpredictable terrain. While AI may eventually assist with autonomous navigation or fleet management, the core tasks remain fundamentally physical and outside the reach of current generative AI.",
8342 Earthmoving and related plant operators (Level 4),8,8342-earthmoving-and-related-plant-operators-level-4,8342,42612,wages_statfin,,Upper secondary,None,Vocational training,13584,2023,4,Below average,extras_csv,1,"This occupation involves operating heavy machinery in physical, unpredictable outdoor environments, which requires significant manual skill and real-time sensory perception. AI has minimal impact on these core tasks as they are fundamentally tied to physical interaction with the environment rather than digital information processing.",
8342. Earthmoving and related plant operators (Level 5),8,8342-earthmoving-and-related-plant-operators-level-5,8342.,42612,wages_statfin,,Upper secondary,None,Vocational training,13584,2023,4,Below average,extras_csv,1,"This occupation involves operating heavy machinery in physical, unpredictable outdoor environments, which requires significant manual skill and real-time sensory perception. AI has minimal impact on these core tasks as they are fundamentally tied to physical interaction with the environment rather than digital information processing.",
"8343 Crane, hoist and related plant operators (Level 4)",8,8343-crane-hoist-and-related-plant-operators-level-4,8343,50196,wages_statfin,,Upper secondary,None,Vocational training,1754,2023,3,Stable,extras_csv,1,"This occupation involves the physical operation of heavy machinery in unpredictable, real-world environments, requiring high levels of spatial awareness and manual dexterity. While AI may eventually assist in remote operation or safety monitoring, the core task remains fundamentally physical and outside the scope of current or near-future AI automation.",
"8343. Crane, hoist and related plant operators (Level 5)",8,8343-crane-hoist-and-related-plant-operators-level-5,8343.,50196,wages_statfin,,Upper secondary,None,Vocational training,1754,2023,3,Stable,extras_csv,1,"This occupation involves the physical operation of heavy machinery in unpredictable, real-world environments, requiring high levels of spatial awareness and manual dexterity. While AI may eventually assist in remote operation or safety monitoring, the core task remains fundamentally physical and outside the scope of current or near-future AI automation.",
8344 Lifting truck operators (Level 4),8,8344-lifting-truck-operators-level-4,8344,48876,wages_statfin,,Upper secondary,None,Vocational training,3847,2023,4,Below average,extras_csv,2,"The role of a lifting truck operator is primarily physical and requires real-time navigation of a dynamic, three-dimensional warehouse environment. While AI may eventually assist with automated warehouse management systems or autonomous vehicle navigation, the core task of operating heavy machinery in unpredictable physical spaces remains largely shielded from direct AI automation.",
8344. (Not more specifically classified) Lifting truck operators (Level 5),8,8344-not-more-specifically-classified-lifting-truck-operators-level-5,8344.,48876,wages_statfin,,Upper secondary,None,Vocational training,3,2023,4,Below average,extras_csv,2,"The role of a lifting truck operator is primarily physical and requires real-time navigation of a dynamic, three-dimensional warehouse environment. While AI may eventually assist with automated warehouse management systems or autonomous vehicle navigation, the core task of operating heavy machinery in unpredictable physical spaces remains largely shielded from direct AI automation.",
83441 Stevedores (Level 5),8,83441-stevedores-level-5,83441,57468,wages_statfin,,Upper secondary,None,Vocational training,1896,2023,3,Below average,extras_csv,2,"Stevedoring is a physically demanding role centered on the operation of heavy machinery and the manual handling of cargo in unpredictable port environments. While AI and automation may eventually assist with logistics planning or autonomous vehicle navigation, the core tasks require significant physical presence and real-time human judgment in a complex, non-digital setting.",
"83442 Lifting-truck operators, etc. (Level 5)",8,83442-lifting-truck-operators-etc-level-5,83442,42252,wages_statfin,,Upper secondary,None,Vocational training,1948,2023,3,Below average,extras_csv,3,"The role is primarily physical and requires real-time operation of machinery in a warehouse or industrial environment, which limits AI's direct impact on core tasks. While AI-driven warehouse management systems and autonomous mobile robots may eventually automate some navigation and logistics, the physical handling of goods remains a significant barrier.",
835 Ships' deck crews and related workers (Level 3),8,835-ships-deck-crews-and-related-workers-level-3,835,48780,wages_statfin,,,,,1312,2023,,,,2,"The work is predominantly physical, involving manual labor, maintenance, and operation of equipment on ships, which requires significant physical presence and dexterity. AI exposure is limited to potential improvements in navigation or maintenance scheduling, but the core tasks remain largely immune to automation.",
8350 Ships' deck crews and related workers (Level 4),8,8350-ships-deck-crews-and-related-workers-level-4,8350,48780,wages_statfin,,Upper secondary,None,Vocational training,1312,2023,3,Stable,extras_csv,2,"The work is predominantly physical, involving manual labor, maintenance, and operation of equipment on ships, which requires significant physical presence and dexterity. AI exposure is limited to potential improvements in navigation or maintenance scheduling, but the core tasks remain largely immune to automation.",
8350. Ships' deck crews and related workers (Level 5),8,8350-ships-deck-crews-and-related-workers-level-5,8350.,48780,wages_statfin,,Upper secondary,None,Vocational training,1312,2023,3,Stable,extras_csv,2,"The work is predominantly physical, involving manual labor, maintenance, and operation of equipment on ships, which requires significant physical presence and dexterity. AI exposure is limited to potential improvements in navigation or maintenance scheduling, but the core tasks remain largely immune to automation.",
9  Elementary occupations (Level 1),9,9-elementary-occupations-level-1,9,30480,wages_statfin,,,,,154973,2023,,,,5,"Elementary occupations are highly diverse, ranging from manual labor like cleaning and construction assistance to routine tasks like simple sorting or delivery. While physical tasks have low exposure, the routine, repetitive nature of many elementary roles makes them susceptible to automation through robotics and AI-driven logistics or sorting systems.",
91 Cleaners and helpers (Level 2),9,91-cleaners-and-helpers-level-2,91,28368,wages_statfin,,,,,71529,2023,,,,1,"Cleaning and helper roles are fundamentally physical and manual, requiring navigation of unpredictable, non-digital environments. AI lacks the robotics and dexterity required to perform these tasks, leaving the occupation with minimal exposure to automation.",
"911 Domestic, hotel and office cleaners and helpers (Level 3)",9,911-domestic-hotel-and-office-cleaners-and-helpers-level-3,911,28356,wages_statfin,,,,,70944,2023,,,,1,"This occupation involves manual, physical labor in unpredictable environments that requires high levels of dexterity and mobility. AI and robotics currently lack the sophistication and cost-effectiveness to perform these complex, non-routine physical cleaning tasks in diverse settings.",
9111 Domestic cleaners and helpers (Level 4),9,9111-domestic-cleaners-and-helpers-level-4,9111,24720,wages_statfin,,Basic education,None,On-the-job training,1096,2023,-5,Labor surplus,extras_csv,1,"This occupation involves manual, physical labor in unpredictable, non-digital environments that require human dexterity and mobility. AI and robotics currently lack the cost-effective capability to navigate complex, unstructured physical spaces to perform cleaning tasks.",
9111. Domestic cleaners and helpers (Level 5),9,9111-domestic-cleaners-and-helpers-level-5,9111.,24720,wages_statfin,,Basic education,None,On-the-job training,1096,2023,-5,Labor surplus,extras_csv,1,"This occupation involves manual, physical labor in unpredictable, non-digital environments that require human dexterity and mobility. AI and robotics currently lack the cost-effective capability to navigate complex, unstructured physical spaces to perform cleaning tasks.",
"9112 Cleaners and helpers in offices, hotels and other establishments (Level 4)",9,9112-cleaners-and-helpers-in-offices-hotels-and-other-establishments-level-4,9112,28380,wages_statfin,,Basic education,None,On-the-job training,69848,2023,-5,Labor surplus,extras_csv,1,"The work is almost entirely physical and requires manual dexterity to navigate unpredictable, real-world environments. AI lacks the robotic integration and cost-effectiveness to replace human cleaners in complex, non-standardized spaces.",
"91121 Office cleaners, etc. (Level 5)",9,91121-office-cleaners-etc-level-5,91121,27348,wages_statfin,,Basic education,None,On-the-job training,38598,2023,-5,Labor surplus,extras_csv,1,"The occupation involves manual, physical labor in unpredictable, real-world environments that require human dexterity and mobility. AI and robotics currently lack the cost-effectiveness and physical adaptability to replace human cleaners in diverse office settings.",
91122 Hotel cleaners (Level 5),9,91122-hotel-cleaners-level-5,91122,28776,wages_statfin,,Basic education,None,On-the-job training,1240,2023,-5,Labor surplus,extras_csv,1,"Hotel cleaning is a physically demanding job that requires manual dexterity and navigation of unpredictable, real-world environments. Because the core tasks are entirely physical and cannot be performed by digital AI systems, the occupation has minimal exposure to AI-driven automation.",
91123 Hospital and institutional helpers (Level 5),9,91123-hospital-and-institutional-helpers-level-5,91123,31356,wages_statfin,,Basic education,None,On-the-job training,21651,2023,-5,Labor surplus,extras_csv,2,"This role involves manual, physical tasks such as cleaning, sanitizing, and assisting with basic patient needs in a hospital environment. Because the work requires physical presence and real-time interaction with the physical environment, AI has minimal impact on the core duties.",
91124 Kindergarten assistants (Level 5),9,91124-kindergarten-assistants-level-5,91124,27096,wages_statfin,,Basic education,None,On-the-job training,5070,2023,-5,Labor surplus,extras_csv,1,"The role of a kindergarten assistant is fundamentally centered on physical presence, direct supervision, and emotional support for children, which cannot be automated by AI. While AI might assist with minor administrative tasks, the core of the job requires real-time human interaction and physical care in an unpredictable environment.",
91129 Other cleaners not elsewhere classified (Level 5),9,91129-other-cleaners-not-elsewhere-classified-level-5,91129,30156,wages_statfin,,Basic education,None,On-the-job training,3289,2023,-5,Labor surplus,extras_csv,1,"This occupation involves manual, physical labor in unpredictable environments that requires dexterity and mobility. AI and robotics currently lack the cost-effective capability to navigate complex, non-standardized physical spaces to perform general cleaning tasks.",
"912 Vehicle, window, laundry and other hand cleaning workers (Level 3)",9,912-vehicle-window-laundry-and-other-hand-cleaning-workers-level-3,912,30444,wages_statfin,,Basic education,None,On-the-job training,585,2023,-5,Labor surplus,extras_csv,1,"This occupation involves manual, physical labor that requires dexterity and presence in unpredictable, non-digital environments. AI lacks the physical embodiment and sensory capabilities required to perform these cleaning tasks, resulting in minimal exposure.",
"912.  (Not more specifically classified) Vehicle, window, laundry and other hand cleaning workers (Level 4)",9,912-not-more-specifically-classified-vehicle-window-laundry-and-other-hand-cleaning-workers-level-4,912.,,,,Basic education,None,On-the-job training,0,2023,-5,Labor surplus,extras_csv,1,"This occupation involves manual, physical labor that requires dexterity and presence in unpredictable, non-digital environments. AI lacks the physical embodiment and sensory capabilities required to perform these cleaning tasks, resulting in minimal exposure.",
"912.. (Not more specifically classified) Vehicle, window, laundry and other hand cleaning workers (Level 5)",9,912-not-more-specifically-classified-vehicle-window-laundry-and-other-hand-cleaning-workers-level-5,912..,30444,wages_statfin,,Basic education,None,On-the-job training,0,2023,-5,Labor surplus,extras_csv,1,"This occupation involves manual, physical labor that requires dexterity and presence in unpredictable, non-digital environments. AI lacks the physical embodiment and sensory capabilities required to perform these cleaning tasks, resulting in minimal exposure.",
9122 Vehicle cleaners (Level 4),9,9122-vehicle-cleaners-level-4,9122,30564,wages_statfin,,Basic education,None,On-the-job training,397,2023,-5,Labor surplus,extras_csv,1,"Vehicle cleaning is a manual, physical task that requires navigating complex, non-standardized physical environments. AI and robotics currently lack the dexterity and adaptability to perform these tasks effectively, leaving the occupation with minimal exposure.",
9122. Vehicle cleaners (Level 5),9,9122-vehicle-cleaners-level-5,9122.,30564,wages_statfin,,Basic education,None,On-the-job training,397,2023,-5,Labor surplus,extras_csv,1,"Vehicle cleaning is a manual, physical task that requires navigating complex, non-standardized physical environments. AI and robotics currently lack the dexterity and adaptability to perform these tasks effectively, leaving the occupation with minimal exposure.",
9123 Window cleaners (Level 4),9,9123-window-cleaners-level-4,9123,,,,Basic education,None,On-the-job training,40,2023,-5,Labor surplus,extras_csv,1,"Window cleaning is a physically demanding manual labor job that requires navigating complex, unpredictable physical environments and operating equipment at heights. There is no digital component to the core tasks, making it almost entirely immune to AI automation.",
9123. Window cleaners (Level 5),9,9123-window-cleaners-level-5,9123.,,,,Basic education,None,On-the-job training,40,2023,-5,Labor surplus,extras_csv,1,"Window cleaning is a physically demanding manual labor job that requires navigating complex, unpredictable physical environments and operating equipment at heights. There is no digital component to the core tasks, making it almost entirely immune to AI automation.",
9129 Other cleaning workers (Level 4),9,9129-other-cleaning-workers-level-4,9129,,,,Basic education,None,On-the-job training,148,2023,-5,Labor surplus,extras_csv,1,"This occupation involves manual, physical labor in unpredictable environments that requires human dexterity and mobility. AI and robotics currently lack the cost-effective capability to perform these varied, non-routine physical cleaning tasks in diverse settings.",
9129. Other cleaning workers (Level 5),9,9129-other-cleaning-workers-level-5,9129.,,,,Basic education,None,On-the-job training,148,2023,-5,Labor surplus,extras_csv,1,"This occupation involves manual, physical labor in unpredictable environments that requires human dexterity and mobility. AI and robotics currently lack the cost-effective capability to perform these varied, non-routine physical cleaning tasks in diverse settings.",
"92 Agricultural, forestry and fishery labourers (Level 2)",9,92-agricultural-forestry-and-fishery-labourers-level-2,92,25344,wages_statfin,,,,,1187,2023,,,,1,"This occupation involves manual, physical labor in outdoor environments that are highly unpredictable and require complex motor skills. AI has minimal impact on these core tasks as they lack a digital work product and rely on physical presence and interaction with natural elements.",
"921 Agricultural, forestry and fishery labourers (Level 3)",9,921-agricultural-forestry-and-fishery-labourers-level-3,921,25344,wages_statfin,,Basic education,None,On-the-job training,1187,2023,-5,Labor surplus,extras_csv,1,"This occupation involves manual, physical labor in outdoor environments that are highly unpredictable and require complex motor skills. AI has minimal impact on these core tasks as they lack a digital work product and rely on physical presence and interaction with natural elements.",
"921.  (Not more specifically classified) Agricultural, forestry and fishery labourers (Level 4)",9,921-not-more-specifically-classified-agricultural-forestry-and-fishery-labourers-level-4,921.,,,,Basic education,None,On-the-job training,0,2023,-5,Labor surplus,extras_csv,1,"The work is almost entirely physical and manual, requiring interaction with unpredictable natural environments that AI cannot currently navigate. While AI-driven robotics or drones may eventually assist in specific agricultural tasks, the core nature of this labor remains largely immune to digital automation.",
"921.. (Not more specifically classified) Agricultural, forestry and fishery labourers (Level 5)",9,921-not-more-specifically-classified-agricultural-forestry-and-fishery-labourers-level-5,921..,25344,wages_statfin,,Basic education,None,On-the-job training,0,2023,-5,Labor surplus,extras_csv,1,"The work is almost entirely physical and manual, requiring interaction with unpredictable natural environments that AI cannot currently navigate. While AI-driven robotics or drones may eventually assist in specific agricultural tasks, the core nature of this labor remains largely immune to digital automation.",
9211 Crop farm labourers (Level 4),9,9211-crop-farm-labourers-level-4,9211,24000,wages_statfin,,Basic education,None,On-the-job training,571,2023,-6,Declining significantly,extras_csv,1,"This occupation involves manual, physical labor in agricultural settings that requires dexterity and real-time interaction with unpredictable biological environments. AI has minimal impact on these core tasks, as current robotics technology is not yet capable of replacing the complex, varied physical movements required for general crop farm labor.",
9211. Crop farm labourers (Level 5),9,9211-crop-farm-labourers-level-5,9211.,24000,wages_statfin,,Basic education,None,On-the-job training,571,2023,-6,Declining significantly,extras_csv,1,"This occupation involves manual, physical labor in agricultural settings that requires dexterity and real-time interaction with unpredictable biological environments. AI has minimal impact on these core tasks, as current robotics technology is not yet capable of replacing the complex, varied physical movements required for general crop farm labor.",
9212 Livestock farm labourers (Level 4),9,9212-livestock-farm-labourers-level-4,9212,,,,Basic education,None,On-the-job training,22,2023,-5,Labor surplus,extras_csv,1,"The work is predominantly physical and hands-on, requiring direct interaction with animals and the farm environment. While AI may assist in monitoring systems or automated feeding, the core tasks remain manual and physical, leaving the occupation with minimal exposure to AI-driven automation.",
9212. Livestock farm labourers (Level 5),9,9212-livestock-farm-labourers-level-5,9212.,,,,Basic education,None,On-the-job training,22,2023,-5,Labor surplus,extras_csv,1,"The work is predominantly physical and hands-on, requiring direct interaction with animals and the farm environment. While AI may assist in monitoring systems or automated feeding, the core tasks remain manual and physical, leaving the occupation with minimal exposure to AI-driven automation.",
9213 Mixed crop and livestock farm labourers (Level 4),9,9213-mixed-crop-and-livestock-farm-labourers-level-4,9213,25860,wages_statfin,,Basic education,None,On-the-job training,11,2023,-5,Labor surplus,extras_csv,1,"This role involves manual, physical labor in unpredictable outdoor environments, which is largely immune to current AI capabilities. While AI may eventually assist in precision agriculture or automated machinery, the core tasks remain fundamentally physical and hands-on.",
9213. Mixed crop and livestock farm labourers (Level 5),9,9213-mixed-crop-and-livestock-farm-labourers-level-5,9213.,25860,wages_statfin,,Basic education,None,On-the-job training,11,2023,-5,Labor surplus,extras_csv,1,"This role involves manual, physical labor in unpredictable outdoor environments, which is largely immune to current AI capabilities. While AI may eventually assist in precision agriculture or automated machinery, the core tasks remain fundamentally physical and hands-on.",
9214 Garden and horticultural labourers (Level 4),9,9214-garden-and-horticultural-labourers-level-4,9214,25308,wages_statfin,,Basic education,None,On-the-job training,265,2023,-5,Labor surplus,extras_csv,1,"This occupation is almost entirely physical and manual, requiring direct interaction with plants, soil, and outdoor environments. AI has no capacity to perform these labor-intensive tasks, and the role lacks a digital component that could be automated.",
9214. Garden and horticultural labourers (Level 5),9,9214-garden-and-horticultural-labourers-level-5,9214.,25308,wages_statfin,,Basic education,None,On-the-job training,265,2023,-5,Labor surplus,extras_csv,1,"This occupation is almost entirely physical and manual, requiring direct interaction with plants, soil, and outdoor environments. AI has no capacity to perform these labor-intensive tasks, and the role lacks a digital component that could be automated.",
9215 Forestry labourers (Level 4),9,9215-forestry-labourers-level-4,9215,32004,wages_statfin,,Basic education,None,On-the-job training,314,2023,-5,Labor surplus,extras_csv,1,"Forestry labor is a physically demanding, manual occupation performed in outdoor, unpredictable environments that require human dexterity and judgment. AI has no capacity to perform the core physical tasks of this role, resulting in minimal exposure.",
9215. Forestry labourers (Level 5),9,9215-forestry-labourers-level-5,9215.,32004,wages_statfin,,Basic education,None,On-the-job training,314,2023,-5,Labor surplus,extras_csv,1,"Forestry labor is a physically demanding, manual occupation performed in outdoor, unpredictable environments that require human dexterity and judgment. AI has no capacity to perform the core physical tasks of this role, resulting in minimal exposure.",
9216 Fishery and aquaculture labourers (Level 4),9,9216-fishery-and-aquaculture-labourers-level-4,9216,,,,Basic education,None,On-the-job training,4,2023,-5,Labor surplus,extras_csv,1,"This occupation involves manual, physical labor in outdoor or aquatic environments that cannot be automated by digital AI systems. While AI might assist with fleet management or environmental monitoring, the core tasks of handling fish and maintaining equipment remain entirely physical.",
9216. Fishery and aquaculture labourers (Level 5),9,9216-fishery-and-aquaculture-labourers-level-5,9216.,,,,Basic education,None,On-the-job training,4,2023,-5,Labor surplus,extras_csv,1,"This occupation involves manual, physical labor in outdoor or aquatic environments that cannot be automated by digital AI systems. While AI might assist with fleet management or environmental monitoring, the core tasks of handling fish and maintaining equipment remain entirely physical.",
"93 Labourers in mining, construction, manufacturing and transport (Level 2)",9,93-labourers-in-mining-construction-manufacturing-and-transport-level-2,93,35580,wages_statfin,,,,,49626,2023,,,,2,"This occupation consists primarily of manual, physical labor in environments that are highly unpredictable and require significant dexterity. While AI may eventually assist with logistics or scheduling, the core tasks of physical handling, construction, and transport remain largely shielded from automation due to the complexity of the physical world.",
931 Mining and construction labourers (Level 3),9,931-mining-and-construction-labourers-level-3,931,38460,wages_statfin,,Basic education,None,On-the-job training,7548,2023,-5,Labor surplus,extras_csv,2,"This occupation consists primarily of manual, physical labor in environments that are highly unpredictable and require significant dexterity. While AI may eventually assist with logistics or scheduling, the core tasks of physical handling, construction, and transport remain largely shielded from automation due to the complexity of the physical world.",
931.  (Not more specifically classified) Mining and construction labourers (Level 4),9,931-not-more-specifically-classified-mining-and-construction-labourers-level-4,931.,,,,Basic education,None,On-the-job training,0,2023,-5,Labor surplus,extras_csv,1,"This occupation involves heavy manual labor and physical tasks in unpredictable construction or mining environments, which are largely immune to current AI capabilities. AI may assist with logistical planning or safety monitoring, but the core work remains entirely physical.",
931.. (Not more specifically classified) Mining and construction labourers (Level 5),9,931-not-more-specifically-classified-mining-and-construction-labourers-level-5,931..,38460,wages_statfin,,Basic education,None,On-the-job training,0,2023,-5,Labor surplus,extras_csv,1,"This occupation involves heavy manual labor and physical tasks in unpredictable construction or mining environments, which are largely immune to current AI capabilities. AI may assist with logistical planning or safety monitoring, but the core work remains entirely physical.",
9311 Mining and quarrying labourers (Level 4),9,9311-mining-and-quarrying-labourers-level-4,9311,,,,Basic education,None,On-the-job training,4,2023,-6,Declining significantly,extras_csv,1,"The work is almost entirely physical and manual, taking place in hazardous, unpredictable environments that require human dexterity and physical presence. AI has no capacity to perform the core tasks of this occupation, as it lacks the physical embodiment required for mining and quarrying activities.",
9311. Mining and quarrying labourers (Level 5),9,9311-mining-and-quarrying-labourers-level-5,9311.,,,,Basic education,None,On-the-job training,4,2023,-6,Declining significantly,extras_csv,1,"The work is almost entirely physical and manual, taking place in hazardous, unpredictable environments that require human dexterity and physical presence. AI has no capacity to perform the core tasks of this occupation, as it lacks the physical embodiment required for mining and quarrying activities.",
9312 Civil engineering labourers (Level 4),9,9312-civil-engineering-labourers-level-4,9312,40608,wages_statfin,,Basic education,None,On-the-job training,4568,2023,-5,Labor surplus,extras_csv,1,"This occupation involves manual, physical labor on construction sites, which requires high levels of dexterity and real-time interaction with unpredictable physical environments. AI has virtually no capacity to automate these core manual tasks, as they are outside the digital domain.",
9312. Civil engineering labourers (Level 5),9,9312-civil-engineering-labourers-level-5,9312.,40608,wages_statfin,,Basic education,None,On-the-job training,4568,2023,-5,Labor surplus,extras_csv,1,"This occupation involves manual, physical labor on construction sites, which requires high levels of dexterity and real-time interaction with unpredictable physical environments. AI has virtually no capacity to automate these core manual tasks, as they are outside the digital domain.",
9313 Building construction labourers (Level 4),9,9313-building-construction-labourers-level-4,9313,,,,Basic education,None,On-the-job training,2976,2023,-6,Declining significantly,extras_csv,1,"This occupation is almost entirely physical and manual, requiring on-site presence and dexterity to perform construction tasks. AI has no capability to replace the physical labor, navigation of unpredictable construction sites, or manual handling required for this role.",
9313. Building construction labourers (Level 5),9,9313-building-construction-labourers-level-5,9313.,,,,Basic education,None,On-the-job training,2976,2023,-6,Declining significantly,extras_csv,1,"This occupation is almost entirely physical and manual, requiring on-site presence and dexterity to perform construction tasks. AI has no capability to replace the physical labor, navigation of unpredictable construction sites, or manual handling required for this role.",
932 Manufacturing labourers (Level 3),9,932-manufacturing-labourers-level-3,932,38028,wages_statfin,,Basic education,None,On-the-job training,2320,2023,-5,Labor surplus,extras_csv,3,"Manufacturing labourers perform primarily physical, manual tasks in factory environments that are difficult to automate with current AI software. While AI may indirectly influence the industry through robotics and process optimization, the core nature of the job remains physical and resistant to direct digital automation.",
932.  (Not more specifically classified) Manufacturing labourers (Level 4),9,932-not-more-specifically-classified-manufacturing-labourers-level-4,932.,,,,Basic education,None,On-the-job training,0,2023,-5,Labor surplus,extras_csv,3,"Manufacturing labourers perform primarily physical, manual tasks that require dexterity and real-time interaction with physical objects in a factory setting. While AI and robotics may eventually automate specific repetitive motions, the core nature of the work remains physical and currently lacks the digital interface required for high AI exposure.",
932.. (Not more specifically classified) Manufacturing labourers (Level 5),9,932-not-more-specifically-classified-manufacturing-labourers-level-5,932..,38028,wages_statfin,,Basic education,None,On-the-job training,0,2023,-5,Labor surplus,extras_csv,3,"Manufacturing labourers perform primarily physical, manual tasks that require dexterity and real-time interaction with physical objects in a factory setting. While AI and robotics may eventually automate specific repetitive motions, the core nature of the work remains physical and currently lacks the digital interface required for high AI exposure.",
9321 Hand packers (Level 4),9,9321-hand-packers-level-4,9321,31884,wages_statfin,,Basic education,None,On-the-job training,439,2023,-5,Labor surplus,extras_csv,2,"The work is primarily manual and physical, involving the packing of goods by hand, which is difficult for current AI to replicate in unstructured environments. While some automation in logistics may occur, the core tasks remain largely outside the scope of AI-driven digital transformation.",
9321. Hand packers (Level 5),9,9321-hand-packers-level-5,9321.,31884,wages_statfin,,Basic education,None,On-the-job training,439,2023,-5,Labor surplus,extras_csv,2,"The work is primarily manual and physical, involving the packing of goods by hand, which is difficult for current AI to replicate in unstructured environments. While some automation in logistics may occur, the core tasks remain largely outside the scope of AI-driven digital transformation.",
9329 Manufacturing labourers not elsewhere classified (Level 4),9,9329-manufacturing-labourers-not-elsewhere-classified-level-4,9329,39792,wages_statfin,,Basic education,None,On-the-job training,1881,2023,-5,Labor surplus,extras_csv,2,"This role involves manual, physical labor in manufacturing environments that is difficult to automate with current AI technology. While robotics may impact the sector, the specific tasks of a general labourer are largely physical and lack the digital information-processing components that AI targets.",
9329. Manufacturing labourers not elsewhere classified (Level 5),9,9329-manufacturing-labourers-not-elsewhere-classified-level-5,9329.,39792,wages_statfin,,Basic education,None,On-the-job training,1881,2023,-5,Labor surplus,extras_csv,2,"This role involves manual, physical labor in manufacturing environments that is difficult to automate with current AI technology. While robotics may impact the sector, the specific tasks of a general labourer are largely physical and lack the digital information-processing components that AI targets.",
933 Transport and storage labourers (Level 3),9,933-transport-and-storage-labourers-level-3,933,34836,wages_statfin,,,,,39758,2023,,,,2,"This occupation involves manual labor and physical tasks related to loading, unloading, and moving goods, which are difficult for current AI to replicate. While AI may optimize logistics and scheduling, the core physical requirements of the job remain largely unaffected by digital automation.",
9331 Hand and pedal vehicle drivers (Level 4),9,9331-hand-and-pedal-vehicle-drivers-level-4,9331,,,,Basic education,None,On-the-job training,0,2023,-5,Labor surplus,extras_csv,1,"This occupation involves physical labor and the operation of vehicles in real-world environments, which are outside the scope of current AI capabilities. The work is fundamentally manual and requires physical presence and navigation in unpredictable physical spaces, leaving it with minimal exposure to AI automation.",
9331. Hand and pedal vehicle drivers (Level 4),9,9331-hand-and-pedal-vehicle-drivers-level-4,9331.,,,,Basic education,None,On-the-job training,0,2023,-5,Labor surplus,extras_csv,1,"This occupation involves physical labor and the operation of vehicles in real-world environments, which are outside the scope of current AI capabilities. The work is fundamentally manual and requires physical presence and navigation in unpredictable physical spaces, leaving it with minimal exposure to AI automation.",
9332 Drivers of animal-drawn vehicles and machinery (Level 4),9,9332-drivers-of-animal-drawn-vehicles-and-machinery-level-4,9332,,,,Basic education,None,On-the-job training,12,2023,-5,Labor surplus,extras_csv,1,"This occupation involves physical operation of machinery or animal-drawn vehicles in outdoor or unpredictable environments, which requires significant manual skill and physical presence. AI has minimal impact on these core tasks as they do not involve digital information processing.",
9332. Drivers of animal-drawn vehicles and machinery (Level 5),9,9332-drivers-of-animal-drawn-vehicles-and-machinery-level-5,9332.,,,,Basic education,None,On-the-job training,12,2023,-5,Labor surplus,extras_csv,1,"This occupation involves physical operation of machinery or animal-drawn vehicles in outdoor or unpredictable environments, which requires significant manual skill and physical presence. AI has minimal impact on these core tasks as they do not involve digital information processing.",
9333 Freight handlers (Level 4),9,9333-freight-handlers-level-4,9333,34896,wages_statfin,,Basic education,None,On-the-job training,38943,2023,-6,Declining significantly,extras_csv,3,"Freight handling is primarily a physical, manual labor occupation involving the movement of goods, which remains difficult for AI to automate in unstructured environments. While AI and robotics may eventually assist with warehouse logistics and inventory management, the core task of physical handling requires human dexterity and presence.",
9333. Freight handlers (Level 5),9,9333-freight-handlers-level-5,9333.,34896,wages_statfin,,Basic education,None,On-the-job training,38943,2023,-6,Declining significantly,extras_csv,3,"Freight handling is primarily a physical, manual labor occupation involving the movement of goods, which remains difficult for AI to automate in unstructured environments. While AI and robotics may eventually assist with warehouse logistics and inventory management, the core task of physical handling requires human dexterity and presence.",
9334 Shelf fillers (Level 4),9,9334-shelf-fillers-level-4,9334,30708,wages_statfin,,Basic education,None,On-the-job training,803,2023,-5,Labor surplus,extras_csv,1,"The role of a shelf filler is almost entirely physical, requiring manual labor to stock products in a retail environment. AI has no capacity to perform these physical tasks, and the job lacks a digital component that could be automated.",
9334. Shelf fillers (Level 5),9,9334-shelf-fillers-level-5,9334.,30708,wages_statfin,,Basic education,None,On-the-job training,803,2023,-5,Labor surplus,extras_csv,1,"The role of a shelf filler is almost entirely physical, requiring manual labor to stock products in a retail environment. AI has no capacity to perform these physical tasks, and the job lacks a digital component that could be automated.",
94 Food preparation assistants (Level 2),9,94-food-preparation-assistants-level-2,94,28704,wages_statfin,,,,,24800,2023,,,,2,"Food preparation assistants perform manual, physical tasks in a kitchen environment that require dexterity and real-time coordination. While AI can assist with inventory management or scheduling, the core work of food preparation remains inherently physical and resistant to automation.",
941 Food preparation assistants (Level 3),9,941-food-preparation-assistants-level-3,941,28704,wages_statfin,,,,,24800,2023,,,,2,"Food preparation assistants perform manual, physical tasks in a kitchen environment that require dexterity and real-time coordination. While AI can assist with inventory management or scheduling, the core work of food preparation remains inherently physical and resistant to automation.",
9411 Fast food preparers (Level 4),9,9411-fast-food-preparers-level-4,9411,27768,wages_statfin,,Basic education,None,On-the-job training,6876,2023,-6,Declining significantly,extras_csv,3,"The role is primarily physical and manual, involving food preparation and service in a real-time, unpredictable environment. While AI-driven automation in kiosks and robotic food preparation is emerging, the core tasks still require significant physical presence and human interaction that remain difficult to fully automate.",
9411. Fast food preparers (Level 5),9,9411-fast-food-preparers-level-5,9411.,27768,wages_statfin,,Basic education,None,On-the-job training,6876,2023,-6,Declining significantly,extras_csv,3,"The role is primarily physical and manual, involving food preparation and service in a real-time, unpredictable environment. While AI-driven automation in kiosks and robotic food preparation is emerging, the core tasks still require significant physical presence and human interaction that remain difficult to fully automate.",
9412 Kitchen helpers (Level 4),9,9412-kitchen-helpers-level-4,9412,28800,wages_statfin,,Basic education,None,On-the-job training,17924,2023,-5,Labor surplus,extras_csv,1,"Kitchen helpers perform manual, physical tasks in a dynamic, unpredictable environment that requires real-time coordination and physical dexterity. These tasks are largely immune to current and near-future AI capabilities, as they rely on human presence and physical interaction with food and equipment.",
9412. Kitchen helpers (Level 5),9,9412-kitchen-helpers-level-5,9412.,28800,wages_statfin,,Basic education,None,On-the-job training,17924,2023,-5,Labor surplus,extras_csv,1,"Kitchen helpers perform manual, physical tasks in a dynamic, unpredictable environment that requires real-time coordination and physical dexterity. These tasks are largely immune to current and near-future AI capabilities, as they rely on human presence and physical interaction with food and equipment.",
95 Street and related sales and service workers (Level 2),9,95-street-and-related-sales-and-service-workers-level-2,95,34020,wages_statfin,,Basic education,None,On-the-job training,1142,2023,-5,Labor surplus,extras_csv,3,"This occupation involves physical, face-to-face service and sales tasks that require human presence and interaction in unpredictable environments. While AI may assist with minor administrative or scheduling tasks, the core of the work remains manual and interpersonal, providing a natural barrier to automation.",
95. (Not more specifically classified) Street and related sales and service workers (Level 3),9,95-not-more-specifically-classified-street-and-related-sales-and-service-workers-level-3,95.,,,,Basic education,None,On-the-job training,0,2023,-5,Labor surplus,extras_csv,3,"This occupation involves physical, real-time interaction with customers in public spaces, which is difficult for AI to replicate. While AI might assist with basic inventory or scheduling tasks, the core of the work relies on human presence and physical sales activities.",
95..  (Not more specifically classified) Street and related sales and service workers (Level 4),9,95-not-more-specifically-classified-street-and-related-sales-and-service-workers-level-4,95..,,,,Basic education,None,On-the-job training,0,2023,-5,Labor surplus,extras_csv,3,"This occupation involves physical, real-time interaction with customers in public spaces, which is difficult for AI to replicate. While AI might assist with basic inventory or scheduling tasks, the core of the work relies on human presence and physical sales activities.",
95... (Not more specifically classified) Street and related sales and service workers (Level 5),9,95-not-more-specifically-classified-street-and-related-sales-and-service-workers-level-5,95...,34020,wages_statfin,,Basic education,None,On-the-job training,0,2023,-5,Labor surplus,extras_csv,3,"This occupation involves physical, real-time interaction with customers in public spaces, which is difficult for AI to replicate. While AI might assist with basic inventory or scheduling tasks, the core of the work relies on human presence and physical sales activities.",
951 Street and related service workers (Level 3),9,951-street-and-related-service-workers-level-3,951,,,,,,,1122,2023,,,,3,"This occupation involves physical, face-to-face service and sales tasks that require human presence and interaction in unpredictable environments. While AI may assist with minor administrative or scheduling tasks, the core of the work remains manual and interpersonal, providing a natural barrier to automation.",
9510 Street and related service workers (Level 4),9,9510-street-and-related-service-workers-level-4,9510,,,,Basic education,None,On-the-job training,1122,2023,-5,Labor surplus,extras_csv,3,"This occupation involves physical, face-to-face service and sales tasks that require human presence and interaction in unpredictable environments. While AI may assist with minor administrative or scheduling tasks, the core of the work remains manual and interpersonal, providing a natural barrier to automation.",
9510. Street and related service workers (Level 5),9,9510-street-and-related-service-workers-level-5,9510.,,,,Basic education,None,On-the-job training,1122,2023,-5,Labor surplus,extras_csv,3,"This occupation involves physical, face-to-face service and sales tasks that require human presence and interaction in unpredictable environments. While AI may assist with minor administrative or scheduling tasks, the core of the work remains manual and interpersonal, providing a natural barrier to automation.",
952 Street vendors (excluding food) (Level 3),9,952-street-vendors-excluding-food-level-3,952,,,,,,,20,2023,,,,1,"This occupation relies entirely on physical presence, manual interaction, and face-to-face sales in unpredictable outdoor environments. AI has no capacity to perform the core tasks of street vending, as the job requires human physical labor and real-time interpersonal engagement.",
9520 Street vendors (excluding food) (Level 4),9,9520-street-vendors-excluding-food-level-4,9520,,,,Basic education,None,On-the-job training,20,2023,-6,Declining significantly,extras_csv,1,"This occupation relies entirely on physical presence, manual interaction, and face-to-face sales in unpredictable outdoor environments. AI has no capacity to perform the core tasks of street vending, as the job requires human physical labor and real-time interpersonal engagement.",
9520. Street vendors (excluding food) (Level 5),9,9520-street-vendors-excluding-food-level-5,9520.,,,,Basic education,None,On-the-job training,20,2023,-6,Declining significantly,extras_csv,1,"This occupation relies entirely on physical presence, manual interaction, and face-to-face sales in unpredictable outdoor environments. AI has no capacity to perform the core tasks of street vending, as the job requires human physical labor and real-time interpersonal engagement.",
96 Refuse workers and other elementary workers (Level 2),9,96-refuse-workers-and-other-elementary-workers-level-2,96,32400,wages_statfin,,,,,6689,2023,,,,1,The work of refuse collectors and elementary laborers is almost entirely physical and requires manual interaction with the environment. AI lacks the robotics and sensory capabilities to replace the core physical tasks of this occupation in the foreseeable future.,
961 Refuse workers (Level 3),9,961-refuse-workers-level-3,961,35700,wages_statfin,,Basic education,None,On-the-job training,1836,2023,-5,Labor surplus,extras_csv,1,The work of refuse collectors and elementary laborers is almost entirely physical and requires manual interaction with the environment. AI lacks the robotics and sensory capabilities to replace the core physical tasks of this occupation in the foreseeable future.,
961.  (Not more specifically classified) Refuse workers (Level 4),9,961-not-more-specifically-classified-refuse-workers-level-4,961.,,,,Basic education,None,On-the-job training,0,2023,-5,Labor surplus,extras_csv,1,"Refuse collection is a physically demanding job that requires manual labor and navigation of unpredictable, real-world environments. AI has no capacity to perform the core physical tasks of lifting, loading, and operating heavy machinery in this context.",
961.. (Not more specifically classified) Refuse workers (Level 5),9,961-not-more-specifically-classified-refuse-workers-level-5,961..,35700,wages_statfin,,Basic education,None,On-the-job training,0,2023,-5,Labor surplus,extras_csv,1,"Refuse collection is a physically demanding job that requires manual labor and navigation of unpredictable, real-world environments. AI has no capacity to perform the core physical tasks of lifting, loading, and operating heavy machinery in this context.",
9611 Garbage and recycling collectors (Level 4),9,9611-garbage-and-recycling-collectors-level-4,9611,37212,wages_statfin,,Basic education,None,On-the-job training,504,2023,-5,Labor surplus,extras_csv,1,"The work is almost entirely physical, requiring manual labor and navigation of the physical environment to collect waste. AI has no capacity to perform the core physical tasks of this occupation, and there is minimal digital information processing involved.",
9611. Garbage and recycling collectors (Level 5),9,9611-garbage-and-recycling-collectors-level-5,9611.,37212,wages_statfin,,Basic education,None,On-the-job training,504,2023,-5,Labor surplus,extras_csv,1,"The work is almost entirely physical, requiring manual labor and navigation of the physical environment to collect waste. AI has no capacity to perform the core physical tasks of this occupation, and there is minimal digital information processing involved.",
9612 Refuse sorters (Level 4),9,9612-refuse-sorters-level-4,9612,34668,wages_statfin,,Basic education,None,On-the-job training,1219,2023,-6,Declining significantly,extras_csv,2,"Refuse sorting is a physically demanding, manual task performed in a non-digital environment. While AI-powered robotic sorting systems are increasingly being integrated into waste management facilities, the core nature of the job remains physical and manual, limiting AI's direct impact on the individual worker's daily tasks.",
9612. Refuse sorters (Level 5),9,9612-refuse-sorters-level-5,9612.,34668,wages_statfin,,Basic education,None,On-the-job training,1219,2023,-6,Declining significantly,extras_csv,2,"Refuse sorting is a physically demanding, manual task performed in a non-digital environment. While AI-powered robotic sorting systems are increasingly being integrated into waste management facilities, the core nature of the job remains physical and manual, limiting AI's direct impact on the individual worker's daily tasks.",
9613 Sweepers and related labourers (Level 4),9,9613-sweepers-and-related-labourers-level-4,9613,28656,wages_statfin,,Basic education,None,On-the-job training,113,2023,-5,Labor surplus,extras_csv,1,"This occupation involves manual labor and physical tasks in unpredictable outdoor or indoor environments that require human dexterity and mobility. AI has no capacity to perform these physical cleaning and sweeping duties, making the exposure to automation minimal.",
9613. Sweepers and related labourers (Level 5),9,9613-sweepers-and-related-labourers-level-5,9613.,28656,wages_statfin,,Basic education,None,On-the-job training,113,2023,-5,Labor surplus,extras_csv,1,"This occupation involves manual labor and physical tasks in unpredictable outdoor or indoor environments that require human dexterity and mobility. AI has no capacity to perform these physical cleaning and sweeping duties, making the exposure to automation minimal.",
962 Other elementary workers (Level 3),9,962-other-elementary-workers-level-3,962,30648,wages_statfin,,,,,4853,2023,,,,1,The work of refuse collectors and elementary laborers is almost entirely physical and requires manual interaction with the environment. AI lacks the robotics and sensory capabilities to replace the core physical tasks of this occupation in the foreseeable future.,
"9621 Messengers, package deliverers and luggage porters (Level 4)",9,9621-messengers-package-deliverers-and-luggage-porters-level-4,9621,32388,wages_statfin,,Basic education,None,On-the-job training,2916,2023,-5,Labor surplus,extras_csv,2,"The core tasks of this occupation involve physical movement, navigation, and the manual handling of goods in the real world. While AI and automation may optimize routing and logistics, the physical delivery process remains largely resistant to AI replacement.",
"9621. Messengers, package deliverers and luggage porters (Level 5)",9,9621-messengers-package-deliverers-and-luggage-porters-level-5,9621.,32388,wages_statfin,,Basic education,None,On-the-job training,2916,2023,-5,Labor surplus,extras_csv,2,"The core tasks of this occupation involve physical movement, navigation, and the manual handling of goods in the real world. While AI and automation may optimize routing and logistics, the physical delivery process remains largely resistant to AI replacement.",
9622 Odd job persons (Level 4),9,9622-odd-job-persons-level-4,9622,27516,wages_statfin,,Basic education,None,On-the-job training,264,2023,-6,Declining significantly,extras_csv,1,"This occupation involves manual, physical tasks performed in unpredictable, real-world environments that require dexterity and physical presence. Because the work is non-digital and relies on hands-on labor, it is largely immune to automation by current and near-future AI systems.",
9622. Odd job persons (Level 5),9,9622-odd-job-persons-level-5,9622.,27516,wages_statfin,,Basic education,None,On-the-job training,264,2023,-6,Declining significantly,extras_csv,1,"This occupation involves manual, physical tasks performed in unpredictable, real-world environments that require dexterity and physical presence. Because the work is non-digital and relies on hands-on labor, it is largely immune to automation by current and near-future AI systems.",
9623 Meter readers and vending-machine collectors (Level 4),9,9623-meter-readers-and-vending-machine-collectors-level-4,9623,29112,wages_statfin,,Basic education,None,On-the-job training,88,2023,-5,Labor surplus,extras_csv,2,"The core tasks of this occupation involve physical travel to locations to collect data or replenish machines, which requires physical presence and manual interaction. While digital automation of meter reading is reducing the need for human intervention, the role itself remains primarily physical rather than knowledge-based.",
9623. Meter readers and vending-machine collectors (Level 5),9,9623-meter-readers-and-vending-machine-collectors-level-5,9623.,29112,wages_statfin,,Basic education,None,On-the-job training,88,2023,-5,Labor surplus,extras_csv,2,"The core tasks of this occupation involve physical travel to locations to collect data or replenish machines, which requires physical presence and manual interaction. While digital automation of meter reading is reducing the need for human intervention, the role itself remains primarily physical rather than knowledge-based.",
9624 Water and firewood collectors (Level 4),9,9624-water-and-firewood-collectors-level-4,9624,,,,Basic education,None,On-the-job training,0,2023,-5,Labor surplus,extras_csv,0,"This occupation involves manual, physical labor in outdoor environments that cannot be digitized or automated by AI. The work requires physical presence and manual effort, placing it entirely outside the scope of AI-driven digital transformation.",
9624. Water and firewood collectors (Level 5),9,9624-water-and-firewood-collectors-level-5,9624.,,,,Basic education,None,On-the-job training,0,2023,-5,Labor surplus,extras_csv,0,"This occupation involves manual, physical labor in outdoor environments that cannot be digitized or automated by AI. The work requires physical presence and manual effort, placing it entirely outside the scope of AI-driven digital transformation.",
9629 Elementary workers not elsewhere classified (Level 4),9,9629-elementary-workers-not-elsewhere-classified-level-4,9629,31596,wages_statfin,,Basic education,None,On-the-job training,1585,2023,-6,Declining significantly,extras_csv,3,"This occupation involves manual, routine tasks that are primarily physical and lack a digital work product. While some tasks may be automated by robotics or physical process improvements, the role is largely shielded from generative AI due to its reliance on physical presence and manual labor.",
9629. Elementary workers not elsewhere classified (Level 5),9,9629-elementary-workers-not-elsewhere-classified-level-5,9629.,31596,wages_statfin,,Basic education,None,On-the-job training,1585,2023,-6,Declining significantly,extras_csv,3,"This occupation involves manual, routine tasks that are primarily physical and lack a digital work product. While some tasks may be automated by robotics or physical process improvements, the role is largely shielded from generative AI due to its reliance on physical presence and manual labor.",
